[INFO] Scanning for projects...
[INFO] 
[INFO] ---------------------< MrYodaAPINew:MrYodaAPINew >----------------------
[INFO] Building MrYodaAPINew 0.0.1-SNAPSHOT
[INFO]   from pom.xml
[INFO] --------------------------------[ jar ]---------------------------------
[INFO] 
[INFO] --- resources:3.3.1:resources (default-resources) @ MrYodaAPINew ---
[INFO] skip non existing resourceDirectory C:\Users\RANJITH\Pictures\MrYodaAPINew\src\main\resources
[INFO] 
[INFO] --- compiler:3.11.0:compile (default-compile) @ MrYodaAPINew ---
[INFO] Nothing to compile - all classes are up to date
[INFO] 
[INFO] --- resources:3.3.1:testResources (default-testResources) @ MrYodaAPINew ---
[INFO] Copying 1 resource from src\test\resources to target\test-classes
[INFO] 
[INFO] --- compiler:3.11.0:testCompile (default-testCompile) @ MrYodaAPINew ---
[INFO] Nothing to compile - all classes are up to date
[INFO] 
[INFO] --- surefire:3.1.2:test (default-test) @ MrYodaAPINew ---
[INFO] Using auto detected provider org.apache.maven.surefire.testng.TestNGProvider
[INFO] 
[INFO] -------------------------------------------------------
[INFO]  T E S T S
[INFO] -------------------------------------------------------
[INFO] Running TestSuite
...
... TestNG 7.8.0 by Cédric Beust (cedric@beust.com)
...


==========================================================
            MEMBER LOGIN TEST (Paid Member)
==========================================================

==================================================
========== TOKEN GENERATION START (MEMBER) ==========
==================================================
Request method:	POST
Request URI:	https://dev-api-yodadiagnostics.yodaprojects.com/otps/getOtp
Proxy:			<none>
Request params:	<none>
Query params:	<none>
Form params:	<none>
Path params:	<none>
Headers:		Accept=*/*
				Content-Type=application/json
Cookies:		<none>
Multiparts:		<none>
Body:
{
    "country_code": "+91",
    "mobile": "9003730394"
}

--- ? PERFORMANCE STATS ---
   Method  : POST
   Endpoint: /otps/getOtp
   Time    : ? 654 ms
----------------------------

Request method:	POST
Request URI:	https://dev-api-yodadiagnostics.yodaprojects.com/otps/getOtp
Proxy:			<none>
Request params:	<none>
Query params:	<none>
Form params:	<none>
Path params:	<none>
Headers:		Accept=*/*
				Content-Type=application/json
Cookies:		<none>
Multiparts:		<none>
Body:
{
    "country_code": "+91",
    "mobile": "9003730394",
    "otp": "123456"
}

--- ? PERFORMANCE STATS ---
   Method  : POST
   Endpoint: /otps/getOtp
   Time    : ? 280 ms
----------------------------

Token generated for MEMBER: eyJhbGciOiJIUzI1NiIsInR5cCI6IkpXVCJ9.eyJ1c2VyR3VpZCI6IjZhN2IwMjE0LWI1ZjAtNGU5Yi1iNmM0LWNkNjEyMzg5OGVkMyIsIm1vYmlsZSI6IjkwMDM3MzAzOTQiLCJmaXJzdF9uYW1lIjoiUmFuaml0aCIsImxhc3RfbmFtZSI6Ikt1bWFyIiwiZW1haWwiOiIiLCJyb2xlIjoidXNlcl9vbmx5IiwiaWF0IjoxNzY3NzA1MDExLCJleHAiOjE3ODM0OTEyNTF9.TF6FPlah2YNzQYCGL_OVKRuFFZAJ1o5jcop8rONtWms
? MEMBER LOGIN SUCCESS
   Token: eyJhbGciOiJIUzI1NiIsInR5cCI6IkpXVCJ9.eyJ1c2VyR3VpZCI6IjZhN2IwMjE0LWI1ZjAtNGU5Yi1iNmM0LWNkNjEyMzg5OGVkMyIsIm1vYmlsZSI6IjkwMDM3MzAzOTQiLCJmaXJzdF9uYW1lIjoiUmFuaml0aCIsImxhc3RfbmFtZSI6Ikt1bWFyIiwiZW1haWwiOiIiLCJyb2xlIjoidXNlcl9vbmx5IiwiaWF0IjoxNzY3NzA1MDExLCJleHAiOjE3ODM0OTEyNTF9.TF6FPlah2YNzQYCGL_OVKRuFFZAJ1o5jcop8rONtWms
   Mobile: 9003730394 (Member Benefits Enabled)
   Stored in: RequestContext.getMemberToken()
   First Name: Ranjith
   Last Name: Kumar
   User ID: 6a7b0214-b5f0-4e9b-b6c4-cd6123898ed3

>>> STEP 1: DETAILED FLOW - LOGIN & SETUP <<<
   Test Configuration User Type: member
   Using MEMBER credentials.
? Token found from context.
? Setup Complete for User: 6a7b0214-b5f0-4e9b-b6c4-cd6123898ed3

===== LOCATION API — MEMBER =====
Request method:	POST
Request URI:	https://dev-api-yodadiagnostics.yodaprojects.com/tests/getlocations
Proxy:			<none>
Request params:	<none>
Query params:	<none>
Form params:	<none>
Path params:	<none>
Headers:		Authorization=eyJhbGciOiJIUzI1NiIsInR5cCI6IkpXVCJ9.eyJ1c2VyR3VpZCI6IjZhN2IwMjE0LWI1ZjAtNGU5Yi1iNmM0LWNkNjEyMzg5OGVkMyIsIm1vYmlsZSI6IjkwMDM3MzAzOTQiLCJmaXJzdF9uYW1lIjoiUmFuaml0aCIsImxhc3RfbmFtZSI6Ikt1bWFyIiwiZW1haWwiOiIiLCJyb2xlIjoidXNlcl9vbmx5IiwiaWF0IjoxNzY3NzA1MDExLCJleHAiOjE3ODM0OTEyNTF9.TF6FPlah2YNzQYCGL_OVKRuFFZAJ1o5jcop8rONtWms
				Accept=*/*
				Content-Type=application/x-www-form-urlencoded; charset=ISO-8859-1
Cookies:		<none>
Multiparts:		<none>
Body:			<none>

--- ? PERFORMANCE STATS ---
   Method  : POST
   Endpoint: /tests/getlocations
   Time    : ? 141 ms
----------------------------


? Total Locations Found: 6
   Location: Ameerpet (HQ) | City: Hyderabad | State: Telangana | Status: ACTIVE | ID: 64870066842708a0d5ae6c77
   ? Coordinates: Lat=17.4358447, Long=78.452737
? Stored: Ameerpet (HQ) ? ID: 64870066842708a0d5ae6c77 | City: Hyderabad | State: Telangana | Coordinates: (17.4358447, 78.452737)
   Location: Guntur | City: Guntur | State: Andhra Pradesh | Status: ACTIVE | ID: 64870066842708a0d5ae6c74
   ? Coordinates: Lat=16.2992859, Long=80.4515523
? Stored: Guntur ? ID: 64870066842708a0d5ae6c74 | City: Guntur | State: Andhra Pradesh | Coordinates: (16.2992859, 80.4515523)
   Location: Khammam | City: Khammam | State: Telangana | Status: ACTIVE | ID: 68ecce703d573db19b650c76
   ? Coordinates: Lat=17.248727, Long=80.1668882
? Stored: Khammam ? ID: 68ecce703d573db19b650c76 | City: Khammam | State: Telangana | Coordinates: (17.248727, 80.1668882)
   Location: Madhapur | City: Hyderabad | State: Telangana | Status: ACTIVE | ID: 676a5fa720093d2807af03a5
   ? Coordinates: Lat=17.4406327, Long=78.3900194
? Stored: Madhapur ? ID: 676a5fa720093d2807af03a5 | City: Hyderabad | State: Telangana | Coordinates: (17.4406327, 78.3900194)
   Location: Tirupati | City: Tirupati | State: Andhra Pradesh | Status: ACTIVE | ID: 64870066842708a0d5ae6c75
   ? Coordinates: Lat=13.6350832, Long=79.42642049999999
? Stored: Tirupati ? ID: 64870066842708a0d5ae6c75 | City: Tirupati | State: Andhra Pradesh | Coordinates: (13.6350832, 79.42642049999999)
   Location: Visakhapatnam | City: Visakhapatnam | State: Andhra Pradesh | Status: ACTIVE | ID: 67346a7655a51ec8ef586bb1
   ? Coordinates: Lat=17.7087874, Long=83.3106882
? Stored: Visakhapatnam ? ID: 67346a7655a51ec8ef586bb1 | City: Visakhapatnam | State: Andhra Pradesh | Coordinates: (17.7087874, 83.3106882)

? Critical Location 'Madhapur' found and stored: 676a5fa720093d2807af03a5
   ? Madhapur Coordinates: Lat=17.4406327, Long=78.3900194
   This location will be used in GlobalSearch and AddToCart APIs

? Locations stored for reuse in next APIs


===== BRAND API — MEMBER =====

?? FETCHING ALL BRANDS...
Request method:	GET
Request URI:	https://dev-api-yodamembership.yodaprojects.com/brand/getAllBrands
Proxy:			<none>
Request params:	<none>
Query params:	<none>
Form params:	<none>
Path params:	<none>
Headers:		Accept=*/*
Cookies:		<none>
Multiparts:		<none>
Body:			<none>

--- ? PERFORMANCE STATS ---
   Method  : GET
   Endpoint: https://dev-api-yodamembership.yodaprojects.com/brand/getAllBrands
   Time    : ? 302 ms
----------------------------

?? API Failed with status: 404
?? Using HARDCODED Brand ID for 'Diagnostics'
Running Global Search as part of MEMBER flow...

==========================================================
         GLOBAL SEARCH API TEST - COMPLETE FLOW
==========================================================
? DEBUG ? STORED LOCATIONS: {Tirupati=64870066842708a0d5ae6c75, Visakhapatnam=67346a7655a51ec8ef586bb1, Khammam=68ecce703d573db19b650c76, Madhapur=676a5fa720093d2807af03a5, Ameerpet (HQ)=64870066842708a0d5ae6c77, Guntur=64870066842708a0d5ae6c74}

? STEP 1: Validating Location from Previous API (LocationAPI)
   ? Location 'Madhapur' validated from LocationAPI: 676a5fa720093d2807af03a5
   ? This location will be used for Global Search

??  IMPORTANT: We are NOT searching for CBC!
   If CBC appears in results, it's a bug in the search logic.

? Tests to Search: RANDOM BLOOD GLUCOSE (RBS)
? Total Tests: 1

? SEARCHING FOR 1 TESTS
? LOCATION: Madhapur ? 676a5fa720093d2807af03a5

? Searching: RANDOM BLOOD GLUCOSE (RBS)

   ? Attempt 1/5
   Search String: "RANDOM BLOOD GLUCOSE (RBS)"
Request method:	POST
Request URI:	https://dev-api-yodadiagnostics.yodaprojects.com/tests/adminTests
Proxy:			<none>
Request params:	<none>
Query params:	<none>
Form params:	<none>
Path params:	<none>
Headers:		Authorization=Bearer eyJhbGciOiJIUzI1NiIsInR5cCI6IkpXVCJ9.eyJ1c2VyR3VpZCI6IjZhN2IwMjE0LWI1ZjAtNGU5Yi1iNmM0LWNkNjEyMzg5OGVkMyIsIm1vYmlsZSI6IjkwMDM3MzAzOTQiLCJmaXJzdF9uYW1lIjoiUmFuaml0aCIsImxhc3RfbmFtZSI6Ikt1bWFyIiwiZW1haWwiOiIiLCJyb2xlIjoidXNlcl9vbmx5IiwiaWF0IjoxNzY3NzA1MDExLCJleHAiOjE3ODM0OTEyNTF9.TF6FPlah2YNzQYCGL_OVKRuFFZAJ1o5jcop8rONtWms
				Accept=*/*
				Content-Type=application/json
Cookies:		<none>
Multiparts:		<none>
Body:
{
    "limit": 50,
    "location": "676a5fa720093d2807af03a5",
    "page": 1,
    "sort_by": "Type",
    "search_string": "RANDOM BLOOD GLUCOSE (RBS)"
}

--- ? PERFORMANCE STATS ---
   Method  : POST
   Endpoint: tests/adminTests
   Time    : ? 1003 ms
----------------------------

   ? API returned 1 results

   ? DEBUG - ALL RESULTS for search "RANDOM BLOOD GLUCOSE (RBS)":
      Result 1:
         test_name: RANDOM BLOOD GLUCOSE (RBS)
         _id: 675921110856fe1e1e992cf8
         test_id: BIO274
         slug: random-blood-glucose-rbs
         Type: diagnostics

   ? EXACT MATCH FOUND: RANDOM BLOOD GLUCOSE (RBS)
      Test ID: BIO274
      Product ID: 675921110856fe1e1e992cf8
      ? SUCCESS with search variation: "RANDOM BLOOD GLUCOSE (RBS)"

? ========================================
   TOTAL TESTS FOUND: 1 / 1
   ========================================
Request method:	POST
Request URI:	https://dev-api-yodadiagnostics.yodaprojects.com/tests/adminTests
Proxy:			<none>
Request params:	<none>
Query params:	<none>
Form params:	<none>
Path params:	<none>
Headers:		Authorization=Bearer eyJhbGciOiJIUzI1NiIsInR5cCI6IkpXVCJ9.eyJ1c2VyR3VpZCI6IjZhN2IwMjE0LWI1ZjAtNGU5Yi1iNmM0LWNkNjEyMzg5OGVkMyIsIm1vYmlsZSI6IjkwMDM3MzAzOTQiLCJmaXJzdF9uYW1lIjoiUmFuaml0aCIsImxhc3RfbmFtZSI6Ikt1bWFyIiwiZW1haWwiOiIiLCJyb2xlIjoidXNlcl9vbmx5IiwiaWF0IjoxNzY3NzA1MDExLCJleHAiOjE3ODM0OTEyNTF9.TF6FPlah2YNzQYCGL_OVKRuFFZAJ1o5jcop8rONtWms
				Accept=*/*
				Content-Type=application/json
Cookies:		<none>
Multiparts:		<none>
Body:
{
    "limit": 50,
    "location": "676a5fa720093d2807af03a5",
    "page": 1,
    "sort_by": "Type",
    "search_string": "RANDOM BLOOD GLUCOSE (RBS)"
}

--- ? PERFORMANCE STATS ---
   Method  : POST
   Endpoint: tests/adminTests
   Time    : ? 535 ms
----------------------------


? EXTRACTING & STORING TEST DETAILS
   Tests already found: 1

? MATCHED & STORED TEST: RANDOM BLOOD GLUCOSE (RBS)
   Test ID       : BIO274
   Product ID    : 675921110856fe1e1e992cf8
   Price         : ?75
   Original Price: ?75
   Type          : diagnostics
   Status        : ACTIVE
   Home Collection: ? AVAILABLE

? All requested tests extracted and stored successfully!

? VALIDATING: Checking we only got the tests we searched for...
   ? Expected test: RANDOM BLOOD GLUCOSE (RBS)

? ANALYZING HOME COLLECTION STATUS FOR ALL TESTS
   ? RANDOM BLOOD GLUCOSE (RBS) - Home Collection: AVAILABLE (type='home')

? HOME COLLECTION ANALYSIS:
   Total tests found: 1
   Tests WITH home collection: 1
   Tests WITHOUT home collection: 0

? Validated stored test: RANDOM BLOOD GLUCOSE (RBS)
   Test ID: BIO274
   Product ID: 675921110856fe1e1e992cf8

? GLOBAL SEARCH COMPLETE (Stored 1 tests)

--- AddToCart For Member ---

? CLEARING PREVIOUS CART for User ID: 6a7b0214-b5f0-4e9b-b6c4-cd6123898ed3
Request method:	POST
Request URI:	https://dev-api-yodadiagnostics.yodaprojects.com/carts/v2/addCart
Proxy:			<none>
Request params:	<none>
Query params:	<none>
Form params:	<none>
Path params:	<none>
Headers:		Authorization=eyJhbGciOiJIUzI1NiIsInR5cCI6IkpXVCJ9.eyJ1c2VyR3VpZCI6IjZhN2IwMjE0LWI1ZjAtNGU5Yi1iNmM0LWNkNjEyMzg5OGVkMyIsIm1vYmlsZSI6IjkwMDM3MzAzOTQiLCJmaXJzdF9uYW1lIjoiUmFuaml0aCIsImxhc3RfbmFtZSI6Ikt1bWFyIiwiZW1haWwiOiIiLCJyb2xlIjoidXNlcl9vbmx5IiwiaWF0IjoxNzY3NzA1MDExLCJleHAiOjE3ODM0OTEyNTF9.TF6FPlah2YNzQYCGL_OVKRuFFZAJ1o5jcop8rONtWms
				Accept=*/*
				Content-Type=application/json
Cookies:		<none>
Multiparts:		<none>
Body:
{
    "user_id": "6a7b0214-b5f0-4e9b-b6c4-cd6123898ed3",
    "lab_location_id": "676a5fa720093d2807af03a5",
    "product_details": [
        
    ],
    "order_type": "home"
}

--- ? PERFORMANCE STATS ---
   Method  : POST
   Endpoint: /carts/v2/addCart
   Time    : ? 261 ms
----------------------------

   ? Cart clear API call successful.
   ? Response Body: {"status":200,"success":true,"msg":"Cart updated successfully","total_amount":0,"data":{"id":155,"guid":"d1455e07-a759-4598-8df6-1120e77dbae9","user_id":"6a7b0214-b5f0-4e9b-b6c4-cd6123898ed3","_user_id":null,"product_details":[],"screen_reason":"lab_location_screen","conversion_status":"no","reason_for_drop_order":null,"final_cart_status":"open","reason":null,"created_at":"2025-09-04T14:10:07.596Z","updated_at":"2026-01-06T13:10:15.426Z","deleted_at":null,"order_type":"home","coupon_guid":null,"slot_guid":null,"rewards_used":0,"lab_location_id":"676a5fa720093d2807af03a5","referal_doctor":null,"membership_id":null,"address_id":null,"total_orders":181}}

? CUSTOM PAYLOAD BUILDER for 6a7b0214-b5f0-4e9b-b6c4-cd6123898ed3
      ? Added test to payload: RANDOM BLOOD GLUCOSE (RBS) (Type: home)
Request method:	POST
Request URI:	https://dev-api-yodadiagnostics.yodaprojects.com/carts/v2/addCart
Proxy:			<none>
Request params:	<none>
Query params:	<none>
Form params:	<none>
Path params:	<none>
Headers:		Authorization=eyJhbGciOiJIUzI1NiIsInR5cCI6IkpXVCJ9.eyJ1c2VyR3VpZCI6IjZhN2IwMjE0LWI1ZjAtNGU5Yi1iNmM0LWNkNjEyMzg5OGVkMyIsIm1vYmlsZSI6IjkwMDM3MzAzOTQiLCJmaXJzdF9uYW1lIjoiUmFuaml0aCIsImxhc3RfbmFtZSI6Ikt1bWFyIiwiZW1haWwiOiIiLCJyb2xlIjoidXNlcl9vbmx5IiwiaWF0IjoxNzY3NzA1MDExLCJleHAiOjE3ODM0OTEyNTF9.TF6FPlah2YNzQYCGL_OVKRuFFZAJ1o5jcop8rONtWms
				Accept=*/*
				Content-Type=application/json
Cookies:		<none>
Multiparts:		<none>
Body:
{
    "user_id": "6a7b0214-b5f0-4e9b-b6c4-cd6123898ed3",
    "lab_location_id": "676a5fa720093d2807af03a5",
    "product_details": [
        {
            "quantity": 1,
            "product_id": "675921110856fe1e1e992cf8",
            "type": "home",
            "location_id": "676a5fa720093d2807af03a5",
            "brand_id": "efb159ac-db7c-4b06-a79b-021a8b6d67e8",
            "family_member_id": [
                "6a7b0214-b5f0-4e9b-b6c4-cd6123898ed3"
            ]
        }
    ],
    "order_type": "home"
}

--- ? PERFORMANCE STATS ---
   Method  : POST
   Endpoint: /carts/v2/addCart
   Time    : ? 200 ms
----------------------------

   ? Cart Data Stored for MEMBER (GUID: d1455e07-a759-4598-8df6-1120e77dbae9)

>>> STEP 2: GET CART & VERIFY PRICE <<<

==========================================================
      GET CART API (Check Total for COD)
==========================================================
Request method:	GET
Request URI:	https://dev-api-yodadiagnostics.yodaprojects.com/carts/v2/getCartById/6a7b0214-b5f0-4e9b-b6c4-cd6123898ed3?location=676a5fa720093d2807af03a5&order_type=home
Proxy:			<none>
Request params:	<none>
Query params:	location=676a5fa720093d2807af03a5
				order_type=home
Form params:	<none>
Path params:	<none>
Headers:		Authorization=eyJhbGciOiJIUzI1NiIsInR5cCI6IkpXVCJ9.eyJ1c2VyR3VpZCI6IjZhN2IwMjE0LWI1ZjAtNGU5Yi1iNmM0LWNkNjEyMzg5OGVkMyIsIm1vYmlsZSI6IjkwMDM3MzAzOTQiLCJmaXJzdF9uYW1lIjoiUmFuaml0aCIsImxhc3RfbmFtZSI6Ikt1bWFyIiwiZW1haWwiOiIiLCJyb2xlIjoidXNlcl9vbmx5IiwiaWF0IjoxNzY3NzA1MDExLCJleHAiOjE3ODM0OTEyNTF9.TF6FPlah2YNzQYCGL_OVKRuFFZAJ1o5jcop8rONtWms
				Accept=*/*
Cookies:		<none>
Multiparts:		<none>
Body:			<none>

--- ? PERFORMANCE STATS ---
   Method  : GET
   Endpoint: /carts/v2/getCartById/6a7b0214-b5f0-4e9b-b6c4-cd6123898ed3
   Time    : ? 480 ms
----------------------------

Response Status: 200
   Cart Total: ?67
   Cart ID: d1455e07-a759-4598-8df6-1120e77dbae9
   Order Type: home

>>> STEP 3: ADD ADDRESS & SLOT <<<

==========================================================
      ADD ADDRESS API (Required for Home Order)
==========================================================
Request method:	POST
Request URI:	https://dev-api-yodadiagnostics.yodaprojects.com/address/addAddress
Proxy:			<none>
Request params:	<none>
Query params:	<none>
Form params:	<none>
Path params:	<none>
Headers:		Authorization=eyJhbGciOiJIUzI1NiIsInR5cCI6IkpXVCJ9.eyJ1c2VyR3VpZCI6IjZhN2IwMjE0LWI1ZjAtNGU5Yi1iNmM0LWNkNjEyMzg5OGVkMyIsIm1vYmlsZSI6IjkwMDM3MzAzOTQiLCJmaXJzdF9uYW1lIjoiUmFuaml0aCIsImxhc3RfbmFtZSI6Ikt1bWFyIiwiZW1haWwiOiIiLCJyb2xlIjoidXNlcl9vbmx5IiwiaWF0IjoxNzY3NzA1MDExLCJleHAiOjE3ODM0OTEyNTF9.TF6FPlah2YNzQYCGL_OVKRuFFZAJ1o5jcop8rONtWms
				Accept=*/*
				Content-Type=application/json
Cookies:		<none>
Multiparts:		<none>
Body:
{
    "country": "India",
    "city": "Hyderabad",
    "recipient_mobile_number": "9999999999",
    "latitude": "17.4358447",
    "type": "home",
    "country_code": "+91",
    "user_id": "6a7b0214-b5f0-4e9b-b6c4-cd6123898ed3",
    "address_line1": "Hyderabad",
    "name": "Ameerpet (HQ)",
    "receiver_name": "Test User",
    "state": "Telangana",
    "postal_code": "500016",
    "longitude": "78.452737"
}

--- ? PERFORMANCE STATS ---
   Method  : POST
   Endpoint: /address/addAddress
   Time    : ? 157 ms
----------------------------

Response Status: 409
Response Body: {"status":409,"success":false,"msg":"Address already exists!"}
Address already exists (409). Fetching existing address...
Request method:	GET
Request URI:	https://dev-api-yodadiagnostics.yodaprojects.com/address/getAddressByUserId/6a7b0214-b5f0-4e9b-b6c4-cd6123898ed3
Proxy:			<none>
Request params:	<none>
Query params:	<none>
Form params:	<none>
Path params:	<none>
Headers:		Authorization=eyJhbGciOiJIUzI1NiIsInR5cCI6IkpXVCJ9.eyJ1c2VyR3VpZCI6IjZhN2IwMjE0LWI1ZjAtNGU5Yi1iNmM0LWNkNjEyMzg5OGVkMyIsIm1vYmlsZSI6IjkwMDM3MzAzOTQiLCJmaXJzdF9uYW1lIjoiUmFuaml0aCIsImxhc3RfbmFtZSI6Ikt1bWFyIiwiZW1haWwiOiIiLCJyb2xlIjoidXNlcl9vbmx5IiwiaWF0IjoxNzY3NzA1MDExLCJleHAiOjE3ODM0OTEyNTF9.TF6FPlah2YNzQYCGL_OVKRuFFZAJ1o5jcop8rONtWms
				Accept=*/*
Cookies:		<none>
Multiparts:		<none>
Body:			<none>

--- ? PERFORMANCE STATS ---
   Method  : GET
   Endpoint: /address/getAddressByUserId/6a7b0214-b5f0-4e9b-b6c4-cd6123898ed3
   Time    : ? 180 ms
----------------------------

Get Address Response Status: 200
Using existing Address ID: 459
? SEARCHING FOR AVAILABLE SLOTS...
Request method:	POST
Request URI:	https://dev-api-yodadiagnostics.yodaprojects.com/slot/getSlotCountByTime
Proxy:			<none>
Request params:	<none>
Query params:	<none>
Form params:	<none>
Path params:	<none>
Headers:		Authorization=eyJhbGciOiJIUzI1NiIsInR5cCI6IkpXVCJ9.eyJ1c2VyR3VpZCI6IjZhN2IwMjE0LWI1ZjAtNGU5Yi1iNmM0LWNkNjEyMzg5OGVkMyIsIm1vYmlsZSI6IjkwMDM3MzAzOTQiLCJmaXJzdF9uYW1lIjoiUmFuaml0aCIsImxhc3RfbmFtZSI6Ikt1bWFyIiwiZW1haWwiOiIiLCJyb2xlIjoidXNlcl9vbmx5IiwiaWF0IjoxNzY3NzA1MDExLCJleHAiOjE3ODM0OTEyNTF9.TF6FPlah2YNzQYCGL_OVKRuFFZAJ1o5jcop8rONtWms
				Accept=*/*
				Content-Type=application/json
Cookies:		<none>
Multiparts:		<none>
Body:
{
    "slot_start_time": "2026-01-06",
    "limit": 100,
    "page": 1,
    "type": "home",
    "addressguid": "3e7f93b5-6013-4385-995b-dfecc866c549"
}

--- ? PERFORMANCE STATS ---
   Method  : POST
   Endpoint: /slot/getSlotCountByTime
   Time    : ? 857 ms
----------------------------

--- Slot Search ---
Date Searched: 2026-01-06
Status Code: 200
Response Body: {"status":200,"success":true,"msg":"Slots Fetched Successfully","total":23,"page":1,"limit":100,"total_pages":1,"total_amount":0,"data":[{"guid":"88785f05-ed91-41bb-8322-d607bbc63a39","type":"home","starttime":"2026-01-06 00:00:00","endtime":"2026-01-06 01:00:00","count":0,"centerid":"676e886d854c2069a0d47703"},{"guid":"85caa9e2-614b-490a-98c7-0d2cbf3753b4","type":"home","starttime":"2026-01-06 01:00:00","endtime":"2026-01-06 02:00:00","count":0,"centerid":"676e886d854c2069a0d47703"},{"guid":"f31ba82e-f5e2-4fc9-aca8-990c72dc71fa","type":"home","starttime":"2026-01-06 02:00:00","endtime":"2026-01-06 03:00:00","count":0,"centerid":"676e886d854c2069a0d47703"},{"guid":"cf027b8c-2c31-4a5c-8455-1b146ffaa363","type":"home","starttime":"2026-01-06 03:00:00","endtime":"2026-01-06 04:00:00","count":0,"centerid":"676e886d854c2069a0d47703"},{"guid":"926b8e09-b272-4425-a35d-9a9620b82501","type":"home","starttime":"2026-01-06 04:00:00","endtime":"2026-01-06 05:00:00","count":0,"centerid":"676e886d854c2069a0d47703"},{"guid":"a4a4020e-a245-4a78-972a-89e9b1854a3b","type":"home","starttime":"2026-01-06 05:00:00","endtime":"2026-01-06 06:00:00","count":0,"centerid":"676e886d854c2069a0d47703"},{"guid":"7f162274-b7ab-4af2-a820-f2eb81ad7aec","type":"home","starttime":"2026-01-06 06:00:00","endtime":"2026-01-06 07:00:00","count":0,"centerid":"676e886d854c2069a0d47703"},{"guid":"834d1e1f-f679-4907-8d61-3055104bc4c7","type":"home","starttime":"2026-01-06 07:00:00","endtime":"2026-01-06 08:00:00","count":0,"centerid":"676e886d854c2069a0d47703"},{"guid":"1eb907ea-3776-4a21-8ff9-c05b0fb2a06a","type":"home","starttime":"2026-01-06 08:00:00","endtime":"2026-01-06 09:00:00","count":0,"centerid":"676e886d854c2069a0d47703"},{"guid":"cadb3902-4d67-4300-8832-7c911290dd21","type":"home","starttime":"2026-01-06 09:00:00","endtime":"2026-01-06 10:00:00","count":0,"centerid":"676e886d854c2069a0d47703"},{"guid":"5e285521-cd01-4098-b163-7cc1b2ec1ed0","type":"home","starttime":"2026-01-06 10:00:00","endtime":"2026-01-06 11:00:00","count":0,"centerid":"676e886d854c2069a0d47703"},{"guid":"f6b8a030-e105-40bc-9fd8-caf3af7ee952","type":"home","starttime":"2026-01-06 11:00:00","endtime":"2026-01-06 12:00:00","count":0,"centerid":"676e886d854c2069a0d47703"},{"guid":"303777c7-dd29-4db4-95e2-c842a7ea9ec8","type":"home","starttime":"2026-01-06 12:00:00","endtime":"2026-01-06 13:00:00","count":0,"centerid":"676e886d854c2069a0d47703"},{"guid":"70632a82-8dd8-4ca5-ab82-3b99d21969ea","type":"home","starttime":"2026-01-06 13:00:00","endtime":"2026-01-06 14:00:00","count":0,"centerid":"676e886d854c2069a0d47703"},{"guid":"721966ab-0d82-4a7e-85c7-c9e9d702a3a0","type":"home","starttime":"2026-01-06 14:00:00","endtime":"2026-01-06 15:00:00","count":0,"centerid":"676e886d854c2069a0d47703"},{"guid":"2d8125f6-9c26-4abf-a47c-8917a19a8c23","type":"home","starttime":"2026-01-06 15:00:00","endtime":"2026-01-06 16:00:00","count":0,"centerid":"676e886d854c2069a0d47703"},{"guid":"f8c05fa5-0a16-4581-9e0f-9da75aed9451","type":"home","starttime":"2026-01-06 16:00:00","endtime":"2026-01-06 17:00:00","count":0,"centerid":"676e886d854c2069a0d47703"},{"guid":"cfe4ba6e-4129-452c-99d0-629ae2e5e8e0","type":"home","starttime":"2026-01-06 17:00:00","endtime":"2026-01-06 18:00:00","count":0,"centerid":"676e886d854c2069a0d47703"},{"guid":"b8ebbb56-d8e7-4ff8-bc16-38fb296aec6a","type":"home","starttime":"2026-01-06 18:00:00","endtime":"2026-01-06 19:00:00","count":0,"centerid":"676e886d854c2069a0d47703"},{"guid":"66228c17-e9e3-46f4-b421-92089f658612","type":"home","starttime":"2026-01-06 19:00:00","endtime":"2026-01-06 20:00:00","count":0,"centerid":"676e886d854c2069a0d47703"},{"guid":"44b8d56f-c9af-461a-be92-7110ea417741","type":"home","starttime":"2026-01-06 20:00:00","endtime":"2026-01-06 21:00:00","count":29,"centerid":"676e886d854c2069a0d47703"},{"guid":"eb756bc7-c3f1-4c85-8384-b53289015cd9","type":"home","starttime":"2026-01-06 21:00:00","endtime":"2026-01-06 22:00:00","count":30,"centerid":"676e886d854c2069a0d47703"},{"guid":"841d7923-0f66-407e-87ef-d3b398188fc9","type":"home","starttime":"2026-01-06 22:00:00","endtime":"2026-01-06 23:00:00","count":27,"centerid":"676e886d854c2069a0d47703"}]}
--- End Slot Search ---
   ? Found Slot: 2026-01-06 20:00:00 - 2026-01-06 21:00:00

? UPDATING CART WITH SLOT...
Request method:	POST
Request URI:	https://dev-api-yodadiagnostics.yodaprojects.com/carts/v2/addCart
Proxy:			<none>
Request params:	<none>
Query params:	<none>
Form params:	<none>
Path params:	<none>
Headers:		Authorization=eyJhbGciOiJIUzI1NiIsInR5cCI6IkpXVCJ9.eyJ1c2VyR3VpZCI6IjZhN2IwMjE0LWI1ZjAtNGU5Yi1iNmM0LWNkNjEyMzg5OGVkMyIsIm1vYmlsZSI6IjkwMDM3MzAzOTQiLCJmaXJzdF9uYW1lIjoiUmFuaml0aCIsImxhc3RfbmFtZSI6Ikt1bWFyIiwiZW1haWwiOiIiLCJyb2xlIjoidXNlcl9vbmx5IiwiaWF0IjoxNzY3NzA1MDExLCJleHAiOjE3ODM0OTEyNTF9.TF6FPlah2YNzQYCGL_OVKRuFFZAJ1o5jcop8rONtWms
				Accept=*/*
				Content-Type=application/json
Cookies:		<none>
Multiparts:		<none>
Body:
{
    "user_id": "6a7b0214-b5f0-4e9b-b6c4-cd6123898ed3",
    "slot_guid": "44b8d56f-c9af-461a-be92-7110ea417741",
    "address_id": "3e7f93b5-6013-4385-995b-dfecc866c549",
    "lab_location_id": "676a5fa720093d2807af03a5",
    "product_details": [
        {
            "quantity": 1,
            "product_id": "675921110856fe1e1e992cf8",
            "type": "home",
            "location_id": "676a5fa720093d2807af03a5",
            "brand_id": "efb159ac-db7c-4b06-a79b-021a8b6d67e8",
            "family_member_id": [
                "6a7b0214-b5f0-4e9b-b6c4-cd6123898ed3"
            ]
        }
    ],
    "order_type": "home"
}

--- ? PERFORMANCE STATS ---
   Method  : POST
   Endpoint: /carts/v2/addCart
   Time    : ? 198 ms
----------------------------

Update Cart Response Body: {"status":200,"success":true,"msg":"Cart updated successfully","total_amount":0,"data":{"id":155,"guid":"d1455e07-a759-4598-8df6-1120e77dbae9","user_id":"6a7b0214-b5f0-4e9b-b6c4-cd6123898ed3","_user_id":null,"product_details":[{"product_id":"675921110856fe1e1e992cf8","quantity":1,"brand_id":"efb159ac-db7c-4b06-a79b-021a8b6d67e8","family_member_id":["6a7b0214-b5f0-4e9b-b6c4-cd6123898ed3"],"location_id":"676a5fa720093d2807af03a5"}],"screen_reason":"lab_location_screen","conversion_status":"no","reason_for_drop_order":null,"final_cart_status":"open","reason":null,"created_at":"2025-09-04T14:10:07.596Z","updated_at":"2026-01-06T13:10:17.786Z","deleted_at":null,"order_type":"home","coupon_guid":null,"slot_guid":"44b8d56f-c9af-461a-be92-7110ea417741","rewards_used":0,"lab_location_id":"676a5fa720093d2807af03a5","referal_doctor":null,"membership_id":null,"address_id":"3e7f93b5-6013-4385-995b-dfecc866c549","total_orders":181}}
? Cart updated successfully with Slot: 44b8d56f-c9af-461a-be92-7110ea417741
? Address & Slot Configured.

>>> STEP 4: VERIFY PAYMENT (PRE-CHECK) <<<

==========================================================
      GET CART API (Check Total for COD)
==========================================================
Request method:	GET
Request URI:	https://dev-api-yodadiagnostics.yodaprojects.com/carts/v2/getCartById/6a7b0214-b5f0-4e9b-b6c4-cd6123898ed3?location=676a5fa720093d2807af03a5&order_type=home
Proxy:			<none>
Request params:	<none>
Query params:	location=676a5fa720093d2807af03a5
				order_type=home
Form params:	<none>
Path params:	<none>
Headers:		Authorization=eyJhbGciOiJIUzI1NiIsInR5cCI6IkpXVCJ9.eyJ1c2VyR3VpZCI6IjZhN2IwMjE0LWI1ZjAtNGU5Yi1iNmM0LWNkNjEyMzg5OGVkMyIsIm1vYmlsZSI6IjkwMDM3MzAzOTQiLCJmaXJzdF9uYW1lIjoiUmFuaml0aCIsImxhc3RfbmFtZSI6Ikt1bWFyIiwiZW1haWwiOiIiLCJyb2xlIjoidXNlcl9vbmx5IiwiaWF0IjoxNzY3NzA1MDExLCJleHAiOjE3ODM0OTEyNTF9.TF6FPlah2YNzQYCGL_OVKRuFFZAJ1o5jcop8rONtWms
				Accept=*/*
Cookies:		<none>
Multiparts:		<none>
Body:			<none>

--- ? PERFORMANCE STATS ---
   Method  : GET
   Endpoint: /carts/v2/getCartById/6a7b0214-b5f0-4e9b-b6c4-cd6123898ed3
   Time    : ? 382 ms
----------------------------

Response Status: 200

==========================================================
      VERIFY PAYMENT API (COD PRE-CHECK)
==========================================================
Request Payload: {user_id=6a7b0214-b5f0-4e9b-b6c4-cd6123898ed3}
Target URL: https://dev-api-yodadiagnostics.yodaprojects.com/gateway/v2/VerifyPayment
Request method:	POST
Request URI:	https://dev-api-yodadiagnostics.yodaprojects.com/gateway/v2/VerifyPayment
Proxy:			<none>
Request params:	<none>
Query params:	<none>
Form params:	<none>
Path params:	<none>
Headers:		Authorization=eyJhbGciOiJIUzI1NiIsInR5cCI6IkpXVCJ9.eyJ1c2VyR3VpZCI6IjZhN2IwMjE0LWI1ZjAtNGU5Yi1iNmM0LWNkNjEyMzg5OGVkMyIsIm1vYmlsZSI6IjkwMDM3MzAzOTQiLCJmaXJzdF9uYW1lIjoiUmFuaml0aCIsImxhc3RfbmFtZSI6Ikt1bWFyIiwiZW1haWwiOiIiLCJyb2xlIjoidXNlcl9vbmx5IiwiaWF0IjoxNzY3NzA1MDExLCJleHAiOjE3ODM0OTEyNTF9.TF6FPlah2YNzQYCGL_OVKRuFFZAJ1o5jcop8rONtWms
				Accept=*/*
				Content-Type=application/json
Cookies:		<none>
Multiparts:		<none>
Body:
{
    "user_id": "6a7b0214-b5f0-4e9b-b6c4-cd6123898ed3"
}

--- ? PERFORMANCE STATS ---
   Method  : POST
   Endpoint: /gateway/v2/VerifyPayment
   Time    : ? 3898 ms
----------------------------

Response Status: 200
Response Body: {"status":200,"success":true,"msg":"Orders saved successfully.","total_amount":0,"data":[{"orderDetails":[{"id":3949,"guid":"df7869cb-b601-4fd0-bc3e-79a3a182f896","order_number":"01KE9PW0RSNA011VF4RXJSD7HH","brand_id":"efb159ac-db7c-4b06-a79b-021a8b6d67e8","user_id":"6a7b0214-b5f0-4e9b-b6c4-cd6123898ed3","family_member_id":null,"total_price":"75","final_price":"75","rewards_used":"0","delivery_charge":"0","paid_amount":"67","order_status":"Pending","membership_discount":8,"membership_mobile_number":null,"sample_collection_by":null,"sample_collection_date":null,"payment_id":"9895ea7e-3154-4c33-a791-15b4c419ff33","address_id":"3e7f93b5-6013-4385-995b-dfecc866c549","lab_location_id":"676a5fa720093d2807af03a5","order_sample_number":"MY26AAA0227","visit_number":"","cancelled_date":null,"cancelled_by":null,"completed_date":null,"completed_by":null,"received_at":null,"slot_start_time":"2026-01-06T20:00:00.000Z","slot_end_time":"2026-01-06T21:00:00.000Z","slot_guid":"44b8d56f-c9af-461a-be92-7110ea417741","reschedule_count":0,"order_created_by":null,"order_created_at":"2026-01-06T13:10:19.233Z","referal_doctor":null,"phlebo_id":null,"admin_approval_status":null,"admin_approval_by":null,"admin_approval_at":null,"rewards_gain":"4","cancel_order_remarks":null,"tube_barcode":null,"cancelled_by_user_at":null,"it_dose_order_status":null,"it_dose_order_updated_at":"2026-01-06T13:10:19.236Z","it_dose_order_item_status":null,"phlebo_otp":null,"phlebo_assigned_at":null,"inaugural_discount":0,"cart_id":"pb_ef26432d_mk2lxdy5","created_at":"2026-01-06T13:10:19.236Z","updated_at":"2026-01-06T13:10:19.236Z","deleted_at":null,"coupon_code":null,"coupon_guid":null,"coupon_discount_amount":"0","doctors_discount":null,"orderFrom":null,"cancel_delivery_deducted":false,"refund_amount":"0","is_clinic":false}],"OrderItems":[{"id":6160,"guid":"27e4ed63-9309-44a0-a464-ea4becd15b51","order_id":"df7869cb-b601-4fd0-bc3e-79a3a182f896","product_id":"675921110856fe1e1e992cf8","product_name":"RANDOM BLOOD GLUCOSE (RBS)","product_type":"{\"\\\"675697b0262d1460f8d55d7b\\\"\"}","product_code":"BIO274","quantity":"1","actual_price":"75","final_price":"67","original_price":"75","order_status":"Pending","family_member_id":null,"membership_discount":8,"order_item_number":"MY26AAA0227-1","cancelled_at":null,"admin_approval_status":null,"admin_approval_by":null,"admin_approval_at":null,"cancel_order_remarks":null,"created_at":"2026-01-06T13:10:19.236Z","deleted_at":null}],"membershipDetails":{"isMembershipOrder":false}}]}
Extracted Payment ID: 9895ea7e-3154-4c33-a791-15b4c419ff33
Extracted Order ID: df7869cb-b601-4fd0-bc3e-79a3a182f896

>>> STEP 5: CROSS-API VALIDATION <<<

==========================================================
      GET PAYMENT BY ID API (DEV)
==========================================================
Request Payload: {id=9895ea7e-3154-4c33-a791-15b4c419ff33}
Target URL: https://dev-api-yodadiagnostics.yodaprojects.com/gateway/getPaymentById
Request method:	POST
Request URI:	https://dev-api-yodadiagnostics.yodaprojects.com/gateway/getPaymentById
Proxy:			<none>
Request params:	<none>
Query params:	<none>
Form params:	<none>
Path params:	<none>
Headers:		Authorization=eyJhbGciOiJIUzI1NiIsInR5cCI6IkpXVCJ9.eyJ1c2VyR3VpZCI6IjZhN2IwMjE0LWI1ZjAtNGU5Yi1iNmM0LWNkNjEyMzg5OGVkMyIsIm1vYmlsZSI6IjkwMDM3MzAzOTQiLCJmaXJzdF9uYW1lIjoiUmFuaml0aCIsImxhc3RfbmFtZSI6Ikt1bWFyIiwiZW1haWwiOiIiLCJyb2xlIjoidXNlcl9vbmx5IiwiaWF0IjoxNzY3NzA1MDExLCJleHAiOjE3ODM0OTEyNTF9.TF6FPlah2YNzQYCGL_OVKRuFFZAJ1o5jcop8rONtWms
				Accept=*/*
				Content-Type=application/json
Cookies:		<none>
Multiparts:		<none>
Body:
{
    "id": "9895ea7e-3154-4c33-a791-15b4c419ff33"
}

--- ? PERFORMANCE STATS ---
   Method  : POST
   Endpoint: https://dev-api-yodadiagnostics.yodaprojects.com/gateway/getPaymentById
   Time    : ? 404 ms
----------------------------

Response Status: 200
Response Body: {"status":200,"success":true,"msg":"Payment details fetched successfully","total_amount":0,"data":{"payments":{"guid":"9895ea7e-3154-4c33-a791-15b4c419ff33","amount":"67","payment_status":"Pending","payment_type":"COD","payment_details":null,"cod_approved_by":null,"cod_approved_date":null,"payment_gateway_id":null,"reference_id":null,"cancel_order_id":null,"delivery_charge":0,"paid_amount":67,"rewards_used":0,"total_mrp":75,"membership_discount":8,"total_discount":0,"net_payable":75,"inaugural_discount":0,"coupon_discount":0},"order_items":[{"id":6160,"guid":"27e4ed63-9309-44a0-a464-ea4becd15b51","order_id":"df7869cb-b601-4fd0-bc3e-79a3a182f896","payment_guid":"9895ea7e-3154-4c33-a791-15b4c419ff33","product_id":"675921110856fe1e1e992cf8","product_name":"RANDOM BLOOD GLUCOSE (RBS)","product_type":"{\"\\\"675697b0262d1460f8d55d7b\\\"\"}","product_code":"BIO274","quantity":1,"actual_price":75,"original_price":75,"final_price":67,"family_member_id":"00000000-0000-0000-0000-000000000000","firstName":"Ranjith","lastName":"Kumar","order_sample_number":"MY26AAA0227","visit_number":""}]}}

==========================================================
      GET CART API (Check Total for COD)
==========================================================
Request method:	GET
Request URI:	https://dev-api-yodadiagnostics.yodaprojects.com/carts/v2/getCartById/6a7b0214-b5f0-4e9b-b6c4-cd6123898ed3?location=676a5fa720093d2807af03a5&order_type=home
Proxy:			<none>
Request params:	<none>
Query params:	location=676a5fa720093d2807af03a5
				order_type=home
Form params:	<none>
Path params:	<none>
Headers:		Authorization=eyJhbGciOiJIUzI1NiIsInR5cCI6IkpXVCJ9.eyJ1c2VyR3VpZCI6IjZhN2IwMjE0LWI1ZjAtNGU5Yi1iNmM0LWNkNjEyMzg5OGVkMyIsIm1vYmlsZSI6IjkwMDM3MzAzOTQiLCJmaXJzdF9uYW1lIjoiUmFuaml0aCIsImxhc3RfbmFtZSI6Ikt1bWFyIiwiZW1haWwiOiIiLCJyb2xlIjoidXNlcl9vbmx5IiwiaWF0IjoxNzY3NzA1MDExLCJleHAiOjE3ODM0OTEyNTF9.TF6FPlah2YNzQYCGL_OVKRuFFZAJ1o5jcop8rONtWms
				Accept=*/*
Cookies:		<none>
Multiparts:		<none>
Body:			<none>

--- ? PERFORMANCE STATS ---
   Method  : GET
   Endpoint: /carts/v2/getCartById/6a7b0214-b5f0-4e9b-b6c4-cd6123898ed3
   Time    : ? 374 ms
----------------------------

Response Status: 200

? ==========================================================
         CROSS-API VALIDATION REPORT
? ==========================================================

? 1. TOTAL AMOUNT CONSISTENCY CHECK:
   Expected Total (Cart): ?67
   Payment Total (GetPayment): ?67
   ? PASS: Cart total matches Payment total
   (User ID and Address ID validations are covered in Assign Order step)

? 2. PAYMENT ID CONSISTENCY CHECK:
   Expected Payment ID: 9895ea7e-3154-4c33-a791-15b4c419ff33
   Actual Payment GUID: 9895ea7e-3154-4c33-a791-15b4c419ff33
   ? PASS: Payment ID matches across APIs
   Expected Slot GUID: 44b8d56f-c9af-461a-be92-7110ea417741

? 3. PAYMENT TYPE VALIDATION:
   Payment Type: COD
   ? PASS: Payment type is COD as expected

? 4. ORDER ITEMS VALIDATION:
   Total Order Items: 1
   Item 1: RANDOM BLOOD GLUCOSE (RBS) | Qty: 1 | Price: ?67 | Total: ?67
   Calculated Items Total: ?67
   Net Payable (API): ?75
   ??  INFO: Total difference may include delivery charges or discounts

? 5. PAYMENT STATUS VALIDATION:
   Payment Status: Pending
   ? PASS: Payment status is Pending (expected for COD)

? 6. DISCOUNT & MEMBERSHIP VALIDATION:
   Membership Discount: ?8
   Total Discount: ?0
   ? INFO: Membership discount applied
? ==========================================================
         CROSS-API VALIDATION COMPLETED SUCCESSFULLY
? ==========================================================

>>> STEP 6: PHLEBOTOMIST LOGIN <<<

==========================================================
      PHLEBOTOMIST LOGIN API
==========================================================
Request Payload: {password=12345678, mobile=9360651932}
Target URL: https://dev-api-yodadiagnostics.yodaprojects.com/phlebo/loginPhlebo
Request method:	POST
Request URI:	https://dev-api-yodadiagnostics.yodaprojects.com/phlebo/loginPhlebo
Proxy:			<none>
Request params:	<none>
Query params:	<none>
Form params:	<none>
Path params:	<none>
Headers:		Accept=*/*
				Content-Type=application/json
Cookies:		<none>
Multiparts:		<none>
Body:
{
    "password": "12345678",
    "mobile": 9360651932
}

--- ? PERFORMANCE STATS ---
   Method  : POST
   Endpoint: https://dev-api-yodadiagnostics.yodaprojects.com/phlebo/loginPhlebo
   Time    : ? 477 ms
----------------------------

Response Status: 200
Response Body: {"status":200,"success":true,"msg":"User login success","total_amount":0,"data":{"id":18,"guid":"01b109b7-7706-43b0-acc8-3278f721f34d","name":"Ranjith kumar","mobile_number":"9360651932","password":"$2b$10$CNghj57YMelubC6FOCsTQOv3qCyuGUFF4//shjv9Of5V75ec1sOxC","employee_id":null,"zone_id":"676e886d854c2069a0d47703","profile_pic":null,"email":"ranjith10021996@gmail.com","firebase_token":"eyBJfNf5OENzvOWgJr_Sb5:APA91bFqNlUEDDDItKeE6HDuh3GWimlEZ2FjugSrVDPXRf2GP29drk_e_4SyaOqBW5KUBWLDQl4GmJTexeVR3nSFQiXFmZmmj966Iatq7kZqRW6FhTsVb1Q","is_active":true,"type":["phlebo"],"created_at":"2025-12-26T09:55:37.008Z","updated_at":"2026-01-06T13:06:24.935Z","deleted_at":null,"access_token":"eyJhbGciOiJIUzI1NiIsInR5cCI6IkpXVCJ9.eyJ1c2VyR3VpZCI6IjAxYjEwOWI3LTc3MDYtNDNiMC1hY2M4LTMyNzhmNzIxZjM0ZCIsImVtYWlsIjoicmFuaml0aDEwMDIxOTk2QGdtYWlsLmNvbSIsInJvbGUiOiJ1c2VyX29ubHkiLCJpYXQiOjE3Njc3MDUwMjMsImV4cCI6MTc4MzQ5MTI2M30.jMvFjVVNgIkMiQshhnsMrmDQFzIz4NtdBbgkTDOzXmI","refresh_token":"eyJhbGciOiJIUzI1NiIsInR5cCI6IkpXVCJ9.eyJ1c2VyR3VpZCI6IjAxYjEwOWI3LTc3MDYtNDNiMC1hY2M4LTMyNzhmNzIxZjM0ZCIsImVtYWlsIjoicmFuaml0aDEwMDIxOTk2QGdtYWlsLmNvbSIsInJvbGUiOiJ1c2VyX29ubHkiLCJpYXQiOjE3Njc3MDUwMjMsImV4cCI6MTc5OTI2MjYyM30.dVkeld7N-fKyslEFPEvhNMDKJBmCQ5Fb2G7W9NusKcg"}}
? Phlebotomist Login Successful
   Phlebo Name: Ranjith kumar
   Phlebo ID: 01b109b7-7706-43b0-acc8-3278f721f34d
   Phlebo GUID: 01b109b7-7706-43b0-acc8-3278f721f34d
   Phlebo Token: null

>>> STEP 7: ASSIGN ORDER <<<

==========================================================
      ASSIGN ORDER API
==========================================================
Request Payload: {phlebo_id=01b109b7-7706-43b0-acc8-3278f721f34d, order_id=[df7869cb-b601-4fd0-bc3e-79a3a182f896]}
Target URL: https://dev-api-yodadiagnostics.yodaprojects.com/order_tracking/assignOrder
?? Warning: No Phlebotomist Token found for Assign Order
Request method:	POST
Request URI:	https://dev-api-yodadiagnostics.yodaprojects.com/order_tracking/assignOrder
Proxy:			<none>
Request params:	<none>
Query params:	<none>
Form params:	<none>
Path params:	<none>
Headers:		Accept=*/*
				Content-Type=application/json
Cookies:		<none>
Multiparts:		<none>
Body:
{
    "phlebo_id": "01b109b7-7706-43b0-acc8-3278f721f34d",
    "order_id": [
        "df7869cb-b601-4fd0-bc3e-79a3a182f896"
    ]
}

--- ? PERFORMANCE STATS ---
   Method  : POST
   Endpoint: https://dev-api-yodadiagnostics.yodaprojects.com/order_tracking/assignOrder
   Time    : ? 704 ms
----------------------------

Response Status: 200
Response Body: {"status":200,"success":true,"msg":"Order has been successfully assigned to the phlebotomist.","total_amount":0,"data":{"updatedOrder":{"id":3949,"guid":"df7869cb-b601-4fd0-bc3e-79a3a182f896","order_number":"01KE9PW0RSNA011VF4RXJSD7HH","brand_id":"efb159ac-db7c-4b06-a79b-021a8b6d67e8","user_id":"6a7b0214-b5f0-4e9b-b6c4-cd6123898ed3","family_member_id":null,"total_price":"75","final_price":"75","rewards_used":"0","delivery_charge":"0","paid_amount":"67","order_status":"Pending","membership_discount":8,"membership_mobile_number":null,"sample_collection_by":null,"sample_collection_date":null,"payment_id":"9895ea7e-3154-4c33-a791-15b4c419ff33","address_id":"3e7f93b5-6013-4385-995b-dfecc866c549","lab_location_id":"676a5fa720093d2807af03a5","order_sample_number":"MY26AAA0227","visit_number":"","cancelled_date":null,"cancelled_by":null,"completed_date":null,"completed_by":null,"received_at":null,"slot_start_time":"2026-01-06T20:00:00.000Z","slot_end_time":"2026-01-06T21:00:00.000Z","slot_guid":"44b8d56f-c9af-461a-be92-7110ea417741","reschedule_count":0,"order_created_by":null,"order_created_at":"2026-01-06T13:10:19.233Z","referal_doctor":null,"phlebo_id":"01b109b7-7706-43b0-acc8-3278f721f34d","admin_approval_status":null,"admin_approval_by":null,"admin_approval_at":null,"rewards_gain":"4","cancel_order_remarks":null,"tube_barcode":null,"cancelled_by_user_at":null,"it_dose_order_status":null,"it_dose_order_updated_at":"2026-01-06T13:10:19.236Z","it_dose_order_item_status":null,"phlebo_otp":"142815","phlebo_assigned_at":"2026-01-06T13:10:23.759Z","inaugural_discount":0,"cart_id":"pb_ef26432d_mk2lxdy5","created_at":"2026-01-06T13:10:19.236Z","updated_at":"2026-01-06T13:10:23.759Z","deleted_at":null,"coupon_code":null,"coupon_guid":null,"coupon_discount_amount":"0","doctors_discount":null,"orderFrom":null,"cancel_delivery_deducted":false,"refund_amount":"0","is_clinic":false},"orderTracking":{"id":657,"guid":"dc1e71f1-f3ad-4585-b62a-73fb8d61392f","order_id":"df7869cb-b601-4fd0-bc3e-79a3a182f896","address_id":"3e7f93b5-6013-4385-995b-dfecc866c549","phlebo_id":"01b109b7-7706-43b0-acc8-3278f721f34d","assigned_date":"2026-01-06T13:10:23.769Z","pickup_location":"https://maps.google.com/?q=17.4406327,78.3900194","samples_picked":[],"samples_submitted":[],"status":[{"time":"2026-01-06T13:10:23.769Z","status":"open"}],"verifyOtpRemarks":null,"received_by":null,"otp_verified":false,"created_at":"2026-01-06T13:10:23.769Z","updated_at":"2026-01-06T13:10:23.769Z","deleted_at":null}}}
? Order Assignment Successful
   Order ID: df7869cb-b601-4fd0-bc3e-79a3a182f896
   Assigned to Phlebo GUID: 01b109b7-7706-43b0-acc8-3278f721f34d

? Verifying Assigned Order Details...
   ? Slot Time Verified: 2026-01-06T20:00:00.000Z - 2026-01-06T21:00:00.000Z
? All Order Details Verified Successfully in AssignOrder Response
   Order Tracking ID: dc1e71f1-f3ad-4585-b62a-73fb8d61392f

>>> STEP 8: VERIFY STATUS (ASSIGNED) <<<

==========================================================
      GET ORDER TRACKING STATUS API
==========================================================
Target URL: https://dev-api-yodadiagnostics.yodaprojects.com/order_tracking/getOrderTrackingStatus/dc1e71f1-f3ad-4585-b62a-73fb8d61392f
Expected Status: Phlebotomist assigned
Request method:	GET
Request URI:	https://dev-api-yodadiagnostics.yodaprojects.com/order_tracking/getOrderTrackingStatus/dc1e71f1-f3ad-4585-b62a-73fb8d61392f
Proxy:			<none>
Request params:	<none>
Query params:	<none>
Form params:	<none>
Path params:	<none>
Headers:		Accept=*/*
Cookies:		<none>
Multiparts:		<none>
Body:			<none>

--- ? PERFORMANCE STATS ---
   Method  : GET
   Endpoint: https://dev-api-yodadiagnostics.yodaprojects.com/order_tracking/getOrderTrackingStatus/dc1e71f1-f3ad-4585-b62a-73fb8d61392f
   Time    : ? 250 ms
----------------------------

Response Status: 200
Response Body: {"status":200,"success":true,"msg":"Order Tracking Status successfully","order_status":"open"}
   Current Status: open
   ?? Warning: Expected 'Phlebotomist assigned' but got 'open'

>>> STEP 9: UPDATE ORDER TRACKING <<<

==========================================================
      UPDATE ORDER TRACKING API
==========================================================
Request Payload: {start_location={lng=78.3900194, lat=17.4406327}, pickup_location={lng=78.3900194, name=Madhapur, lat=17.4406327}, order_tracking_id=dc1e71f1-f3ad-4585-b62a-73fb8d61392f, order_id=df7869cb-b601-4fd0-bc3e-79a3a182f896, status=inprogress, current_location={lng=78.3900194, lat=17.4406327}}
Target URL: https://dev-api-yodadiagnostics.yodaprojects.com/order_tracking/updateOrderTracking
Request method:	POST
Request URI:	https://dev-api-yodadiagnostics.yodaprojects.com/order_tracking/updateOrderTracking
Proxy:			<none>
Request params:	<none>
Query params:	<none>
Form params:	<none>
Path params:	<none>
Headers:		Accept=*/*
				Content-Type=application/json
Cookies:		<none>
Multiparts:		<none>
Body:
{
    "start_location": {
        "lng": "78.3900194",
        "lat": "17.4406327"
    },
    "pickup_location": {
        "lng": "78.3900194",
        "name": "Madhapur",
        "lat": "17.4406327"
    },
    "order_tracking_id": "dc1e71f1-f3ad-4585-b62a-73fb8d61392f",
    "order_id": "df7869cb-b601-4fd0-bc3e-79a3a182f896",
    "status": "inprogress",
    "current_location": {
        "lng": "78.3900194",
        "lat": "17.4406327"
    }
}

--- ? PERFORMANCE STATS ---
   Method  : POST
   Endpoint: https://dev-api-yodadiagnostics.yodaprojects.com/order_tracking/updateOrderTracking
   Time    : ? 254 ms
----------------------------

Response Status: 200
Response Body: {"status":200,"success":true,"msg":"Order Status Updated Successfully","total_amount":0,"data":[{"id":657,"guid":"dc1e71f1-f3ad-4585-b62a-73fb8d61392f","order_id":"df7869cb-b601-4fd0-bc3e-79a3a182f896","address_id":"3e7f93b5-6013-4385-995b-dfecc866c549","phlebo_id":"01b109b7-7706-43b0-acc8-3278f721f34d","assigned_date":"2026-01-06T13:10:23.769Z","pickup_location":"https://maps.google.com/?q=17.4406327,78.3900194","samples_picked":[],"samples_submitted":[],"status":[{"time":"2026-01-06T13:10:23.769Z","status":"open"},{"time":"2026-01-06T13:10:24.800Z","status":"inprogress"}],"verifyOtpRemarks":null,"received_by":null,"otp_verified":false,"created_at":"2026-01-06T13:10:23.769Z","updated_at":"2026-01-06T13:10:23.769Z","deleted_at":null}]}
? Order Tracking Updated Successfully

>>> STEP 10: FINAL VERIFICATION (Status & Phlebo) <<<

==========================================================
      GET ORDER TRACKING STATUS API
==========================================================
Target URL: https://dev-api-yodadiagnostics.yodaprojects.com/order_tracking/getOrderTrackingStatus/dc1e71f1-f3ad-4585-b62a-73fb8d61392f
Expected Status: inprogress
Request method:	GET
Request URI:	https://dev-api-yodadiagnostics.yodaprojects.com/order_tracking/getOrderTrackingStatus/dc1e71f1-f3ad-4585-b62a-73fb8d61392f
Proxy:			<none>
Request params:	<none>
Query params:	<none>
Form params:	<none>
Path params:	<none>
Headers:		Accept=*/*
Cookies:		<none>
Multiparts:		<none>
Body:			<none>

--- ? PERFORMANCE STATS ---
   Method  : GET
   Endpoint: https://dev-api-yodadiagnostics.yodaprojects.com/order_tracking/getOrderTrackingStatus/dc1e71f1-f3ad-4585-b62a-73fb8d61392f
   Time    : ? 245 ms
----------------------------

Response Status: 200
Response Body: {"status":200,"success":true,"msg":"Order Tracking Status successfully","order_status":"inprogress"}
   Current Status: inprogress
   ? Order Status Verified: inprogress

==========================================================
      VERIFY PHLEBOTOMIST ASSIGNMENT (Get Order By ID)
==========================================================

==========================================================
      GET ORDER BY ID API
==========================================================
Target URL: https://dev-api-yodadiagnostics.yodaprojects.com/order/getOrderById/df7869cb-b601-4fd0-bc3e-79a3a182f896
Request method:	GET
Request URI:	https://dev-api-yodadiagnostics.yodaprojects.com/order/getOrderById/df7869cb-b601-4fd0-bc3e-79a3a182f896
Proxy:			<none>
Request params:	<none>
Query params:	<none>
Form params:	<none>
Path params:	<none>
Headers:		Authorization=eyJhbGciOiJIUzI1NiIsInR5cCI6IkpXVCJ9.eyJ1c2VyR3VpZCI6IjZhN2IwMjE0LWI1ZjAtNGU5Yi1iNmM0LWNkNjEyMzg5OGVkMyIsIm1vYmlsZSI6IjkwMDM3MzAzOTQiLCJmaXJzdF9uYW1lIjoiUmFuaml0aCIsImxhc3RfbmFtZSI6Ikt1bWFyIiwiZW1haWwiOiIiLCJyb2xlIjoidXNlcl9vbmx5IiwiaWF0IjoxNzY3NzA1MDExLCJleHAiOjE3ODM0OTEyNTF9.TF6FPlah2YNzQYCGL_OVKRuFFZAJ1o5jcop8rONtWms
				Accept=*/*
Cookies:		<none>
Multiparts:		<none>
Body:			<none>

--- ? PERFORMANCE STATS ---
   Method  : GET
   Endpoint: /order/getOrderById/df7869cb-b601-4fd0-bc3e-79a3a182f896
   Time    : ? 375 ms
----------------------------

Response Status: 200
Response Body: {"status":200,"success":true,"msg":"Order details fetched successfully","total_amount":0,"data":[{"id":3949,"guid":"df7869cb-b601-4fd0-bc3e-79a3a182f896","order_number":"01KE9PW0RSNA011VF4RXJSD7HH","brand_id":"efb159ac-db7c-4b06-a79b-021a8b6d67e8","user_id":"6a7b0214-b5f0-4e9b-b6c4-cd6123898ed3","family_member_id":null,"total_price":"75","final_price":"75","rewards_used":"0","delivery_charge":"0","paid_amount":"0","order_status":"Phlebotomist assigned","membership_discount":8,"membership_mobile_number":null,"sample_collection_by":null,"sample_collection_date":null,"payment_id":"9895ea7e-3154-4c33-a791-15b4c419ff33","address_id":"3e7f93b5-6013-4385-995b-dfecc866c549","lab_location_id":"676a5fa720093d2807af03a5","order_sample_number":"MY26AAA0227","visit_number":"","cancelled_date":null,"cancelled_by":null,"completed_date":null,"completed_by":null,"received_at":null,"slot_start_time":"2026-01-06T20:00:00.000Z","slot_end_time":"2026-01-06T21:00:00.000Z","slot_guid":"44b8d56f-c9af-461a-be92-7110ea417741","reschedule_count":0,"order_created_by":null,"order_created_at":"2026-01-06T13:10:19.233Z","referal_doctor":null,"phlebo_id":"01b109b7-7706-43b0-acc8-3278f721f34d","admin_approval_status":null,"admin_approval_by":null,"admin_approval_at":null,"rewards_gain":"0","cancel_order_remarks":null,"tube_barcode":null,"cancelled_by_user_at":null,"it_dose_order_status":"Phlebotomist assigned","it_dose_order_updated_at":"2026-01-06T13:10:19.236Z","it_dose_order_item_status":null,"phlebo_otp":"142815","phlebo_assigned_at":"2026-01-06T13:10:23.759Z","inaugural_discount":0,"cart_id":"pb_ef26432d_mk2lxdy5","created_at":"2026-01-06T13:10:19.236Z","updated_at":"2026-01-06T13:10:23.759Z","deleted_at":null,"coupon_code":null,"coupon_guid":null,"coupon_discount_amount":"0","doctors_discount":null,"orderFrom":null,"cancel_delivery_deducted":false,"refund_amount":"0","is_clinic":false,"discount":"0","actual_discount":8,"otp_verified":false,"samples_picked":[],"tracking_status":[{"time":"2026-01-06T13:10:23.769Z","status":"open"},{"time":"2026-01-06T13:10:24.800Z","status":"inprogress"}],"slot_start_times":"06-01-2026 08:00 PM","slot_end_times":"06-01-2026 09:00 PM","doctor_referral_amount":"0","doctor_name":null,"hospital_name":null,"order_items":[{"id":6160,"guid":"27e4ed63-9309-44a0-a464-ea4becd15b51","order_id":"df7869cb-b601-4fd0-bc3e-79a3a182f896","product_id":"675921110856fe1e1e992cf8","product_name":"RANDOM BLOOD GLUCOSE (RBS)","product_type":"{\"\\\"675697b0262d1460f8d55d7b\\\"\"}","product_code":"BIO274","quantity":1,"actual_price":75,"final_price":67,"original_price":75,"order_status":"Phlebotomist assigned","family_member_id":null,"membership_discount":8,"order_item_number":"MY26AAA0227-1","cancelled_at":null,"admin_approval_status":null,"admin_approval_by":null,"admin_approval_at":null,"cancel_order_remarks":null,"created_at":"2026-01-06T13:10:19.236Z","deleted_at":null,"order_quantity":1,"price":67,"family_member_details":null,"status":"ACTIVE","it_dose_order_items_status":"Phlebotomist assigned"}],"user_details":{"id":201,"guid":"6a7b0214-b5f0-4e9b-b6c4-cd6123898ed3","first_name":"Ranjith","last_name":"Kumar","middle_name":"","gender":"Male","dob":"1996-10-10","country_code":"+91","mobile":"9003730394","alt_mobile":"","email":"","user_type":"Customer","profile_pic":null,"patient_id":null,"title":"Mr.","fcm_token":null,"created_at":"2025-09-04T14:10:05.429Z","updated_at":"2025-09-04T14:11:06.951Z","deleted_at":null,"deleted_reason":null},"addresses":{"latitude":"17.4406327","longitude":"78.3900194","address_name":"Hyderabad, Madhapur, Hyderabad, Telangana, India, 500033","receiver_details":"Ranjith Kumar, 500033"},"payment":{"payment_type":"COD","payment_mode":null,"payment_status":"Pending","payment_details":null},"home_sample":true,"sample_types":[],"due_amount":"67.00","lab_location_full_address":"The Square Building ,Plot No - 3,4,6 and 10 ,Inorbit Mall Road ,D Block ,Kavuri Hills ,Madhapur ,Rangareddy ,India, Hyderabad, Telangana, 500033","lab_lattitude":"17.4406327","lab_longitude":"78.3900194","lab_title":"Madhapur"}]}
? Order details fetched successfully for Order ID: df7869cb-b601-4fd0-bc3e-79a3a182f896
   Expected Phlebo GUID: 01b109b7-7706-43b0-acc8-3278f721f34d
   Actual Phlebo GUID: 01b109b7-7706-43b0-acc8-3278f721f34d
   ? Phlebotomist Assignment Verified Successfully
? Detailed COD Flow Step 10 Completed.

>>> STEP 11: ADMIN VERIFY OTP <<<

==========================================================
      ADMIN VERIFY OTP API
==========================================================
Request Payload: {ordertrackingId=dc1e71f1-f3ad-4585-b62a-73fb8d61392f, verifyOtpRemarks=Test, orderid=df7869cb-b601-4fd0-bc3e-79a3a182f896}
Target URL: https://dev-api-yodadiagnostics.yodaprojects.com/order_tracking/admin/verifyotp
?? Warning: No Phlebotomist Token found. Trying with User Token.
Request method:	POST
Request URI:	https://dev-api-yodadiagnostics.yodaprojects.com/order_tracking/admin/verifyotp
Proxy:			<none>
Request params:	<none>
Query params:	<none>
Form params:	<none>
Path params:	<none>
Headers:		Authorization=eyJhbGciOiJIUzI1NiIsInR5cCI6IkpXVCJ9.eyJ1c2VyR3VpZCI6IjZhN2IwMjE0LWI1ZjAtNGU5Yi1iNmM0LWNkNjEyMzg5OGVkMyIsIm1vYmlsZSI6IjkwMDM3MzAzOTQiLCJmaXJzdF9uYW1lIjoiUmFuaml0aCIsImxhc3RfbmFtZSI6Ikt1bWFyIiwiZW1haWwiOiIiLCJyb2xlIjoidXNlcl9vbmx5IiwiaWF0IjoxNzY3NzA1MDExLCJleHAiOjE3ODM0OTEyNTF9.TF6FPlah2YNzQYCGL_OVKRuFFZAJ1o5jcop8rONtWms
				Accept=*/*
				Content-Type=application/json
Cookies:		<none>
Multiparts:		<none>
Body:
{
    "ordertrackingId": "dc1e71f1-f3ad-4585-b62a-73fb8d61392f",
    "verifyOtpRemarks": "Test",
    "orderid": "df7869cb-b601-4fd0-bc3e-79a3a182f896"
}

--- ? PERFORMANCE STATS ---
   Method  : POST
   Endpoint: https://dev-api-yodadiagnostics.yodaprojects.com/order_tracking/admin/verifyotp
   Time    : ? 740 ms
----------------------------

Response Status: 200
Response Body: {"status":200,"success":true,"msg":"OTP verified successfully","total_amount":0,"data":{"message":"OTP marked as verified by admin."}}
? Admin Verify OTP Successful
? Detailed COD Flow Step 11 Completed.

>>> STEP 12: GET SAMPLE TYPE <<<

==========================================================
      GET SAMPLE TYPE API
==========================================================
Target URL: https://dev-api-yodadiagnostics.yodaprojects.com/tests/getSampleType
DEBUG: System.getProperty('phlebo.token') = FOUND (len=0)
DEBUG: userToken param = FOUND (len=321)
Request method:	GET
Request URI:	https://dev-api-yodadiagnostics.yodaprojects.com/tests/getSampleType
Proxy:			<none>
Request params:	<none>
Query params:	<none>
Form params:	<none>
Path params:	<none>
Headers:		Authorization=Bearer eyJhbGciOiJIUzI1NiIsInR5cCI6IkpXVCJ9.eyJ1c2VyR3VpZCI6IjZhN2IwMjE0LWI1ZjAtNGU5Yi1iNmM0LWNkNjEyMzg5OGVkMyIsIm1vYmlsZSI6IjkwMDM3MzAzOTQiLCJmaXJzdF9uYW1lIjoiUmFuaml0aCIsImxhc3RfbmFtZSI6Ikt1bWFyIiwiZW1haWwiOiIiLCJyb2xlIjoidXNlcl9vbmx5IiwiaWF0IjoxNzY3NzA1MDExLCJleHAiOjE3ODM0OTEyNTF9.TF6FPlah2YNzQYCGL_OVKRuFFZAJ1o5jcop8rONtWms
				Accept=*/*
Cookies:		<none>
Multiparts:		<none>
Body:			<none>

--- ? PERFORMANCE STATS ---
   Method  : GET
   Endpoint: https://dev-api-yodadiagnostics.yodaprojects.com/tests/getSampleType
   Time    : ? 389 ms
----------------------------

Response Status: 200
Response Body: {"status":200,"success":true,"msg":"Sample types fetched successfully","total_amount":0,"data":[{"_id":"679b6f7cedfe4056bd7087b1","name":"Green Tube","active":true,"createdAt":"2025-01-30T12:24:28.249Z","updatedAt":"2025-01-30T12:24:28.249Z","__v":0},{"_id":"68afedcd9a19f71bc1d3f2aa","name":"Blood Culture Bottle","active":true,"createdAt":"2025-02-28T05:44:11.000Z","updatedAt":"2025-02-28T05:44:11.000Z","__v":0},{"_id":"68afedcd9a19f71bc1d3f2a3","name":"Fluoride Tube (Grey Top)","active":true,"createdAt":"2025-02-28T05:44:04.000Z","updatedAt":"2025-02-28T05:44:04.000Z","__v":0},{"_id":"68afedcd9a19f71bc1d3f2ad","name":"Urine Filter Paper","active":true,"createdAt":"2025-02-28T05:44:14.000Z","updatedAt":"2025-02-28T05:44:14.000Z","__v":0},{"_id":"68afedcd9a19f71bc1d3f2a0","name":"Serun Separation Tube (Yellow Top)","active":true,"createdAt":"2025-02-28T05:44:01.000Z","updatedAt":"2025-02-28T05:44:01.000Z","__v":0},{"_id":"68afedcd9a19f71bc1d3f2a4","name":"Urine Container","active":true,"createdAt":"2025-02-28T05:44:05.000Z","updatedAt":"2025-02-28T05:44:05.000Z","__v":0},{"_id":"68afedcd9a19f71bc1d3f2ab","name":"NBS Card","active":true,"createdAt":"2025-02-28T05:44:12.000Z","updatedAt":"2025-02-28T05:44:12.000Z","__v":0},{"_id":"679768f2fe8bb09cf46c49f9","name":"Yellow Tube","active":true,"createdAt":"2025-01-27T11:07:30.602Z","updatedAt":"2025-01-30T12:24:17.705Z","__v":0},{"_id":"68afedcd9a19f71bc1d3f2a8","name":"Lithium Heparin (Green Top)","active":true,"createdAt":"2025-02-28T05:44:09.000Z","updatedAt":"2025-02-28T05:44:09.000Z","__v":0},{"_id":"68afedcd9a19f71bc1d3f2a7","name":"Sodium Heparin (Green Top)","active":true,"createdAt":"2025-02-28T05:44:08.000Z","updatedAt":"2025-02-28T05:44:08.000Z","__v":0},{"_id":"68afedcd9a19f71bc1d3f2af","name":"Others","active":true,"createdAt":"2025-02-28T05:44:16.000Z","updatedAt":"2025-02-28T05:44:16.000Z","__v":0},{"_id":"68afedcd9a19f71bc1d3f2a6","name":"Stool Container","active":true,"createdAt":"2025-02-28T05:44:07.000Z","updatedAt":"2025-02-28T05:44:07.000Z","__v":0},{"_id":"68afedcd9a19f71bc1d3f2a9","name":"NIPT Tube","active":true,"createdAt":"2025-02-28T05:44:10.000Z","updatedAt":"2025-02-28T05:44:10.000Z","__v":0},{"_id":"679768fafe8bb09cf46c49fe","name":"Red Tube","active":true,"createdAt":"2025-01-27T11:07:38.673Z","updatedAt":"2025-01-30T12:24:05.044Z","__v":0},{"_id":"68afedcd9a19f71bc1d3f2a2","name":"Serum Tube (White Tube)","active":true,"createdAt":"2025-02-28T05:44:03.000Z","updatedAt":"2025-02-28T05:44:03.000Z","__v":0},{"_id":"68afedcd9a19f71bc1d3f2ae","name":"LBC Container","active":true,"createdAt":"2025-02-28T05:44:15.000Z","updatedAt":"2025-02-28T05:44:15.000Z","__v":0},{"_id":"68afedcd9a19f71bc1d3f2a1","name":"Plain Tube (Red Top)","active":true,"createdAt":"2025-02-28T05:44:02.000Z","updatedAt":"2025-02-28T05:44:02.000Z","__v":0},{"_id":"68afedcd9a19f71bc1d3f29f","name":"EDTA (Purple Top)","active":true,"createdAt":"2025-02-28T05:44:00.000Z","updatedAt":"2025-02-28T05:44:00.000Z","__v":0},{"_id":"68afedcd9a19f71bc1d3f2a5","name":"Sodium Citrate (Blue Top)","active":true,"createdAt":"2025-02-28T05:44:06.000Z","updatedAt":"2025-02-28T05:44:06.000Z","__v":0},{"_id":"68afedcd9a19f71bc1d3f2ac","name":"Swab","active":true,"createdAt":"2025-02-28T05:44:13.000Z","updatedAt":"2025-02-28T05:44:13.000Z","__v":0},{"_id":"68afedcd9a19f71bc1d3f2b0","name":"Nasal Swab (RT-PCR)","active":true,"createdAt":"2025-02-28T05:44:17.000Z","updatedAt":"2025-02-28T05:44:17.000Z","__v":0}]}
? Selected Random Sample Type: Red Tube
? Sample Type Retrieved: Red Tube

>>> STEP 13: UPDATE STATUS (SAMPLES COLLECTED) <<<

==========================================================
      UPDATE ORDER TRACKING (SAMPLES COLLECTED)
==========================================================
Request Payload: {samples_collected=[{quantity=1, sample_type=Red Tube}], order_tracking_id=dc1e71f1-f3ad-4585-b62a-73fb8d61392f, status=samples_collected}
Target URL: https://dev-api-yodadiagnostics.yodaprojects.com/order_tracking/updateOrderTracking
?? Warning: No Phlebotomist Token found. Using User Token.
Request method:	POST
Request URI:	https://dev-api-yodadiagnostics.yodaprojects.com/order_tracking/updateOrderTracking
Proxy:			<none>
Request params:	<none>
Query params:	<none>
Form params:	<none>
Path params:	<none>
Headers:		Authorization=eyJhbGciOiJIUzI1NiIsInR5cCI6IkpXVCJ9.eyJ1c2VyR3VpZCI6IjZhN2IwMjE0LWI1ZjAtNGU5Yi1iNmM0LWNkNjEyMzg5OGVkMyIsIm1vYmlsZSI6IjkwMDM3MzAzOTQiLCJmaXJzdF9uYW1lIjoiUmFuaml0aCIsImxhc3RfbmFtZSI6Ikt1bWFyIiwiZW1haWwiOiIiLCJyb2xlIjoidXNlcl9vbmx5IiwiaWF0IjoxNzY3NzA1MDExLCJleHAiOjE3ODM0OTEyNTF9.TF6FPlah2YNzQYCGL_OVKRuFFZAJ1o5jcop8rONtWms
				Accept=*/*
				Content-Type=application/json
Cookies:		<none>
Multiparts:		<none>
Body:
{
    "samples_collected": [
        {
            "quantity": 1,
            "sample_type": "Red Tube"
        }
    ],
    "order_tracking_id": "dc1e71f1-f3ad-4585-b62a-73fb8d61392f",
    "status": "samples_collected"
}

--- ? PERFORMANCE STATS ---
   Method  : POST
   Endpoint: https://dev-api-yodadiagnostics.yodaprojects.com/order_tracking/updateOrderTracking
   Time    : ? 274 ms
----------------------------

Response Status: 200
Response Body: {"status":200,"success":true,"msg":"Order Status Updated Successfully","total_amount":0,"data":[{"id":657,"guid":"dc1e71f1-f3ad-4585-b62a-73fb8d61392f","order_id":"df7869cb-b601-4fd0-bc3e-79a3a182f896","address_id":"3e7f93b5-6013-4385-995b-dfecc866c549","phlebo_id":"01b109b7-7706-43b0-acc8-3278f721f34d","assigned_date":"2026-01-06T13:10:23.769Z","pickup_location":"https://maps.google.com/?q=17.4406327,78.3900194","samples_picked":[{"quantity":1,"sample_type":"Red Tube"}],"samples_submitted":[],"status":[{"time":"2026-01-06T13:10:23.769Z","status":"open"},{"time":"2026-01-06T13:10:24.800Z","status":"inprogress"},{"time":"2026-01-06T13:10:26.915Z","status":"samples_collected"}],"verifyOtpRemarks":"Test","received_by":null,"otp_verified":true,"created_at":"2026-01-06T13:10:23.769Z","updated_at":"2026-01-06T13:10:23.769Z","deleted_at":null}]}
? Order Status Updated to 'samples_collected'

>>> STEP 14: VERIFY STATUS (SAMPLES COLLECTED) IN ORDER DETAILS <<<

==========================================================
      GET ORDER BY ID API
==========================================================
Target URL: https://dev-api-yodadiagnostics.yodaprojects.com/order/getOrderById/df7869cb-b601-4fd0-bc3e-79a3a182f896
Request method:	GET
Request URI:	https://dev-api-yodadiagnostics.yodaprojects.com/order/getOrderById/df7869cb-b601-4fd0-bc3e-79a3a182f896
Proxy:			<none>
Request params:	<none>
Query params:	<none>
Form params:	<none>
Path params:	<none>
Headers:		Authorization=eyJhbGciOiJIUzI1NiIsInR5cCI6IkpXVCJ9.eyJ1c2VyR3VpZCI6IjZhN2IwMjE0LWI1ZjAtNGU5Yi1iNmM0LWNkNjEyMzg5OGVkMyIsIm1vYmlsZSI6IjkwMDM3MzAzOTQiLCJmaXJzdF9uYW1lIjoiUmFuaml0aCIsImxhc3RfbmFtZSI6Ikt1bWFyIiwiZW1haWwiOiIiLCJyb2xlIjoidXNlcl9vbmx5IiwiaWF0IjoxNzY3NzA1MDExLCJleHAiOjE3ODM0OTEyNTF9.TF6FPlah2YNzQYCGL_OVKRuFFZAJ1o5jcop8rONtWms
				Accept=*/*
Cookies:		<none>
Multiparts:		<none>
Body:			<none>

--- ? PERFORMANCE STATS ---
   Method  : GET
   Endpoint: /order/getOrderById/df7869cb-b601-4fd0-bc3e-79a3a182f896
   Time    : ? 411 ms
----------------------------

Response Status: 200
Response Body: {"status":200,"success":true,"msg":"Order details fetched successfully","total_amount":0,"data":[{"id":3949,"guid":"df7869cb-b601-4fd0-bc3e-79a3a182f896","order_number":"01KE9PW0RSNA011VF4RXJSD7HH","brand_id":"efb159ac-db7c-4b06-a79b-021a8b6d67e8","user_id":"6a7b0214-b5f0-4e9b-b6c4-cd6123898ed3","family_member_id":null,"total_price":"75","final_price":"75","rewards_used":"0","delivery_charge":"0","paid_amount":"0","order_status":"Sample Collected","membership_discount":8,"membership_mobile_number":null,"sample_collection_by":null,"sample_collection_date":"2026-01-06T13:10:25.863Z","payment_id":"9895ea7e-3154-4c33-a791-15b4c419ff33","address_id":"3e7f93b5-6013-4385-995b-dfecc866c549","lab_location_id":"676a5fa720093d2807af03a5","order_sample_number":"MY26AAA0227","visit_number":"","cancelled_date":null,"cancelled_by":null,"completed_date":null,"completed_by":null,"received_at":null,"slot_start_time":"2026-01-06T20:00:00.000Z","slot_end_time":"2026-01-06T21:00:00.000Z","slot_guid":"44b8d56f-c9af-461a-be92-7110ea417741","reschedule_count":0,"order_created_by":null,"order_created_at":"2026-01-06T13:10:19.233Z","referal_doctor":null,"phlebo_id":"01b109b7-7706-43b0-acc8-3278f721f34d","admin_approval_status":null,"admin_approval_by":null,"admin_approval_at":null,"rewards_gain":"0","cancel_order_remarks":null,"tube_barcode":null,"cancelled_by_user_at":null,"it_dose_order_status":"Sample Collected","it_dose_order_updated_at":"2026-01-06T13:10:19.236Z","it_dose_order_item_status":null,"phlebo_otp":"142815","phlebo_assigned_at":"2026-01-06T13:10:23.759Z","inaugural_discount":0,"cart_id":"pb_ef26432d_mk2lxdy5","created_at":"2026-01-06T13:10:19.236Z","updated_at":"2026-01-06T13:10:23.759Z","deleted_at":null,"coupon_code":null,"coupon_guid":null,"coupon_discount_amount":"0","doctors_discount":null,"orderFrom":null,"cancel_delivery_deducted":false,"refund_amount":"0","is_clinic":false,"discount":"0","actual_discount":8,"otp_verified":true,"samples_picked":[{"quantity":1,"sample_type":"Red Tube"}],"tracking_status":[{"time":"2026-01-06T13:10:23.769Z","status":"open"},{"time":"2026-01-06T13:10:24.800Z","status":"inprogress"},{"time":"2026-01-06T13:10:26.915Z","status":"samples_collected"}],"slot_start_times":"06-01-2026 08:00 PM","slot_end_times":"06-01-2026 09:00 PM","doctor_referral_amount":"0","doctor_name":null,"hospital_name":null,"order_items":[{"id":6160,"guid":"27e4ed63-9309-44a0-a464-ea4becd15b51","order_id":"df7869cb-b601-4fd0-bc3e-79a3a182f896","product_id":"675921110856fe1e1e992cf8","product_name":"RANDOM BLOOD GLUCOSE (RBS)","product_type":"{\"\\\"675697b0262d1460f8d55d7b\\\"\"}","product_code":"BIO274","quantity":1,"actual_price":75,"final_price":67,"original_price":75,"order_status":"Sample Collected","family_member_id":null,"membership_discount":8,"order_item_number":"MY26AAA0227-1","cancelled_at":null,"admin_approval_status":null,"admin_approval_by":null,"admin_approval_at":null,"cancel_order_remarks":null,"created_at":"2026-01-06T13:10:19.236Z","deleted_at":null,"order_quantity":1,"price":67,"family_member_details":null,"status":"ACTIVE","it_dose_order_items_status":"Sample Collected"}],"user_details":{"id":201,"guid":"6a7b0214-b5f0-4e9b-b6c4-cd6123898ed3","first_name":"Ranjith","last_name":"Kumar","middle_name":"","gender":"Male","dob":"1996-10-10","country_code":"+91","mobile":"9003730394","alt_mobile":"","email":"","user_type":"Customer","profile_pic":null,"patient_id":null,"title":"Mr.","fcm_token":null,"created_at":"2025-09-04T14:10:05.429Z","updated_at":"2025-09-04T14:11:06.951Z","deleted_at":null,"deleted_reason":null},"addresses":{"latitude":"17.4406327","longitude":"78.3900194","address_name":"Hyderabad, Madhapur, Hyderabad, Telangana, India, 500033","receiver_details":"Ranjith Kumar, 500033"},"payment":{"payment_type":"COD","payment_mode":null,"payment_status":"Pending","payment_details":null},"home_sample":true,"sample_types":[],"due_amount":"67.00","lab_location_full_address":"The Square Building ,Plot No - 3,4,6 and 10 ,Inorbit Mall Road ,D Block ,Kavuri Hills ,Madhapur ,Rangareddy ,India, Hyderabad, Telangana, 500033","lab_lattitude":"17.4406327","lab_longitude":"78.3900194","lab_title":"Madhapur"}]}
? Order details fetched successfully for Order ID: df7869cb-b601-4fd0-bc3e-79a3a182f896
   Current Order Status (Raw): [Sample Collected]
   Current Order Status (Extracted): Sample Collected
? Order Status Verified: Sample Collected

>>> STEP 15: APPROVE PAYMENT <<<

==========================================================
      APPROVE PAYMENT API
==========================================================

==========================================================
      GET ORDER BY ID API
==========================================================
Target URL: https://dev-api-yodadiagnostics.yodaprojects.com/order/getOrderById/df7869cb-b601-4fd0-bc3e-79a3a182f896
Request method:	GET
Request URI:	https://dev-api-yodadiagnostics.yodaprojects.com/order/getOrderById/df7869cb-b601-4fd0-bc3e-79a3a182f896
Proxy:			<none>
Request params:	<none>
Query params:	<none>
Form params:	<none>
Path params:	<none>
Headers:		Authorization=eyJhbGciOiJIUzI1NiIsInR5cCI6IkpXVCJ9.eyJ1c2VyR3VpZCI6IjZhN2IwMjE0LWI1ZjAtNGU5Yi1iNmM0LWNkNjEyMzg5OGVkMyIsIm1vYmlsZSI6IjkwMDM3MzAzOTQiLCJmaXJzdF9uYW1lIjoiUmFuaml0aCIsImxhc3RfbmFtZSI6Ikt1bWFyIiwiZW1haWwiOiIiLCJyb2xlIjoidXNlcl9vbmx5IiwiaWF0IjoxNzY3NzA1MDExLCJleHAiOjE3ODM0OTEyNTF9.TF6FPlah2YNzQYCGL_OVKRuFFZAJ1o5jcop8rONtWms
				Accept=*/*
Cookies:		<none>
Multiparts:		<none>
Body:			<none>

--- ? PERFORMANCE STATS ---
   Method  : GET
   Endpoint: /order/getOrderById/df7869cb-b601-4fd0-bc3e-79a3a182f896
   Time    : ? 483 ms
----------------------------

Response Status: 200
Response Body: {"status":200,"success":true,"msg":"Order details fetched successfully","total_amount":0,"data":[{"id":3949,"guid":"df7869cb-b601-4fd0-bc3e-79a3a182f896","order_number":"01KE9PW0RSNA011VF4RXJSD7HH","brand_id":"efb159ac-db7c-4b06-a79b-021a8b6d67e8","user_id":"6a7b0214-b5f0-4e9b-b6c4-cd6123898ed3","family_member_id":null,"total_price":"75","final_price":"75","rewards_used":"0","delivery_charge":"0","paid_amount":"0","order_status":"Sample Collected","membership_discount":8,"membership_mobile_number":null,"sample_collection_by":null,"sample_collection_date":"2026-01-06T13:10:25.863Z","payment_id":"9895ea7e-3154-4c33-a791-15b4c419ff33","address_id":"3e7f93b5-6013-4385-995b-dfecc866c549","lab_location_id":"676a5fa720093d2807af03a5","order_sample_number":"MY26AAA0227","visit_number":"","cancelled_date":null,"cancelled_by":null,"completed_date":null,"completed_by":null,"received_at":null,"slot_start_time":"2026-01-06T20:00:00.000Z","slot_end_time":"2026-01-06T21:00:00.000Z","slot_guid":"44b8d56f-c9af-461a-be92-7110ea417741","reschedule_count":0,"order_created_by":null,"order_created_at":"2026-01-06T13:10:19.233Z","referal_doctor":null,"phlebo_id":"01b109b7-7706-43b0-acc8-3278f721f34d","admin_approval_status":null,"admin_approval_by":null,"admin_approval_at":null,"rewards_gain":"0","cancel_order_remarks":null,"tube_barcode":null,"cancelled_by_user_at":null,"it_dose_order_status":"Sample Collected","it_dose_order_updated_at":"2026-01-06T13:10:19.236Z","it_dose_order_item_status":null,"phlebo_otp":"142815","phlebo_assigned_at":"2026-01-06T13:10:23.759Z","inaugural_discount":0,"cart_id":"pb_ef26432d_mk2lxdy5","created_at":"2026-01-06T13:10:19.236Z","updated_at":"2026-01-06T13:10:23.759Z","deleted_at":null,"coupon_code":null,"coupon_guid":null,"coupon_discount_amount":"0","doctors_discount":null,"orderFrom":null,"cancel_delivery_deducted":false,"refund_amount":"0","is_clinic":false,"discount":"0","actual_discount":8,"otp_verified":true,"samples_picked":[{"quantity":1,"sample_type":"Red Tube"}],"tracking_status":[{"time":"2026-01-06T13:10:23.769Z","status":"open"},{"time":"2026-01-06T13:10:24.800Z","status":"inprogress"},{"time":"2026-01-06T13:10:26.915Z","status":"samples_collected"}],"slot_start_times":"06-01-2026 08:00 PM","slot_end_times":"06-01-2026 09:00 PM","doctor_referral_amount":"0","doctor_name":null,"hospital_name":null,"order_items":[{"id":6160,"guid":"27e4ed63-9309-44a0-a464-ea4becd15b51","order_id":"df7869cb-b601-4fd0-bc3e-79a3a182f896","product_id":"675921110856fe1e1e992cf8","product_name":"RANDOM BLOOD GLUCOSE (RBS)","product_type":"{\"\\\"675697b0262d1460f8d55d7b\\\"\"}","product_code":"BIO274","quantity":1,"actual_price":75,"final_price":67,"original_price":75,"order_status":"Sample Collected","family_member_id":null,"membership_discount":8,"order_item_number":"MY26AAA0227-1","cancelled_at":null,"admin_approval_status":null,"admin_approval_by":null,"admin_approval_at":null,"cancel_order_remarks":null,"created_at":"2026-01-06T13:10:19.236Z","deleted_at":null,"order_quantity":1,"price":67,"family_member_details":null,"status":"ACTIVE","it_dose_order_items_status":"Sample Collected"}],"user_details":{"id":201,"guid":"6a7b0214-b5f0-4e9b-b6c4-cd6123898ed3","first_name":"Ranjith","last_name":"Kumar","middle_name":"","gender":"Male","dob":"1996-10-10","country_code":"+91","mobile":"9003730394","alt_mobile":"","email":"","user_type":"Customer","profile_pic":null,"patient_id":null,"title":"Mr.","fcm_token":null,"created_at":"2025-09-04T14:10:05.429Z","updated_at":"2025-09-04T14:11:06.951Z","deleted_at":null,"deleted_reason":null},"addresses":{"latitude":"17.4406327","longitude":"78.3900194","address_name":"Hyderabad, Madhapur, Hyderabad, Telangana, India, 500033","receiver_details":"Ranjith Kumar, 500033"},"payment":{"payment_type":"COD","payment_mode":null,"payment_status":"Pending","payment_details":null},"home_sample":true,"sample_types":[],"due_amount":"67.00","lab_location_full_address":"The Square Building ,Plot No - 3,4,6 and 10 ,Inorbit Mall Road ,D Block ,Kavuri Hills ,Madhapur ,Rangareddy ,India, Hyderabad, Telangana, 500033","lab_lattitude":"17.4406327","lab_longitude":"78.3900194","lab_title":"Madhapur"}]}
? Order details fetched successfully for Order ID: df7869cb-b601-4fd0-bc3e-79a3a182f896
   Extracted Payment ID: 9895ea7e-3154-4c33-a791-15b4c419ff33
   Extracted Due Amount: 67.0
   Order Total Amount: 0
Request Payload: {approved_user_name=33e688a0-67ff-44bb-974b-f53dd17bf625, payment_details=[{amount=67.0, type=Cash, transactionId=, remarks=}], payment_id=9895ea7e-3154-4c33-a791-15b4c419ff33}
Target URL: https://dev-api-yodadiagnostics.yodaprojects.com/order/approvepayment
   Using User Token
Request method:	POST
Request URI:	https://dev-api-yodadiagnostics.yodaprojects.com/order/approvepayment
Proxy:			<none>
Request params:	<none>
Query params:	<none>
Form params:	<none>
Path params:	<none>
Headers:		Authorization=eyJhbGciOiJIUzI1NiIsInR5cCI6IkpXVCJ9.eyJ1c2VyR3VpZCI6IjZhN2IwMjE0LWI1ZjAtNGU5Yi1iNmM0LWNkNjEyMzg5OGVkMyIsIm1vYmlsZSI6IjkwMDM3MzAzOTQiLCJmaXJzdF9uYW1lIjoiUmFuaml0aCIsImxhc3RfbmFtZSI6Ikt1bWFyIiwiZW1haWwiOiIiLCJyb2xlIjoidXNlcl9vbmx5IiwiaWF0IjoxNzY3NzA1MDExLCJleHAiOjE3ODM0OTEyNTF9.TF6FPlah2YNzQYCGL_OVKRuFFZAJ1o5jcop8rONtWms
				Accept=*/*
				Content-Type=application/json
Cookies:		<none>
Multiparts:		<none>
Body:
{
    "approved_user_name": "33e688a0-67ff-44bb-974b-f53dd17bf625",
    "payment_details": [
        {
            "amount": 67.0,
            "type": "Cash",
            "transactionId": "",
            "remarks": ""
        }
    ],
    "payment_id": "9895ea7e-3154-4c33-a791-15b4c419ff33"
}

--- ? PERFORMANCE STATS ---
   Method  : POST
   Endpoint: https://dev-api-yodadiagnostics.yodaprojects.com/order/approvepayment
   Time    : ? 6130 ms
   ??  WARNING: Response is becoming slow (6130ms)
----------------------------

Response Status: 201
Response Body: {"status":201,"success":true,"msg":"Order payment approved successfully","total_amount":0,"data":{"0":{"Guid":"54171f7a-6a1a-47af-821f-d5337eba2e27","mobile":"9003730394","customer_id":"4dcac470-0e44-413b-8b44-f820fce4d23a","brand_id":"efb159ac-db7c-4b06-a79b-021a8b6d67e8","trnsc_id":"","order_id":"01KE9PW0RSNA011VF4RXJSD7HH","trnsc_amount":"67.00","remarks":null,"rewards_gain":"4.00","rewards_used":"0.00","is_reverted":false,"status":"Successful","reference_id":"","reference_code":"MY26AAA0227","payment_mode":null,"actual_price":"75.00","amount":null,"collected_by":null,"collected_at":null,"taking_rewards":"0.00","net_paid_amount":"0.00","created_by":"Ranjith","updated_by":null,"admin_approval_by":null,"admin_approval_at":null,"admin_approval_status":null,"deleted_by":null,"created_at":"2026-01-06 18:40:28+05:30","updated_at":"2026-01-06 18:40:28+05:30"},"order_guids":["df7869cb-b601-4fd0-bc3e-79a3a182f896"],"approvalPaymentData":[{"id":4177,"guid":"9895ea7e-3154-4c33-a791-15b4c419ff33","user_id":"6a7b0214-b5f0-4e9b-b6c4-cd6123898ed3","payment_gateway_id":null,"amount":"67","payment_type":"COD","payment_status":"Success","payment_details":[{"type":"Cash","amount":67,"remarks":"","transactionId":""}],"created_at":"2026-01-06T13:10:18.839Z","deleted_at":null,"reference_id":null,"cod_approved_date":"2026-01-06T13:10:28.305Z","cod_approved_by":"33e688a0-67ff-44bb-974b-f53dd17bf625","razorpay_status":null,"cancel_order_id":null,"refund_id":null,"payment_mode":null,"linked_membership_payment_id":null,"updated_amount":null}],"adminDetails":[{"user_id":12,"user_guid":"33e688a0-67ff-44bb-974b-f53dd17bf625","user_name":"Admin","mobile":null,"gender":null,"dob":null,"password":"$2a$10$HI5Q1OLxNEveOgm4OX0cYepmDpMl4J9BUENxJPOszNvqwmwKxJqh6","address_details":null,"email":"vinaykumar12345@gmail.com","location_id":null,"is_active":true,"role_id":"a885e3d6-92fd-412e-80ab-8f27d0284c5d","location_name":null,"created_at":"2025-04-25T12:03:24.069Z","updated_at":"2025-04-25T12:03:24.069Z","deleted_at":null,"fcm_token":null}]}}
? Approve Payment HTTP Status: 201
? Payment Approved Successfully
?? Warning: Visit Number not found in Approve Payment response. Response: {"status":201,"success":true,"msg":"Order payment approved successfully","total_amount":0,"data":{"0":{"Guid":"54171f7a-6a1a-47af-821f-d5337eba2e27","mobile":"9003730394","customer_id":"4dcac470-0e44-413b-8b44-f820fce4d23a","brand_id":"efb159ac-db7c-4b06-a79b-021a8b6d67e8","trnsc_id":"","order_id":"01KE9PW0RSNA011VF4RXJSD7HH","trnsc_amount":"67.00","remarks":null,"rewards_gain":"4.00","rewards_used":"0.00","is_reverted":false,"status":"Successful","reference_id":"","reference_code":"MY26AAA0227","payment_mode":null,"actual_price":"75.00","amount":null,"collected_by":null,"collected_at":null,"taking_rewards":"0.00","net_paid_amount":"0.00","created_by":"Ranjith","updated_by":null,"admin_approval_by":null,"admin_approval_at":null,"admin_approval_status":null,"deleted_by":null,"created_at":"2026-01-06 18:40:28+05:30","updated_at":"2026-01-06 18:40:28+05:30"},"order_guids":["df7869cb-b601-4fd0-bc3e-79a3a182f896"],"approvalPaymentData":[{"id":4177,"guid":"9895ea7e-3154-4c33-a791-15b4c419ff33","user_id":"6a7b0214-b5f0-4e9b-b6c4-cd6123898ed3","payment_gateway_id":null,"amount":"67","payment_type":"COD","payment_status":"Success","payment_details":[{"type":"Cash","amount":67,"remarks":"","transactionId":""}],"created_at":"2026-01-06T13:10:18.839Z","deleted_at":null,"reference_id":null,"cod_approved_date":"2026-01-06T13:10:28.305Z","cod_approved_by":"33e688a0-67ff-44bb-974b-f53dd17bf625","razorpay_status":null,"cancel_order_id":null,"refund_id":null,"payment_mode":null,"linked_membership_payment_id":null,"updated_amount":null}],"adminDetails":[{"user_id":12,"user_guid":"33e688a0-67ff-44bb-974b-f53dd17bf625","user_name":"Admin","mobile":null,"gender":null,"dob":null,"password":"$2a$10$HI5Q1OLxNEveOgm4OX0cYepmDpMl4J9BUENxJPOszNvqwmwKxJqh6","address_details":null,"email":"vinaykumar12345@gmail.com","location_id":null,"is_active":true,"role_id":"a885e3d6-92fd-412e-80ab-8f27d0284c5d","location_name":null,"created_at":"2025-04-25T12:03:24.069Z","updated_at":"2025-04-25T12:03:24.069Z","deleted_at":null,"fcm_token":null}]}}

? Verifying Payment Status after Approval...

==========================================================
      GET PAYMENT BY ID API (DEV)
==========================================================
Request Payload: {id=9895ea7e-3154-4c33-a791-15b4c419ff33}
Target URL: https://dev-api-yodadiagnostics.yodaprojects.com/gateway/getPaymentById
Request method:	POST
Request URI:	https://dev-api-yodadiagnostics.yodaprojects.com/gateway/getPaymentById
Proxy:			<none>
Request params:	<none>
Query params:	<none>
Form params:	<none>
Path params:	<none>
Headers:		Authorization=eyJhbGciOiJIUzI1NiIsInR5cCI6IkpXVCJ9.eyJ1c2VyR3VpZCI6IjZhN2IwMjE0LWI1ZjAtNGU5Yi1iNmM0LWNkNjEyMzg5OGVkMyIsIm1vYmlsZSI6IjkwMDM3MzAzOTQiLCJmaXJzdF9uYW1lIjoiUmFuaml0aCIsImxhc3RfbmFtZSI6Ikt1bWFyIiwiZW1haWwiOiIiLCJyb2xlIjoidXNlcl9vbmx5IiwiaWF0IjoxNzY3NzA1MDExLCJleHAiOjE3ODM0OTEyNTF9.TF6FPlah2YNzQYCGL_OVKRuFFZAJ1o5jcop8rONtWms
				Accept=*/*
				Content-Type=application/json
Cookies:		<none>
Multiparts:		<none>
Body:
{
    "id": "9895ea7e-3154-4c33-a791-15b4c419ff33"
}

--- ? PERFORMANCE STATS ---
   Method  : POST
   Endpoint: https://dev-api-yodadiagnostics.yodaprojects.com/gateway/getPaymentById
   Time    : ? 135 ms
----------------------------

Response Status: 200
Response Body: {"status":200,"success":true,"msg":"Payment details fetched successfully","total_amount":0,"data":{"payments":{"guid":"9895ea7e-3154-4c33-a791-15b4c419ff33","amount":"67","payment_status":"Success","payment_type":"COD","payment_details":[{"type":"Cash","amount":67,"remarks":"","transactionId":""}],"cod_approved_by":"33e688a0-67ff-44bb-974b-f53dd17bf625","cod_approved_date":"2026-01-06T13:10:28.305Z","payment_gateway_id":null,"reference_id":null,"cancel_order_id":null,"delivery_charge":0,"paid_amount":67,"rewards_used":0,"total_mrp":75,"membership_discount":8,"total_discount":0,"net_payable":75,"inaugural_discount":0,"coupon_discount":0},"order_items":[{"id":6160,"guid":"27e4ed63-9309-44a0-a464-ea4becd15b51","order_id":"df7869cb-b601-4fd0-bc3e-79a3a182f896","payment_guid":"9895ea7e-3154-4c33-a791-15b4c419ff33","product_id":"675921110856fe1e1e992cf8","product_name":"RANDOM BLOOD GLUCOSE (RBS)","product_type":"{\"\\\"675697b0262d1460f8d55d7b\\\"\"}","product_code":"BIO274","quantity":1,"actual_price":75,"original_price":75,"final_price":67,"family_member_id":"00000000-0000-0000-0000-000000000000","firstName":"Ranjith","lastName":"Kumar","order_sample_number":"MY26AAA0227","visit_number":"MYD9086"}]}}
   Post-Approval Payment Status: Success
? VALIDATION PASSED: Payment Status is 'Success'
   Payment Amount on Record: -1.0
? Visit Number extracted from GetPaymentById: MYD9086
>>> STORED VISIT NUMBER: MYD9086
? Detailed COD Flow Step 15 Completed.

==========================================================
         NON-MEMBER LOGIN TEST (No Membership)
==========================================================

==================================================
========== TOKEN GENERATION START (NON_MEMBER) ==========
==================================================
Request method:	POST
Request URI:	https://dev-api-yodadiagnostics.yodaprojects.com/otps/getOtp
Proxy:			<none>
Request params:	<none>
Query params:	<none>
Form params:	<none>
Path params:	<none>
Headers:		Accept=*/*
				Content-Type=application/json
Cookies:		<none>
Multiparts:		<none>
Body:
{
    "country_code": "+91",
    "mobile": "9666666665"
}

--- ? PERFORMANCE STATS ---
   Method  : POST
   Endpoint: /otps/getOtp
   Time    : ? 113 ms
----------------------------

Request method:	POST
Request URI:	https://dev-api-yodadiagnostics.yodaprojects.com/otps/getOtp
Proxy:			<none>
Request params:	<none>
Query params:	<none>
Form params:	<none>
Path params:	<none>
Headers:		Accept=*/*
				Content-Type=application/json
Cookies:		<none>
Multiparts:		<none>
Body:
{
    "country_code": "+91",
    "mobile": "9666666665",
    "otp": "123456"
}

--- ? PERFORMANCE STATS ---
   Method  : POST
   Endpoint: /otps/getOtp
   Time    : ? 312 ms
----------------------------

Token generated for NON_MEMBER: eyJhbGciOiJIUzI1NiIsInR5cCI6IkpXVCJ9.eyJ1c2VyR3VpZCI6ImRiNjgyYWJiLTMxZDEtNDRkZi1iZjE5LTU1N2IwMDNhNWM2OSIsIm1vYmlsZSI6Ijk2NjY2NjY2NjUiLCJmaXJzdF9uYW1lIjoiUmFuaml0aCIsImxhc3RfbmFtZSI6Imt1bWFyIiwiZW1haWwiOiIiLCJyb2xlIjoidXNlcl9vbmx5IiwiaWF0IjoxNzY3NzA1MDM1LCJleHAiOjE3ODM0OTEyNzV9.FRHGxwFPERadR8WfT5yYMvwR2NoeZ96jkbZqExPMMZ0
? NON-MEMBER LOGIN SUCCESS
   Token: eyJhbGciOiJIUzI1NiIsInR5cCI6IkpXVCJ9.eyJ1c2VyR3VpZCI6ImRiNjgyYWJiLTMxZDEtNDRkZi1iZjE5LTU1N2IwMDNhNWM2OSIsIm1vYmlsZSI6Ijk2NjY2NjY2NjUiLCJmaXJzdF9uYW1lIjoiUmFuaml0aCIsImxhc3RfbmFtZSI6Imt1bWFyIiwiZW1haWwiOiIiLCJyb2xlIjoidXNlcl9vbmx5IiwiaWF0IjoxNzY3NzA1MDM1LCJleHAiOjE3ODM0OTEyNzV9.FRHGxwFPERadR8WfT5yYMvwR2NoeZ96jkbZqExPMMZ0
   Mobile: 8220220227 (NOT a paid member)
   Stored in: RequestContext.getNonMemberToken()
   First Name: Ranjith
   Last Name: kumar
   User ID: db682abb-31d1-44df-bf19-557b003a5c69

>>> STEP 1: DETAILED FLOW - LOGIN & SETUP <<<
   Test Configuration User Type: non_member
   Using NON-MEMBER credentials.
? Token found from context.
? Setup Complete for User: db682abb-31d1-44df-bf19-557b003a5c69

===== LOCATION API — NON-MEMBER (8220220227 - NOT a paid member) =====
Request method:	POST
Request URI:	https://dev-api-yodadiagnostics.yodaprojects.com/tests/getlocations
Proxy:			<none>
Request params:	<none>
Query params:	<none>
Form params:	<none>
Path params:	<none>
Headers:		Authorization=eyJhbGciOiJIUzI1NiIsInR5cCI6IkpXVCJ9.eyJ1c2VyR3VpZCI6ImRiNjgyYWJiLTMxZDEtNDRkZi1iZjE5LTU1N2IwMDNhNWM2OSIsIm1vYmlsZSI6Ijk2NjY2NjY2NjUiLCJmaXJzdF9uYW1lIjoiUmFuaml0aCIsImxhc3RfbmFtZSI6Imt1bWFyIiwiZW1haWwiOiIiLCJyb2xlIjoidXNlcl9vbmx5IiwiaWF0IjoxNzY3NzA1MDM1LCJleHAiOjE3ODM0OTEyNzV9.FRHGxwFPERadR8WfT5yYMvwR2NoeZ96jkbZqExPMMZ0
				Accept=*/*
				Content-Type=application/x-www-form-urlencoded; charset=ISO-8859-1
Cookies:		<none>
Multiparts:		<none>
Body:			<none>

--- ? PERFORMANCE STATS ---
   Method  : POST
   Endpoint: /tests/getlocations
   Time    : ? 248 ms
----------------------------


? Total Locations Found: 6
   Location: Ameerpet (HQ) | City: Hyderabad | State: Telangana | Status: ACTIVE | ID: 64870066842708a0d5ae6c77
   ? Coordinates: Lat=17.4358447, Long=78.452737
? Stored: Ameerpet (HQ) ? ID: 64870066842708a0d5ae6c77 | City: Hyderabad | State: Telangana | Coordinates: (17.4358447, 78.452737)
   Location: Guntur | City: Guntur | State: Andhra Pradesh | Status: ACTIVE | ID: 64870066842708a0d5ae6c74
   ? Coordinates: Lat=16.2992859, Long=80.4515523
? Stored: Guntur ? ID: 64870066842708a0d5ae6c74 | City: Guntur | State: Andhra Pradesh | Coordinates: (16.2992859, 80.4515523)
   Location: Khammam | City: Khammam | State: Telangana | Status: ACTIVE | ID: 68ecce703d573db19b650c76
   ? Coordinates: Lat=17.248727, Long=80.1668882
? Stored: Khammam ? ID: 68ecce703d573db19b650c76 | City: Khammam | State: Telangana | Coordinates: (17.248727, 80.1668882)
   Location: Madhapur | City: Hyderabad | State: Telangana | Status: ACTIVE | ID: 676a5fa720093d2807af03a5
   ? Coordinates: Lat=17.4406327, Long=78.3900194
? Stored: Madhapur ? ID: 676a5fa720093d2807af03a5 | City: Hyderabad | State: Telangana | Coordinates: (17.4406327, 78.3900194)
   Location: Tirupati | City: Tirupati | State: Andhra Pradesh | Status: ACTIVE | ID: 64870066842708a0d5ae6c75
   ? Coordinates: Lat=13.6350832, Long=79.42642049999999
? Stored: Tirupati ? ID: 64870066842708a0d5ae6c75 | City: Tirupati | State: Andhra Pradesh | Coordinates: (13.6350832, 79.42642049999999)
   Location: Visakhapatnam | City: Visakhapatnam | State: Andhra Pradesh | Status: ACTIVE | ID: 67346a7655a51ec8ef586bb1
   ? Coordinates: Lat=17.7087874, Long=83.3106882
? Stored: Visakhapatnam ? ID: 67346a7655a51ec8ef586bb1 | City: Visakhapatnam | State: Andhra Pradesh | Coordinates: (17.7087874, 83.3106882)

? Critical Location 'Madhapur' found and stored: 676a5fa720093d2807af03a5
   ? Madhapur Coordinates: Lat=17.4406327, Long=78.3900194
   This location will be used in GlobalSearch and AddToCart APIs

? Locations stored for reuse in next APIs


===== BRAND API — NON-MEMBER =====

?? FETCHING ALL BRANDS...
Request method:	GET
Request URI:	https://dev-api-yodamembership.yodaprojects.com/brand/getAllBrands
Proxy:			<none>
Request params:	<none>
Query params:	<none>
Form params:	<none>
Path params:	<none>
Headers:		Accept=*/*
Cookies:		<none>
Multiparts:		<none>
Body:			<none>

--- ? PERFORMANCE STATS ---
   Method  : GET
   Endpoint: https://dev-api-yodamembership.yodaprojects.com/brand/getAllBrands
   Time    : ? 123 ms
----------------------------

?? API Failed with status: 404
?? Using HARDCODED Brand ID for 'Diagnostics'
Running Global Search as part of NON-MEMBER flow...

==========================================================
         GLOBAL SEARCH API TEST - COMPLETE FLOW
==========================================================
? DEBUG ? STORED LOCATIONS: {Tirupati=64870066842708a0d5ae6c75, Visakhapatnam=67346a7655a51ec8ef586bb1, Khammam=68ecce703d573db19b650c76, Madhapur=676a5fa720093d2807af03a5, Ameerpet (HQ)=64870066842708a0d5ae6c77, UserAddressName=Madhapur, Guntur=64870066842708a0d5ae6c74}

? STEP 1: Validating Location from Previous API (LocationAPI)
   ? Location 'Madhapur' validated from LocationAPI: 676a5fa720093d2807af03a5
   ? This location will be used for Global Search

??  IMPORTANT: We are NOT searching for CBC!
   If CBC appears in results, it's a bug in the search logic.

? Tests to Search: RANDOM BLOOD GLUCOSE (RBS)
? Total Tests: 1

? SEARCHING FOR 1 TESTS
? LOCATION: Madhapur ? 676a5fa720093d2807af03a5

? Searching: RANDOM BLOOD GLUCOSE (RBS)

   ? Attempt 1/5
   Search String: "RANDOM BLOOD GLUCOSE (RBS)"
Request method:	POST
Request URI:	https://dev-api-yodadiagnostics.yodaprojects.com/tests/adminTests
Proxy:			<none>
Request params:	<none>
Query params:	<none>
Form params:	<none>
Path params:	<none>
Headers:		Authorization=Bearer eyJhbGciOiJIUzI1NiIsInR5cCI6IkpXVCJ9.eyJ1c2VyR3VpZCI6IjZhN2IwMjE0LWI1ZjAtNGU5Yi1iNmM0LWNkNjEyMzg5OGVkMyIsIm1vYmlsZSI6IjkwMDM3MzAzOTQiLCJmaXJzdF9uYW1lIjoiUmFuaml0aCIsImxhc3RfbmFtZSI6Ikt1bWFyIiwiZW1haWwiOiIiLCJyb2xlIjoidXNlcl9vbmx5IiwiaWF0IjoxNzY3NzA1MDExLCJleHAiOjE3ODM0OTEyNTF9.TF6FPlah2YNzQYCGL_OVKRuFFZAJ1o5jcop8rONtWms
				Accept=*/*
				Content-Type=application/json
Cookies:		<none>
Multiparts:		<none>
Body:
{
    "limit": 50,
    "location": "676a5fa720093d2807af03a5",
    "page": 1,
    "sort_by": "Type",
    "search_string": "RANDOM BLOOD GLUCOSE (RBS)"
}

--- ? PERFORMANCE STATS ---
   Method  : POST
   Endpoint: tests/adminTests
   Time    : ? 479 ms
----------------------------

   ? API returned 1 results

   ? DEBUG - ALL RESULTS for search "RANDOM BLOOD GLUCOSE (RBS)":
      Result 1:
         test_name: RANDOM BLOOD GLUCOSE (RBS)
         _id: 675921110856fe1e1e992cf8
         test_id: BIO274
         slug: random-blood-glucose-rbs
         Type: diagnostics

   ? EXACT MATCH FOUND: RANDOM BLOOD GLUCOSE (RBS)
      Test ID: BIO274
      Product ID: 675921110856fe1e1e992cf8
      ? SUCCESS with search variation: "RANDOM BLOOD GLUCOSE (RBS)"

? ========================================
   TOTAL TESTS FOUND: 1 / 1
   ========================================
Request method:	POST
Request URI:	https://dev-api-yodadiagnostics.yodaprojects.com/tests/adminTests
Proxy:			<none>
Request params:	<none>
Query params:	<none>
Form params:	<none>
Path params:	<none>
Headers:		Authorization=Bearer eyJhbGciOiJIUzI1NiIsInR5cCI6IkpXVCJ9.eyJ1c2VyR3VpZCI6IjZhN2IwMjE0LWI1ZjAtNGU5Yi1iNmM0LWNkNjEyMzg5OGVkMyIsIm1vYmlsZSI6IjkwMDM3MzAzOTQiLCJmaXJzdF9uYW1lIjoiUmFuaml0aCIsImxhc3RfbmFtZSI6Ikt1bWFyIiwiZW1haWwiOiIiLCJyb2xlIjoidXNlcl9vbmx5IiwiaWF0IjoxNzY3NzA1MDExLCJleHAiOjE3ODM0OTEyNTF9.TF6FPlah2YNzQYCGL_OVKRuFFZAJ1o5jcop8rONtWms
				Accept=*/*
				Content-Type=application/json
Cookies:		<none>
Multiparts:		<none>
Body:
{
    "limit": 50,
    "location": "676a5fa720093d2807af03a5",
    "page": 1,
    "sort_by": "Type",
    "search_string": "RANDOM BLOOD GLUCOSE (RBS)"
}

--- ? PERFORMANCE STATS ---
   Method  : POST
   Endpoint: tests/adminTests
   Time    : ? 594 ms
----------------------------


? EXTRACTING & STORING TEST DETAILS
   Tests already found: 1

? MATCHED & STORED TEST: RANDOM BLOOD GLUCOSE (RBS)
   Test ID       : BIO274
   Product ID    : 675921110856fe1e1e992cf8
   Price         : ?75
   Original Price: ?75
   Type          : diagnostics
   Status        : ACTIVE
   Home Collection: ? AVAILABLE

? All requested tests extracted and stored successfully!

? VALIDATING: Checking we only got the tests we searched for...
   ? Expected test: RANDOM BLOOD GLUCOSE (RBS)

? ANALYZING HOME COLLECTION STATUS FOR ALL TESTS
   ? RANDOM BLOOD GLUCOSE (RBS) - Home Collection: AVAILABLE (type='home')

? HOME COLLECTION ANALYSIS:
   Total tests found: 1
   Tests WITH home collection: 1
   Tests WITHOUT home collection: 0

? Validated stored test: RANDOM BLOOD GLUCOSE (RBS)
   Test ID: BIO274
   Product ID: 675921110856fe1e1e992cf8

? GLOBAL SEARCH COMPLETE (Stored 1 tests)

--- AddToCart For Non-Member ---

? CLEARING PREVIOUS CART for User ID: db682abb-31d1-44df-bf19-557b003a5c69
Request method:	POST
Request URI:	https://dev-api-yodadiagnostics.yodaprojects.com/carts/v2/addCart
Proxy:			<none>
Request params:	<none>
Query params:	<none>
Form params:	<none>
Path params:	<none>
Headers:		Authorization=eyJhbGciOiJIUzI1NiIsInR5cCI6IkpXVCJ9.eyJ1c2VyR3VpZCI6ImRiNjgyYWJiLTMxZDEtNDRkZi1iZjE5LTU1N2IwMDNhNWM2OSIsIm1vYmlsZSI6Ijk2NjY2NjY2NjUiLCJmaXJzdF9uYW1lIjoiUmFuaml0aCIsImxhc3RfbmFtZSI6Imt1bWFyIiwiZW1haWwiOiIiLCJyb2xlIjoidXNlcl9vbmx5IiwiaWF0IjoxNzY3NzA1MDM1LCJleHAiOjE3ODM0OTEyNzV9.FRHGxwFPERadR8WfT5yYMvwR2NoeZ96jkbZqExPMMZ0
				Accept=*/*
				Content-Type=application/json
Cookies:		<none>
Multiparts:		<none>
Body:
{
    "user_id": "db682abb-31d1-44df-bf19-557b003a5c69",
    "lab_location_id": "676a5fa720093d2807af03a5",
    "product_details": [
        
    ],
    "order_type": "home"
}

--- ? PERFORMANCE STATS ---
   Method  : POST
   Endpoint: /carts/v2/addCart
   Time    : ? 113 ms
----------------------------

   ? Cart clear API call successful.
   ? Response Body: {"status":200,"success":true,"msg":"Cart updated successfully","total_amount":0,"data":{"id":490,"guid":"bb89d801-01f3-4a57-9df0-a1be84bb12cd","user_id":"db682abb-31d1-44df-bf19-557b003a5c69","_user_id":null,"product_details":[],"screen_reason":"lab_location_screen","conversion_status":"no","reason_for_drop_order":null,"final_cart_status":"open","reason":null,"created_at":"2025-12-01T14:08:26.496Z","updated_at":"2026-01-06T13:10:37.397Z","deleted_at":null,"order_type":"home","coupon_guid":null,"slot_guid":null,"rewards_used":0,"lab_location_id":"676a5fa720093d2807af03a5","referal_doctor":null,"membership_id":null,"address_id":null,"total_orders":155}}

? CUSTOM PAYLOAD BUILDER for db682abb-31d1-44df-bf19-557b003a5c69
      ? Added test to payload: RANDOM BLOOD GLUCOSE (RBS) (Type: home)
Request method:	POST
Request URI:	https://dev-api-yodadiagnostics.yodaprojects.com/carts/v2/addCart
Proxy:			<none>
Request params:	<none>
Query params:	<none>
Form params:	<none>
Path params:	<none>
Headers:		Authorization=eyJhbGciOiJIUzI1NiIsInR5cCI6IkpXVCJ9.eyJ1c2VyR3VpZCI6ImRiNjgyYWJiLTMxZDEtNDRkZi1iZjE5LTU1N2IwMDNhNWM2OSIsIm1vYmlsZSI6Ijk2NjY2NjY2NjUiLCJmaXJzdF9uYW1lIjoiUmFuaml0aCIsImxhc3RfbmFtZSI6Imt1bWFyIiwiZW1haWwiOiIiLCJyb2xlIjoidXNlcl9vbmx5IiwiaWF0IjoxNzY3NzA1MDM1LCJleHAiOjE3ODM0OTEyNzV9.FRHGxwFPERadR8WfT5yYMvwR2NoeZ96jkbZqExPMMZ0
				Accept=*/*
				Content-Type=application/json
Cookies:		<none>
Multiparts:		<none>
Body:
{
    "user_id": "db682abb-31d1-44df-bf19-557b003a5c69",
    "lab_location_id": "676a5fa720093d2807af03a5",
    "product_details": [
        {
            "quantity": 1,
            "product_id": "675921110856fe1e1e992cf8",
            "type": "home",
            "location_id": "676a5fa720093d2807af03a5",
            "brand_id": "efb159ac-db7c-4b06-a79b-021a8b6d67e8",
            "family_member_id": [
                "db682abb-31d1-44df-bf19-557b003a5c69"
            ]
        }
    ],
    "order_type": "home"
}

--- ? PERFORMANCE STATS ---
   Method  : POST
   Endpoint: /carts/v2/addCart
   Time    : ? 378 ms
----------------------------

   ? Cart Data Stored for NON_MEMBER (GUID: bb89d801-01f3-4a57-9df0-a1be84bb12cd)

>>> STEP 2: GET CART & VERIFY PRICE <<<

==========================================================
      GET CART API (Check Total for COD)
==========================================================
Request method:	GET
Request URI:	https://dev-api-yodadiagnostics.yodaprojects.com/carts/v2/getCartById/db682abb-31d1-44df-bf19-557b003a5c69?location=676a5fa720093d2807af03a5&order_type=home
Proxy:			<none>
Request params:	<none>
Query params:	location=676a5fa720093d2807af03a5
				order_type=home
Form params:	<none>
Path params:	<none>
Headers:		Authorization=eyJhbGciOiJIUzI1NiIsInR5cCI6IkpXVCJ9.eyJ1c2VyR3VpZCI6ImRiNjgyYWJiLTMxZDEtNDRkZi1iZjE5LTU1N2IwMDNhNWM2OSIsIm1vYmlsZSI6Ijk2NjY2NjY2NjUiLCJmaXJzdF9uYW1lIjoiUmFuaml0aCIsImxhc3RfbmFtZSI6Imt1bWFyIiwiZW1haWwiOiIiLCJyb2xlIjoidXNlcl9vbmx5IiwiaWF0IjoxNzY3NzA1MDM1LCJleHAiOjE3ODM0OTEyNzV9.FRHGxwFPERadR8WfT5yYMvwR2NoeZ96jkbZqExPMMZ0
				Accept=*/*
Cookies:		<none>
Multiparts:		<none>
Body:			<none>

--- ? PERFORMANCE STATS ---
   Method  : GET
   Endpoint: /carts/v2/getCartById/db682abb-31d1-44df-bf19-557b003a5c69
   Time    : ? 449 ms
----------------------------

Response Status: 200
   Cart Total: ?325
   Cart ID: bb89d801-01f3-4a57-9df0-a1be84bb12cd
   Order Type: home

>>> STEP 3: ADD ADDRESS & SLOT <<<

==========================================================
      ADD ADDRESS API (Required for Home Order)
==========================================================
Request method:	POST
Request URI:	https://dev-api-yodadiagnostics.yodaprojects.com/address/addAddress
Proxy:			<none>
Request params:	<none>
Query params:	<none>
Form params:	<none>
Path params:	<none>
Headers:		Authorization=eyJhbGciOiJIUzI1NiIsInR5cCI6IkpXVCJ9.eyJ1c2VyR3VpZCI6ImRiNjgyYWJiLTMxZDEtNDRkZi1iZjE5LTU1N2IwMDNhNWM2OSIsIm1vYmlsZSI6Ijk2NjY2NjY2NjUiLCJmaXJzdF9uYW1lIjoiUmFuaml0aCIsImxhc3RfbmFtZSI6Imt1bWFyIiwiZW1haWwiOiIiLCJyb2xlIjoidXNlcl9vbmx5IiwiaWF0IjoxNzY3NzA1MDM1LCJleHAiOjE3ODM0OTEyNzV9.FRHGxwFPERadR8WfT5yYMvwR2NoeZ96jkbZqExPMMZ0
				Accept=*/*
				Content-Type=application/json
Cookies:		<none>
Multiparts:		<none>
Body:
{
    "country": "India",
    "city": "Hyderabad",
    "recipient_mobile_number": "9999999999",
    "latitude": "17.4358447",
    "type": "home",
    "country_code": "+91",
    "user_id": "db682abb-31d1-44df-bf19-557b003a5c69",
    "address_line1": "Hyderabad",
    "name": "Ameerpet (HQ)",
    "receiver_name": "Test User",
    "state": "Telangana",
    "postal_code": "500016",
    "longitude": "78.452737"
}

--- ? PERFORMANCE STATS ---
   Method  : POST
   Endpoint: /address/addAddress
   Time    : ? 121 ms
----------------------------

Response Status: 409
Response Body: {"status":409,"success":false,"msg":"Address already exists!"}
Address already exists (409). Fetching existing address...
Request method:	GET
Request URI:	https://dev-api-yodadiagnostics.yodaprojects.com/address/getAddressByUserId/db682abb-31d1-44df-bf19-557b003a5c69
Proxy:			<none>
Request params:	<none>
Query params:	<none>
Form params:	<none>
Path params:	<none>
Headers:		Authorization=eyJhbGciOiJIUzI1NiIsInR5cCI6IkpXVCJ9.eyJ1c2VyR3VpZCI6ImRiNjgyYWJiLTMxZDEtNDRkZi1iZjE5LTU1N2IwMDNhNWM2OSIsIm1vYmlsZSI6Ijk2NjY2NjY2NjUiLCJmaXJzdF9uYW1lIjoiUmFuaml0aCIsImxhc3RfbmFtZSI6Imt1bWFyIiwiZW1haWwiOiIiLCJyb2xlIjoidXNlcl9vbmx5IiwiaWF0IjoxNzY3NzA1MDM1LCJleHAiOjE3ODM0OTEyNzV9.FRHGxwFPERadR8WfT5yYMvwR2NoeZ96jkbZqExPMMZ0
				Accept=*/*
Cookies:		<none>
Multiparts:		<none>
Body:			<none>

--- ? PERFORMANCE STATS ---
   Method  : GET
   Endpoint: /address/getAddressByUserId/db682abb-31d1-44df-bf19-557b003a5c69
   Time    : ? 223 ms
----------------------------

Get Address Response Status: 200
Using existing Address ID: 471
? SEARCHING FOR AVAILABLE SLOTS...
Request method:	POST
Request URI:	https://dev-api-yodadiagnostics.yodaprojects.com/slot/getSlotCountByTime
Proxy:			<none>
Request params:	<none>
Query params:	<none>
Form params:	<none>
Path params:	<none>
Headers:		Authorization=eyJhbGciOiJIUzI1NiIsInR5cCI6IkpXVCJ9.eyJ1c2VyR3VpZCI6ImRiNjgyYWJiLTMxZDEtNDRkZi1iZjE5LTU1N2IwMDNhNWM2OSIsIm1vYmlsZSI6Ijk2NjY2NjY2NjUiLCJmaXJzdF9uYW1lIjoiUmFuaml0aCIsImxhc3RfbmFtZSI6Imt1bWFyIiwiZW1haWwiOiIiLCJyb2xlIjoidXNlcl9vbmx5IiwiaWF0IjoxNzY3NzA1MDM1LCJleHAiOjE3ODM0OTEyNzV9.FRHGxwFPERadR8WfT5yYMvwR2NoeZ96jkbZqExPMMZ0
				Accept=*/*
				Content-Type=application/json
Cookies:		<none>
Multiparts:		<none>
Body:
{
    "slot_start_time": "2026-01-06",
    "limit": 100,
    "page": 1,
    "type": "home",
    "addressguid": "99cfd160-72e2-4fcf-b2f4-56e5bbb49fea"
}

--- ? PERFORMANCE STATS ---
   Method  : POST
   Endpoint: /slot/getSlotCountByTime
   Time    : ? 305 ms
----------------------------

--- Slot Search ---
Date Searched: 2026-01-06
Status Code: 200
Response Body: {"status":200,"success":true,"msg":"Slots Fetched Successfully","total":23,"page":1,"limit":100,"total_pages":1,"total_amount":0,"data":[{"guid":"88785f05-ed91-41bb-8322-d607bbc63a39","type":"home","starttime":"2026-01-06 00:00:00","endtime":"2026-01-06 01:00:00","count":0,"centerid":"676e886d854c2069a0d47703"},{"guid":"85caa9e2-614b-490a-98c7-0d2cbf3753b4","type":"home","starttime":"2026-01-06 01:00:00","endtime":"2026-01-06 02:00:00","count":0,"centerid":"676e886d854c2069a0d47703"},{"guid":"f31ba82e-f5e2-4fc9-aca8-990c72dc71fa","type":"home","starttime":"2026-01-06 02:00:00","endtime":"2026-01-06 03:00:00","count":0,"centerid":"676e886d854c2069a0d47703"},{"guid":"cf027b8c-2c31-4a5c-8455-1b146ffaa363","type":"home","starttime":"2026-01-06 03:00:00","endtime":"2026-01-06 04:00:00","count":0,"centerid":"676e886d854c2069a0d47703"},{"guid":"926b8e09-b272-4425-a35d-9a9620b82501","type":"home","starttime":"2026-01-06 04:00:00","endtime":"2026-01-06 05:00:00","count":0,"centerid":"676e886d854c2069a0d47703"},{"guid":"a4a4020e-a245-4a78-972a-89e9b1854a3b","type":"home","starttime":"2026-01-06 05:00:00","endtime":"2026-01-06 06:00:00","count":0,"centerid":"676e886d854c2069a0d47703"},{"guid":"7f162274-b7ab-4af2-a820-f2eb81ad7aec","type":"home","starttime":"2026-01-06 06:00:00","endtime":"2026-01-06 07:00:00","count":0,"centerid":"676e886d854c2069a0d47703"},{"guid":"834d1e1f-f679-4907-8d61-3055104bc4c7","type":"home","starttime":"2026-01-06 07:00:00","endtime":"2026-01-06 08:00:00","count":0,"centerid":"676e886d854c2069a0d47703"},{"guid":"1eb907ea-3776-4a21-8ff9-c05b0fb2a06a","type":"home","starttime":"2026-01-06 08:00:00","endtime":"2026-01-06 09:00:00","count":0,"centerid":"676e886d854c2069a0d47703"},{"guid":"cadb3902-4d67-4300-8832-7c911290dd21","type":"home","starttime":"2026-01-06 09:00:00","endtime":"2026-01-06 10:00:00","count":0,"centerid":"676e886d854c2069a0d47703"},{"guid":"5e285521-cd01-4098-b163-7cc1b2ec1ed0","type":"home","starttime":"2026-01-06 10:00:00","endtime":"2026-01-06 11:00:00","count":0,"centerid":"676e886d854c2069a0d47703"},{"guid":"f6b8a030-e105-40bc-9fd8-caf3af7ee952","type":"home","starttime":"2026-01-06 11:00:00","endtime":"2026-01-06 12:00:00","count":0,"centerid":"676e886d854c2069a0d47703"},{"guid":"303777c7-dd29-4db4-95e2-c842a7ea9ec8","type":"home","starttime":"2026-01-06 12:00:00","endtime":"2026-01-06 13:00:00","count":0,"centerid":"676e886d854c2069a0d47703"},{"guid":"70632a82-8dd8-4ca5-ab82-3b99d21969ea","type":"home","starttime":"2026-01-06 13:00:00","endtime":"2026-01-06 14:00:00","count":0,"centerid":"676e886d854c2069a0d47703"},{"guid":"721966ab-0d82-4a7e-85c7-c9e9d702a3a0","type":"home","starttime":"2026-01-06 14:00:00","endtime":"2026-01-06 15:00:00","count":0,"centerid":"676e886d854c2069a0d47703"},{"guid":"2d8125f6-9c26-4abf-a47c-8917a19a8c23","type":"home","starttime":"2026-01-06 15:00:00","endtime":"2026-01-06 16:00:00","count":0,"centerid":"676e886d854c2069a0d47703"},{"guid":"f8c05fa5-0a16-4581-9e0f-9da75aed9451","type":"home","starttime":"2026-01-06 16:00:00","endtime":"2026-01-06 17:00:00","count":0,"centerid":"676e886d854c2069a0d47703"},{"guid":"cfe4ba6e-4129-452c-99d0-629ae2e5e8e0","type":"home","starttime":"2026-01-06 17:00:00","endtime":"2026-01-06 18:00:00","count":0,"centerid":"676e886d854c2069a0d47703"},{"guid":"b8ebbb56-d8e7-4ff8-bc16-38fb296aec6a","type":"home","starttime":"2026-01-06 18:00:00","endtime":"2026-01-06 19:00:00","count":0,"centerid":"676e886d854c2069a0d47703"},{"guid":"66228c17-e9e3-46f4-b421-92089f658612","type":"home","starttime":"2026-01-06 19:00:00","endtime":"2026-01-06 20:00:00","count":0,"centerid":"676e886d854c2069a0d47703"},{"guid":"44b8d56f-c9af-461a-be92-7110ea417741","type":"home","starttime":"2026-01-06 20:00:00","endtime":"2026-01-06 21:00:00","count":28,"centerid":"676e886d854c2069a0d47703"},{"guid":"eb756bc7-c3f1-4c85-8384-b53289015cd9","type":"home","starttime":"2026-01-06 21:00:00","endtime":"2026-01-06 22:00:00","count":30,"centerid":"676e886d854c2069a0d47703"},{"guid":"841d7923-0f66-407e-87ef-d3b398188fc9","type":"home","starttime":"2026-01-06 22:00:00","endtime":"2026-01-06 23:00:00","count":27,"centerid":"676e886d854c2069a0d47703"}]}
--- End Slot Search ---
   ? Found Slot: 2026-01-06 20:00:00 - 2026-01-06 21:00:00

? UPDATING CART WITH SLOT...
Request method:	POST
Request URI:	https://dev-api-yodadiagnostics.yodaprojects.com/carts/v2/addCart
Proxy:			<none>
Request params:	<none>
Query params:	<none>
Form params:	<none>
Path params:	<none>
Headers:		Authorization=eyJhbGciOiJIUzI1NiIsInR5cCI6IkpXVCJ9.eyJ1c2VyR3VpZCI6ImRiNjgyYWJiLTMxZDEtNDRkZi1iZjE5LTU1N2IwMDNhNWM2OSIsIm1vYmlsZSI6Ijk2NjY2NjY2NjUiLCJmaXJzdF9uYW1lIjoiUmFuaml0aCIsImxhc3RfbmFtZSI6Imt1bWFyIiwiZW1haWwiOiIiLCJyb2xlIjoidXNlcl9vbmx5IiwiaWF0IjoxNzY3NzA1MDM1LCJleHAiOjE3ODM0OTEyNzV9.FRHGxwFPERadR8WfT5yYMvwR2NoeZ96jkbZqExPMMZ0
				Accept=*/*
				Content-Type=application/json
Cookies:		<none>
Multiparts:		<none>
Body:
{
    "user_id": "db682abb-31d1-44df-bf19-557b003a5c69",
    "slot_guid": "44b8d56f-c9af-461a-be92-7110ea417741",
    "address_id": "99cfd160-72e2-4fcf-b2f4-56e5bbb49fea",
    "lab_location_id": "676a5fa720093d2807af03a5",
    "product_details": [
        {
            "quantity": 1,
            "product_id": "675921110856fe1e1e992cf8",
            "type": "home",
            "location_id": "676a5fa720093d2807af03a5",
            "brand_id": "efb159ac-db7c-4b06-a79b-021a8b6d67e8",
            "family_member_id": [
                "db682abb-31d1-44df-bf19-557b003a5c69"
            ]
        }
    ],
    "order_type": "home"
}

--- ? PERFORMANCE STATS ---
   Method  : POST
   Endpoint: /carts/v2/addCart
   Time    : ? 133 ms
----------------------------

Update Cart Response Body: {"status":200,"success":true,"msg":"Cart updated successfully","total_amount":0,"data":{"id":490,"guid":"bb89d801-01f3-4a57-9df0-a1be84bb12cd","user_id":"db682abb-31d1-44df-bf19-557b003a5c69","_user_id":null,"product_details":[{"product_id":"675921110856fe1e1e992cf8","quantity":1,"brand_id":"efb159ac-db7c-4b06-a79b-021a8b6d67e8","family_member_id":["db682abb-31d1-44df-bf19-557b003a5c69"],"location_id":"676a5fa720093d2807af03a5"}],"screen_reason":"lab_location_screen","conversion_status":"no","reason_for_drop_order":null,"final_cart_status":"open","reason":null,"created_at":"2025-12-01T14:08:26.496Z","updated_at":"2026-01-06T13:10:39.225Z","deleted_at":null,"order_type":"home","coupon_guid":null,"slot_guid":"44b8d56f-c9af-461a-be92-7110ea417741","rewards_used":0,"lab_location_id":"676a5fa720093d2807af03a5","referal_doctor":null,"membership_id":null,"address_id":"99cfd160-72e2-4fcf-b2f4-56e5bbb49fea","total_orders":155}}
? Cart updated successfully with Slot: 44b8d56f-c9af-461a-be92-7110ea417741
? Address & Slot Configured.

>>> STEP 4: VERIFY PAYMENT (PRE-CHECK) <<<

==========================================================
      GET CART API (Check Total for COD)
==========================================================
Request method:	GET
Request URI:	https://dev-api-yodadiagnostics.yodaprojects.com/carts/v2/getCartById/db682abb-31d1-44df-bf19-557b003a5c69?location=676a5fa720093d2807af03a5&order_type=home
Proxy:			<none>
Request params:	<none>
Query params:	location=676a5fa720093d2807af03a5
				order_type=home
Form params:	<none>
Path params:	<none>
Headers:		Authorization=eyJhbGciOiJIUzI1NiIsInR5cCI6IkpXVCJ9.eyJ1c2VyR3VpZCI6ImRiNjgyYWJiLTMxZDEtNDRkZi1iZjE5LTU1N2IwMDNhNWM2OSIsIm1vYmlsZSI6Ijk2NjY2NjY2NjUiLCJmaXJzdF9uYW1lIjoiUmFuaml0aCIsImxhc3RfbmFtZSI6Imt1bWFyIiwiZW1haWwiOiIiLCJyb2xlIjoidXNlcl9vbmx5IiwiaWF0IjoxNzY3NzA1MDM1LCJleHAiOjE3ODM0OTEyNzV9.FRHGxwFPERadR8WfT5yYMvwR2NoeZ96jkbZqExPMMZ0
				Accept=*/*
Cookies:		<none>
Multiparts:		<none>
Body:			<none>

--- ? PERFORMANCE STATS ---
   Method  : GET
   Endpoint: /carts/v2/getCartById/db682abb-31d1-44df-bf19-557b003a5c69
   Time    : ? 328 ms
----------------------------

Response Status: 200

==========================================================
      VERIFY PAYMENT API (COD PRE-CHECK)
==========================================================
Request Payload: {user_id=db682abb-31d1-44df-bf19-557b003a5c69}
Target URL: https://dev-api-yodadiagnostics.yodaprojects.com/gateway/v2/VerifyPayment
Request method:	POST
Request URI:	https://dev-api-yodadiagnostics.yodaprojects.com/gateway/v2/VerifyPayment
Proxy:			<none>
Request params:	<none>
Query params:	<none>
Form params:	<none>
Path params:	<none>
Headers:		Authorization=eyJhbGciOiJIUzI1NiIsInR5cCI6IkpXVCJ9.eyJ1c2VyR3VpZCI6ImRiNjgyYWJiLTMxZDEtNDRkZi1iZjE5LTU1N2IwMDNhNWM2OSIsIm1vYmlsZSI6Ijk2NjY2NjY2NjUiLCJmaXJzdF9uYW1lIjoiUmFuaml0aCIsImxhc3RfbmFtZSI6Imt1bWFyIiwiZW1haWwiOiIiLCJyb2xlIjoidXNlcl9vbmx5IiwiaWF0IjoxNzY3NzA1MDM1LCJleHAiOjE3ODM0OTEyNzV9.FRHGxwFPERadR8WfT5yYMvwR2NoeZ96jkbZqExPMMZ0
				Accept=*/*
				Content-Type=application/json
Cookies:		<none>
Multiparts:		<none>
Body:
{
    "user_id": "db682abb-31d1-44df-bf19-557b003a5c69"
}

--- ? PERFORMANCE STATS ---
   Method  : POST
   Endpoint: /gateway/v2/VerifyPayment
   Time    : ? 4407 ms
----------------------------

Response Status: 200
Response Body: {"status":200,"success":true,"msg":"Orders saved successfully.","total_amount":0,"data":[{"orderDetails":[{"id":3950,"guid":"74167c07-e6cf-4cc5-9cb9-7a05a65ddf5d","order_number":"01KE9PWNE7WH2FV55066GAZJ7G","brand_id":"efb159ac-db7c-4b06-a79b-021a8b6d67e8","user_id":"db682abb-31d1-44df-bf19-557b003a5c69","family_member_id":null,"total_price":"75","final_price":"75","rewards_used":"0","delivery_charge":"250","paid_amount":"325","order_status":"Pending","membership_discount":0,"membership_mobile_number":null,"sample_collection_by":null,"sample_collection_date":null,"payment_id":"a441a7a1-0982-4990-9d70-5dfdf84d0ec3","address_id":"99cfd160-72e2-4fcf-b2f4-56e5bbb49fea","lab_location_id":"676a5fa720093d2807af03a5","order_sample_number":"MY26AAA0228","visit_number":"","cancelled_date":null,"cancelled_by":null,"completed_date":null,"completed_by":null,"received_at":null,"slot_start_time":"2026-01-06T20:00:00.000Z","slot_end_time":"2026-01-06T21:00:00.000Z","slot_guid":"44b8d56f-c9af-461a-be92-7110ea417741","reschedule_count":0,"order_created_by":null,"order_created_at":"2026-01-06T13:10:40.404Z","referal_doctor":null,"phlebo_id":null,"admin_approval_status":null,"admin_approval_by":null,"admin_approval_at":null,"rewards_gain":"0","cancel_order_remarks":null,"tube_barcode":null,"cancelled_by_user_at":null,"it_dose_order_status":null,"it_dose_order_updated_at":"2026-01-06T13:10:40.407Z","it_dose_order_item_status":null,"phlebo_otp":null,"phlebo_assigned_at":null,"inaugural_discount":0,"cart_id":"pb_05ef0189_mk2lxubq","created_at":"2026-01-06T13:10:40.407Z","updated_at":"2026-01-06T13:10:40.407Z","deleted_at":null,"coupon_code":null,"coupon_guid":null,"coupon_discount_amount":"0","doctors_discount":null,"orderFrom":null,"cancel_delivery_deducted":false,"refund_amount":"0","is_clinic":false}],"OrderItems":[{"id":6161,"guid":"d13c6a67-bd37-4e51-b69c-69eaf7ea00d6","order_id":"74167c07-e6cf-4cc5-9cb9-7a05a65ddf5d","product_id":"675921110856fe1e1e992cf8","product_name":"RANDOM BLOOD GLUCOSE (RBS)","product_type":"{\"\\\"675697b0262d1460f8d55d7b\\\"\"}","product_code":"BIO274","quantity":"1","actual_price":"75","final_price":"75","original_price":"75","order_status":"Pending","family_member_id":null,"membership_discount":0,"order_item_number":"MY26AAA0228-1","cancelled_at":null,"admin_approval_status":null,"admin_approval_by":null,"admin_approval_at":null,"cancel_order_remarks":null,"created_at":"2026-01-06T13:10:40.407Z","deleted_at":null}],"membershipDetails":{"isMembershipOrder":false}}]}
Extracted Payment ID: a441a7a1-0982-4990-9d70-5dfdf84d0ec3
Extracted Order ID: 74167c07-e6cf-4cc5-9cb9-7a05a65ddf5d

>>> STEP 5: CROSS-API VALIDATION <<<

==========================================================
      GET PAYMENT BY ID API (DEV)
==========================================================
Request Payload: {id=a441a7a1-0982-4990-9d70-5dfdf84d0ec3}
Target URL: https://dev-api-yodadiagnostics.yodaprojects.com/gateway/getPaymentById
Request method:	POST
Request URI:	https://dev-api-yodadiagnostics.yodaprojects.com/gateway/getPaymentById
Proxy:			<none>
Request params:	<none>
Query params:	<none>
Form params:	<none>
Path params:	<none>
Headers:		Authorization=eyJhbGciOiJIUzI1NiIsInR5cCI6IkpXVCJ9.eyJ1c2VyR3VpZCI6ImRiNjgyYWJiLTMxZDEtNDRkZi1iZjE5LTU1N2IwMDNhNWM2OSIsIm1vYmlsZSI6Ijk2NjY2NjY2NjUiLCJmaXJzdF9uYW1lIjoiUmFuaml0aCIsImxhc3RfbmFtZSI6Imt1bWFyIiwiZW1haWwiOiIiLCJyb2xlIjoidXNlcl9vbmx5IiwiaWF0IjoxNzY3NzA1MDM1LCJleHAiOjE3ODM0OTEyNzV9.FRHGxwFPERadR8WfT5yYMvwR2NoeZ96jkbZqExPMMZ0
				Accept=*/*
				Content-Type=application/json
Cookies:		<none>
Multiparts:		<none>
Body:
{
    "id": "a441a7a1-0982-4990-9d70-5dfdf84d0ec3"
}

--- ? PERFORMANCE STATS ---
   Method  : POST
   Endpoint: https://dev-api-yodadiagnostics.yodaprojects.com/gateway/getPaymentById
   Time    : ? 265 ms
----------------------------

Response Status: 200
Response Body: {"status":200,"success":true,"msg":"Payment details fetched successfully","total_amount":0,"data":{"payments":{"guid":"a441a7a1-0982-4990-9d70-5dfdf84d0ec3","amount":"325","payment_status":"Pending","payment_type":"COD","payment_details":null,"cod_approved_by":null,"cod_approved_date":null,"payment_gateway_id":null,"reference_id":null,"cancel_order_id":null,"delivery_charge":250,"paid_amount":325,"rewards_used":0,"total_mrp":75,"membership_discount":0,"total_discount":0,"net_payable":75,"inaugural_discount":0,"coupon_discount":0},"order_items":[{"id":6161,"guid":"d13c6a67-bd37-4e51-b69c-69eaf7ea00d6","order_id":"74167c07-e6cf-4cc5-9cb9-7a05a65ddf5d","payment_guid":"a441a7a1-0982-4990-9d70-5dfdf84d0ec3","product_id":"675921110856fe1e1e992cf8","product_name":"RANDOM BLOOD GLUCOSE (RBS)","product_type":"{\"\\\"675697b0262d1460f8d55d7b\\\"\"}","product_code":"BIO274","quantity":1,"actual_price":75,"original_price":75,"final_price":75,"family_member_id":"00000000-0000-0000-0000-000000000000","firstName":"Ranjith","lastName":"kumar","order_sample_number":"MY26AAA0228","visit_number":""}]}}

==========================================================
      GET CART API (Check Total for COD)
==========================================================
Request method:	GET
Request URI:	https://dev-api-yodadiagnostics.yodaprojects.com/carts/v2/getCartById/db682abb-31d1-44df-bf19-557b003a5c69?location=676a5fa720093d2807af03a5&order_type=home
Proxy:			<none>
Request params:	<none>
Query params:	location=676a5fa720093d2807af03a5
				order_type=home
Form params:	<none>
Path params:	<none>
Headers:		Authorization=eyJhbGciOiJIUzI1NiIsInR5cCI6IkpXVCJ9.eyJ1c2VyR3VpZCI6ImRiNjgyYWJiLTMxZDEtNDRkZi1iZjE5LTU1N2IwMDNhNWM2OSIsIm1vYmlsZSI6Ijk2NjY2NjY2NjUiLCJmaXJzdF9uYW1lIjoiUmFuaml0aCIsImxhc3RfbmFtZSI6Imt1bWFyIiwiZW1haWwiOiIiLCJyb2xlIjoidXNlcl9vbmx5IiwiaWF0IjoxNzY3NzA1MDM1LCJleHAiOjE3ODM0OTEyNzV9.FRHGxwFPERadR8WfT5yYMvwR2NoeZ96jkbZqExPMMZ0
				Accept=*/*
Cookies:		<none>
Multiparts:		<none>
Body:			<none>

--- ? PERFORMANCE STATS ---
   Method  : GET
   Endpoint: /carts/v2/getCartById/db682abb-31d1-44df-bf19-557b003a5c69
   Time    : ? 126 ms
----------------------------

Response Status: 200

? ==========================================================
         CROSS-API VALIDATION REPORT
? ==========================================================

? 1. TOTAL AMOUNT CONSISTENCY CHECK:
   Expected Total (Cart): ?325
   Payment Total (GetPayment): ?325
   ? PASS: Cart total matches Payment total
   (User ID and Address ID validations are covered in Assign Order step)

? 2. PAYMENT ID CONSISTENCY CHECK:
   Expected Payment ID: a441a7a1-0982-4990-9d70-5dfdf84d0ec3
   Actual Payment GUID: a441a7a1-0982-4990-9d70-5dfdf84d0ec3
   ? PASS: Payment ID matches across APIs
   Expected Slot GUID: 44b8d56f-c9af-461a-be92-7110ea417741

? 3. PAYMENT TYPE VALIDATION:
   Payment Type: COD
   ? PASS: Payment type is COD as expected

? 4. ORDER ITEMS VALIDATION:
   Total Order Items: 1
   Item 1: RANDOM BLOOD GLUCOSE (RBS) | Qty: 1 | Price: ?75 | Total: ?75
   Calculated Items Total: ?75
   Net Payable (API): ?75
   ? PASS: Calculated total matches net payable

? 5. PAYMENT STATUS VALIDATION:
   Payment Status: Pending
   ? PASS: Payment status is Pending (expected for COD)

? 6. DISCOUNT & MEMBERSHIP VALIDATION:
   Membership Discount: ?0
   Total Discount: ?0
   ? INFO: No membership discount (expected for non-members)
? ==========================================================
         CROSS-API VALIDATION COMPLETED SUCCESSFULLY
? ==========================================================

>>> STEP 6: PHLEBOTOMIST LOGIN <<<

==========================================================
      PHLEBOTOMIST LOGIN API
==========================================================
Request Payload: {password=12345678, mobile=9360651932}
Target URL: https://dev-api-yodadiagnostics.yodaprojects.com/phlebo/loginPhlebo
Request method:	POST
Request URI:	https://dev-api-yodadiagnostics.yodaprojects.com/phlebo/loginPhlebo
Proxy:			<none>
Request params:	<none>
Query params:	<none>
Form params:	<none>
Path params:	<none>
Headers:		Accept=*/*
				Content-Type=application/json
Cookies:		<none>
Multiparts:		<none>
Body:
{
    "password": "12345678",
    "mobile": 9360651932
}

--- ? PERFORMANCE STATS ---
   Method  : POST
   Endpoint: https://dev-api-yodadiagnostics.yodaprojects.com/phlebo/loginPhlebo
   Time    : ? 833 ms
----------------------------

Response Status: 200
Response Body: {"status":200,"success":true,"msg":"User login success","total_amount":0,"data":{"id":18,"guid":"01b109b7-7706-43b0-acc8-3278f721f34d","name":"Ranjith kumar","mobile_number":"9360651932","password":"$2b$10$CNghj57YMelubC6FOCsTQOv3qCyuGUFF4//shjv9Of5V75ec1sOxC","employee_id":null,"zone_id":"676e886d854c2069a0d47703","profile_pic":null,"email":"ranjith10021996@gmail.com","firebase_token":"eyBJfNf5OENzvOWgJr_Sb5:APA91bFqNlUEDDDItKeE6HDuh3GWimlEZ2FjugSrVDPXRf2GP29drk_e_4SyaOqBW5KUBWLDQl4GmJTexeVR3nSFQiXFmZmmj966Iatq7kZqRW6FhTsVb1Q","is_active":true,"type":["phlebo"],"created_at":"2025-12-26T09:55:37.008Z","updated_at":"2026-01-06T13:10:23.502Z","deleted_at":null,"access_token":"eyJhbGciOiJIUzI1NiIsInR5cCI6IkpXVCJ9.eyJ1c2VyR3VpZCI6IjAxYjEwOWI3LTc3MDYtNDNiMC1hY2M4LTMyNzhmNzIxZjM0ZCIsImVtYWlsIjoicmFuaml0aDEwMDIxOTk2QGdtYWlsLmNvbSIsInJvbGUiOiJ1c2VyX29ubHkiLCJpYXQiOjE3Njc3MDUwNDUsImV4cCI6MTc4MzQ5MTI4NX0.mWV2gEHDJ_RAPdFYarm-ohIlgjThOVb0r_h6xrUVV8g","refresh_token":"eyJhbGciOiJIUzI1NiIsInR5cCI6IkpXVCJ9.eyJ1c2VyR3VpZCI6IjAxYjEwOWI3LTc3MDYtNDNiMC1hY2M4LTMyNzhmNzIxZjM0ZCIsImVtYWlsIjoicmFuaml0aDEwMDIxOTk2QGdtYWlsLmNvbSIsInJvbGUiOiJ1c2VyX29ubHkiLCJpYXQiOjE3Njc3MDUwNDUsImV4cCI6MTc5OTI2MjY0NX0.e7bsye_aiL4RFK5Y37KtDZ4HXrvsjSWcqu4wPfBmFts"}}
? Phlebotomist Login Successful
   Phlebo Name: Ranjith kumar
   Phlebo ID: 01b109b7-7706-43b0-acc8-3278f721f34d
   Phlebo GUID: 01b109b7-7706-43b0-acc8-3278f721f34d
   Phlebo Token: null

>>> STEP 7: ASSIGN ORDER <<<

==========================================================
      ASSIGN ORDER API
==========================================================
Request Payload: {phlebo_id=01b109b7-7706-43b0-acc8-3278f721f34d, order_id=[74167c07-e6cf-4cc5-9cb9-7a05a65ddf5d]}
Target URL: https://dev-api-yodadiagnostics.yodaprojects.com/order_tracking/assignOrder
?? Warning: No Phlebotomist Token found for Assign Order
Request method:	POST
Request URI:	https://dev-api-yodadiagnostics.yodaprojects.com/order_tracking/assignOrder
Proxy:			<none>
Request params:	<none>
Query params:	<none>
Form params:	<none>
Path params:	<none>
Headers:		Accept=*/*
				Content-Type=application/json
Cookies:		<none>
Multiparts:		<none>
Body:
{
    "phlebo_id": "01b109b7-7706-43b0-acc8-3278f721f34d",
    "order_id": [
        "74167c07-e6cf-4cc5-9cb9-7a05a65ddf5d"
    ]
}

--- ? PERFORMANCE STATS ---
   Method  : POST
   Endpoint: https://dev-api-yodadiagnostics.yodaprojects.com/order_tracking/assignOrder
   Time    : ? 838 ms
----------------------------

Response Status: 200
Response Body: {"status":200,"success":true,"msg":"Order has been successfully assigned to the phlebotomist.","total_amount":0,"data":{"updatedOrder":{"id":3950,"guid":"74167c07-e6cf-4cc5-9cb9-7a05a65ddf5d","order_number":"01KE9PWNE7WH2FV55066GAZJ7G","brand_id":"efb159ac-db7c-4b06-a79b-021a8b6d67e8","user_id":"db682abb-31d1-44df-bf19-557b003a5c69","family_member_id":null,"total_price":"75","final_price":"75","rewards_used":"0","delivery_charge":"250","paid_amount":"325","order_status":"Pending","membership_discount":0,"membership_mobile_number":null,"sample_collection_by":null,"sample_collection_date":null,"payment_id":"a441a7a1-0982-4990-9d70-5dfdf84d0ec3","address_id":"99cfd160-72e2-4fcf-b2f4-56e5bbb49fea","lab_location_id":"676a5fa720093d2807af03a5","order_sample_number":"MY26AAA0228","visit_number":"","cancelled_date":null,"cancelled_by":null,"completed_date":null,"completed_by":null,"received_at":null,"slot_start_time":"2026-01-06T20:00:00.000Z","slot_end_time":"2026-01-06T21:00:00.000Z","slot_guid":"44b8d56f-c9af-461a-be92-7110ea417741","reschedule_count":0,"order_created_by":null,"order_created_at":"2026-01-06T13:10:40.404Z","referal_doctor":null,"phlebo_id":"01b109b7-7706-43b0-acc8-3278f721f34d","admin_approval_status":null,"admin_approval_by":null,"admin_approval_at":null,"rewards_gain":"0","cancel_order_remarks":null,"tube_barcode":null,"cancelled_by_user_at":null,"it_dose_order_status":null,"it_dose_order_updated_at":"2026-01-06T13:10:40.407Z","it_dose_order_item_status":null,"phlebo_otp":"270650","phlebo_assigned_at":"2026-01-06T13:10:45.533Z","inaugural_discount":0,"cart_id":"pb_05ef0189_mk2lxubq","created_at":"2026-01-06T13:10:40.407Z","updated_at":"2026-01-06T13:10:45.533Z","deleted_at":null,"coupon_code":null,"coupon_guid":null,"coupon_discount_amount":"0","doctors_discount":null,"orderFrom":null,"cancel_delivery_deducted":false,"refund_amount":"0","is_clinic":false},"orderTracking":{"id":658,"guid":"45bf1db3-969b-4219-9e5c-9c982b666e15","order_id":"74167c07-e6cf-4cc5-9cb9-7a05a65ddf5d","address_id":"99cfd160-72e2-4fcf-b2f4-56e5bbb49fea","phlebo_id":"01b109b7-7706-43b0-acc8-3278f721f34d","assigned_date":"2026-01-06T13:10:45.544Z","pickup_location":"https://maps.google.com/?q=17.4406327,78.3900194","samples_picked":[],"samples_submitted":[],"status":[{"time":"2026-01-06T13:10:45.544Z","status":"open"}],"verifyOtpRemarks":null,"received_by":null,"otp_verified":false,"created_at":"2026-01-06T13:10:45.544Z","updated_at":"2026-01-06T13:10:45.544Z","deleted_at":null}}}
? Order Assignment Successful
   Order ID: 74167c07-e6cf-4cc5-9cb9-7a05a65ddf5d
   Assigned to Phlebo GUID: 01b109b7-7706-43b0-acc8-3278f721f34d

? Verifying Assigned Order Details...
   ? Slot Time Verified: 2026-01-06T20:00:00.000Z - 2026-01-06T21:00:00.000Z
? All Order Details Verified Successfully in AssignOrder Response
   Order Tracking ID: 45bf1db3-969b-4219-9e5c-9c982b666e15

>>> STEP 8: VERIFY STATUS (ASSIGNED) <<<

==========================================================
      GET ORDER TRACKING STATUS API
==========================================================
Target URL: https://dev-api-yodadiagnostics.yodaprojects.com/order_tracking/getOrderTrackingStatus/45bf1db3-969b-4219-9e5c-9c982b666e15
Expected Status: Phlebotomist assigned
Request method:	GET
Request URI:	https://dev-api-yodadiagnostics.yodaprojects.com/order_tracking/getOrderTrackingStatus/45bf1db3-969b-4219-9e5c-9c982b666e15
Proxy:			<none>
Request params:	<none>
Query params:	<none>
Form params:	<none>
Path params:	<none>
Headers:		Accept=*/*
Cookies:		<none>
Multiparts:		<none>
Body:			<none>

--- ? PERFORMANCE STATS ---
   Method  : GET
   Endpoint: https://dev-api-yodadiagnostics.yodaprojects.com/order_tracking/getOrderTrackingStatus/45bf1db3-969b-4219-9e5c-9c982b666e15
   Time    : ? 97 ms
----------------------------

Response Status: 200
Response Body: {"status":200,"success":true,"msg":"Order Tracking Status successfully","order_status":"open"}
   Current Status: open
   ?? Warning: Expected 'Phlebotomist assigned' but got 'open'

>>> STEP 9: UPDATE ORDER TRACKING <<<

==========================================================
      UPDATE ORDER TRACKING API
==========================================================
Request Payload: {start_location={lng=78.3900194, lat=17.4406327}, pickup_location={lng=78.3900194, name=Madhapur, lat=17.4406327}, order_tracking_id=45bf1db3-969b-4219-9e5c-9c982b666e15, order_id=74167c07-e6cf-4cc5-9cb9-7a05a65ddf5d, status=inprogress, current_location={lng=78.3900194, lat=17.4406327}}
Target URL: https://dev-api-yodadiagnostics.yodaprojects.com/order_tracking/updateOrderTracking
Request method:	POST
Request URI:	https://dev-api-yodadiagnostics.yodaprojects.com/order_tracking/updateOrderTracking
Proxy:			<none>
Request params:	<none>
Query params:	<none>
Form params:	<none>
Path params:	<none>
Headers:		Accept=*/*
				Content-Type=application/json
Cookies:		<none>
Multiparts:		<none>
Body:
{
    "start_location": {
        "lng": "78.3900194",
        "lat": "17.4406327"
    },
    "pickup_location": {
        "lng": "78.3900194",
        "name": "Madhapur",
        "lat": "17.4406327"
    },
    "order_tracking_id": "45bf1db3-969b-4219-9e5c-9c982b666e15",
    "order_id": "74167c07-e6cf-4cc5-9cb9-7a05a65ddf5d",
    "status": "inprogress",
    "current_location": {
        "lng": "78.3900194",
        "lat": "17.4406327"
    }
}

--- ? PERFORMANCE STATS ---
   Method  : POST
   Endpoint: https://dev-api-yodadiagnostics.yodaprojects.com/order_tracking/updateOrderTracking
   Time    : ? 160 ms
----------------------------

Response Status: 200
Response Body: {"status":200,"success":true,"msg":"Order Status Updated Successfully","total_amount":0,"data":[{"id":658,"guid":"45bf1db3-969b-4219-9e5c-9c982b666e15","order_id":"74167c07-e6cf-4cc5-9cb9-7a05a65ddf5d","address_id":"99cfd160-72e2-4fcf-b2f4-56e5bbb49fea","phlebo_id":"01b109b7-7706-43b0-acc8-3278f721f34d","assigned_date":"2026-01-06T13:10:45.544Z","pickup_location":"https://maps.google.com/?q=17.4406327,78.3900194","samples_picked":[],"samples_submitted":[],"status":[{"time":"2026-01-06T13:10:45.544Z","status":"open"},{"time":"2026-01-06T13:10:46.509Z","status":"inprogress"}],"verifyOtpRemarks":null,"received_by":null,"otp_verified":false,"created_at":"2026-01-06T13:10:45.544Z","updated_at":"2026-01-06T13:10:45.544Z","deleted_at":null}]}
? Order Tracking Updated Successfully

>>> STEP 10: FINAL VERIFICATION (Status & Phlebo) <<<

==========================================================
      GET ORDER TRACKING STATUS API
==========================================================
Target URL: https://dev-api-yodadiagnostics.yodaprojects.com/order_tracking/getOrderTrackingStatus/45bf1db3-969b-4219-9e5c-9c982b666e15
Expected Status: inprogress
Request method:	GET
Request URI:	https://dev-api-yodadiagnostics.yodaprojects.com/order_tracking/getOrderTrackingStatus/45bf1db3-969b-4219-9e5c-9c982b666e15
Proxy:			<none>
Request params:	<none>
Query params:	<none>
Form params:	<none>
Path params:	<none>
Headers:		Accept=*/*
Cookies:		<none>
Multiparts:		<none>
Body:			<none>

--- ? PERFORMANCE STATS ---
   Method  : GET
   Endpoint: https://dev-api-yodadiagnostics.yodaprojects.com/order_tracking/getOrderTrackingStatus/45bf1db3-969b-4219-9e5c-9c982b666e15
   Time    : ? 97 ms
----------------------------

Response Status: 200
Response Body: {"status":200,"success":true,"msg":"Order Tracking Status successfully","order_status":"inprogress"}
   Current Status: inprogress
   ? Order Status Verified: inprogress

==========================================================
      VERIFY PHLEBOTOMIST ASSIGNMENT (Get Order By ID)
==========================================================

==========================================================
      GET ORDER BY ID API
==========================================================
Target URL: https://dev-api-yodadiagnostics.yodaprojects.com/order/getOrderById/74167c07-e6cf-4cc5-9cb9-7a05a65ddf5d
Request method:	GET
Request URI:	https://dev-api-yodadiagnostics.yodaprojects.com/order/getOrderById/74167c07-e6cf-4cc5-9cb9-7a05a65ddf5d
Proxy:			<none>
Request params:	<none>
Query params:	<none>
Form params:	<none>
Path params:	<none>
Headers:		Authorization=eyJhbGciOiJIUzI1NiIsInR5cCI6IkpXVCJ9.eyJ1c2VyR3VpZCI6ImRiNjgyYWJiLTMxZDEtNDRkZi1iZjE5LTU1N2IwMDNhNWM2OSIsIm1vYmlsZSI6Ijk2NjY2NjY2NjUiLCJmaXJzdF9uYW1lIjoiUmFuaml0aCIsImxhc3RfbmFtZSI6Imt1bWFyIiwiZW1haWwiOiIiLCJyb2xlIjoidXNlcl9vbmx5IiwiaWF0IjoxNzY3NzA1MDM1LCJleHAiOjE3ODM0OTEyNzV9.FRHGxwFPERadR8WfT5yYMvwR2NoeZ96jkbZqExPMMZ0
				Accept=*/*
Cookies:		<none>
Multiparts:		<none>
Body:			<none>

--- ? PERFORMANCE STATS ---
   Method  : GET
   Endpoint: /order/getOrderById/74167c07-e6cf-4cc5-9cb9-7a05a65ddf5d
   Time    : ? 613 ms
----------------------------

Response Status: 200
Response Body: {"status":200,"success":true,"msg":"Order details fetched successfully","total_amount":0,"data":[{"id":3950,"guid":"74167c07-e6cf-4cc5-9cb9-7a05a65ddf5d","order_number":"01KE9PWNE7WH2FV55066GAZJ7G","brand_id":"efb159ac-db7c-4b06-a79b-021a8b6d67e8","user_id":"db682abb-31d1-44df-bf19-557b003a5c69","family_member_id":null,"total_price":"75","final_price":"75","rewards_used":"0","delivery_charge":"250","paid_amount":"0","order_status":"Phlebotomist assigned","membership_discount":0,"membership_mobile_number":null,"sample_collection_by":null,"sample_collection_date":null,"payment_id":"a441a7a1-0982-4990-9d70-5dfdf84d0ec3","address_id":"99cfd160-72e2-4fcf-b2f4-56e5bbb49fea","lab_location_id":"676a5fa720093d2807af03a5","order_sample_number":"MY26AAA0228","visit_number":"","cancelled_date":null,"cancelled_by":null,"completed_date":null,"completed_by":null,"received_at":null,"slot_start_time":"2026-01-06T20:00:00.000Z","slot_end_time":"2026-01-06T21:00:00.000Z","slot_guid":"44b8d56f-c9af-461a-be92-7110ea417741","reschedule_count":0,"order_created_by":null,"order_created_at":"2026-01-06T13:10:40.404Z","referal_doctor":null,"phlebo_id":"01b109b7-7706-43b0-acc8-3278f721f34d","admin_approval_status":null,"admin_approval_by":null,"admin_approval_at":null,"rewards_gain":"0","cancel_order_remarks":null,"tube_barcode":null,"cancelled_by_user_at":null,"it_dose_order_status":"Phlebotomist assigned","it_dose_order_updated_at":"2026-01-06T13:10:40.407Z","it_dose_order_item_status":null,"phlebo_otp":"270650","phlebo_assigned_at":"2026-01-06T13:10:45.533Z","inaugural_discount":0,"cart_id":"pb_05ef0189_mk2lxubq","created_at":"2026-01-06T13:10:40.407Z","updated_at":"2026-01-06T13:10:45.533Z","deleted_at":null,"coupon_code":null,"coupon_guid":null,"coupon_discount_amount":"0","doctors_discount":null,"orderFrom":null,"cancel_delivery_deducted":false,"refund_amount":"0","is_clinic":false,"discount":"0","actual_discount":0,"otp_verified":false,"samples_picked":[],"tracking_status":[{"time":"2026-01-06T13:10:45.544Z","status":"open"},{"time":"2026-01-06T13:10:46.509Z","status":"inprogress"}],"slot_start_times":"06-01-2026 08:00 PM","slot_end_times":"06-01-2026 09:00 PM","doctor_referral_amount":"0","doctor_name":null,"hospital_name":null,"order_items":[{"id":6161,"guid":"d13c6a67-bd37-4e51-b69c-69eaf7ea00d6","order_id":"74167c07-e6cf-4cc5-9cb9-7a05a65ddf5d","product_id":"675921110856fe1e1e992cf8","product_name":"RANDOM BLOOD GLUCOSE (RBS)","product_type":"{\"\\\"675697b0262d1460f8d55d7b\\\"\"}","product_code":"BIO274","quantity":1,"actual_price":75,"final_price":75,"original_price":75,"order_status":"Phlebotomist assigned","family_member_id":null,"membership_discount":0,"order_item_number":"MY26AAA0228-1","cancelled_at":null,"admin_approval_status":null,"admin_approval_by":null,"admin_approval_at":null,"cancel_order_remarks":null,"created_at":"2026-01-06T13:10:40.407Z","deleted_at":null,"order_quantity":1,"price":75,"family_member_details":null,"status":"ACTIVE","it_dose_order_items_status":"Phlebotomist assigned"}],"user_details":{"id":552,"guid":"db682abb-31d1-44df-bf19-557b003a5c69","first_name":"Ranjith","last_name":"kumar","middle_name":"","gender":"Male","dob":"1997-10-10","country_code":"+91","mobile":"9666666665","alt_mobile":"","email":"","user_type":"Customer","profile_pic":null,"patient_id":null,"title":"Mr.","fcm_token":null,"created_at":"2025-12-01T14:08:25.876Z","updated_at":"2025-12-23T13:39:29.567Z","deleted_at":null,"deleted_reason":null},"addresses":{"latitude":"17.4406327","longitude":"78.3900194","address_name":"Hyderabad, Madhapur, Hyderabad, Telangana, India, 500033","receiver_details":"Ranjith kumar, 500033"},"payment":{"payment_type":"COD","payment_mode":null,"payment_status":"Pending","payment_details":null},"home_sample":true,"sample_types":[],"due_amount":"325.00","lab_location_full_address":"The Square Building ,Plot No - 3,4,6 and 10 ,Inorbit Mall Road ,D Block ,Kavuri Hills ,Madhapur ,Rangareddy ,India, Hyderabad, Telangana, 500033","lab_lattitude":"17.4406327","lab_longitude":"78.3900194","lab_title":"Madhapur"}]}
? Order details fetched successfully for Order ID: 74167c07-e6cf-4cc5-9cb9-7a05a65ddf5d
   Expected Phlebo GUID: 01b109b7-7706-43b0-acc8-3278f721f34d
   Actual Phlebo GUID: 01b109b7-7706-43b0-acc8-3278f721f34d
   ? Phlebotomist Assignment Verified Successfully
? Detailed COD Flow Step 10 Completed.

>>> STEP 11: ADMIN VERIFY OTP <<<

==========================================================
      ADMIN VERIFY OTP API
==========================================================
Request Payload: {ordertrackingId=45bf1db3-969b-4219-9e5c-9c982b666e15, verifyOtpRemarks=Test, orderid=74167c07-e6cf-4cc5-9cb9-7a05a65ddf5d}
Target URL: https://dev-api-yodadiagnostics.yodaprojects.com/order_tracking/admin/verifyotp
?? Warning: No Phlebotomist Token found. Trying with User Token.
Request method:	POST
Request URI:	https://dev-api-yodadiagnostics.yodaprojects.com/order_tracking/admin/verifyotp
Proxy:			<none>
Request params:	<none>
Query params:	<none>
Form params:	<none>
Path params:	<none>
Headers:		Authorization=eyJhbGciOiJIUzI1NiIsInR5cCI6IkpXVCJ9.eyJ1c2VyR3VpZCI6ImRiNjgyYWJiLTMxZDEtNDRkZi1iZjE5LTU1N2IwMDNhNWM2OSIsIm1vYmlsZSI6Ijk2NjY2NjY2NjUiLCJmaXJzdF9uYW1lIjoiUmFuaml0aCIsImxhc3RfbmFtZSI6Imt1bWFyIiwiZW1haWwiOiIiLCJyb2xlIjoidXNlcl9vbmx5IiwiaWF0IjoxNzY3NzA1MDM1LCJleHAiOjE3ODM0OTEyNzV9.FRHGxwFPERadR8WfT5yYMvwR2NoeZ96jkbZqExPMMZ0
				Accept=*/*
				Content-Type=application/json
Cookies:		<none>
Multiparts:		<none>
Body:
{
    "ordertrackingId": "45bf1db3-969b-4219-9e5c-9c982b666e15",
    "verifyOtpRemarks": "Test",
    "orderid": "74167c07-e6cf-4cc5-9cb9-7a05a65ddf5d"
}

--- ? PERFORMANCE STATS ---
   Method  : POST
   Endpoint: https://dev-api-yodadiagnostics.yodaprojects.com/order_tracking/admin/verifyotp
   Time    : ? 724 ms
----------------------------

Response Status: 200
Response Body: {"status":200,"success":true,"msg":"OTP verified successfully","total_amount":0,"data":{"message":"OTP marked as verified by admin."}}
? Admin Verify OTP Successful
? Detailed COD Flow Step 11 Completed.

>>> STEP 12: GET SAMPLE TYPE <<<

==========================================================
      GET SAMPLE TYPE API
==========================================================
Target URL: https://dev-api-yodadiagnostics.yodaprojects.com/tests/getSampleType
DEBUG: System.getProperty('phlebo.token') = FOUND (len=0)
DEBUG: userToken param = FOUND (len=321)
Request method:	GET
Request URI:	https://dev-api-yodadiagnostics.yodaprojects.com/tests/getSampleType
Proxy:			<none>
Request params:	<none>
Query params:	<none>
Form params:	<none>
Path params:	<none>
Headers:		Authorization=Bearer eyJhbGciOiJIUzI1NiIsInR5cCI6IkpXVCJ9.eyJ1c2VyR3VpZCI6ImRiNjgyYWJiLTMxZDEtNDRkZi1iZjE5LTU1N2IwMDNhNWM2OSIsIm1vYmlsZSI6Ijk2NjY2NjY2NjUiLCJmaXJzdF9uYW1lIjoiUmFuaml0aCIsImxhc3RfbmFtZSI6Imt1bWFyIiwiZW1haWwiOiIiLCJyb2xlIjoidXNlcl9vbmx5IiwiaWF0IjoxNzY3NzA1MDM1LCJleHAiOjE3ODM0OTEyNzV9.FRHGxwFPERadR8WfT5yYMvwR2NoeZ96jkbZqExPMMZ0
				Accept=*/*
Cookies:		<none>
Multiparts:		<none>
Body:			<none>

--- ? PERFORMANCE STATS ---
   Method  : GET
   Endpoint: https://dev-api-yodadiagnostics.yodaprojects.com/tests/getSampleType
   Time    : ? 269 ms
----------------------------

Response Status: 200
Response Body: {"status":200,"success":true,"msg":"Sample types fetched successfully","total_amount":0,"data":[{"_id":"679b6f7cedfe4056bd7087b1","name":"Green Tube","active":true,"createdAt":"2025-01-30T12:24:28.249Z","updatedAt":"2025-01-30T12:24:28.249Z","__v":0},{"_id":"68afedcd9a19f71bc1d3f2aa","name":"Blood Culture Bottle","active":true,"createdAt":"2025-02-28T05:44:11.000Z","updatedAt":"2025-02-28T05:44:11.000Z","__v":0},{"_id":"68afedcd9a19f71bc1d3f2a3","name":"Fluoride Tube (Grey Top)","active":true,"createdAt":"2025-02-28T05:44:04.000Z","updatedAt":"2025-02-28T05:44:04.000Z","__v":0},{"_id":"68afedcd9a19f71bc1d3f2ad","name":"Urine Filter Paper","active":true,"createdAt":"2025-02-28T05:44:14.000Z","updatedAt":"2025-02-28T05:44:14.000Z","__v":0},{"_id":"68afedcd9a19f71bc1d3f2a0","name":"Serun Separation Tube (Yellow Top)","active":true,"createdAt":"2025-02-28T05:44:01.000Z","updatedAt":"2025-02-28T05:44:01.000Z","__v":0},{"_id":"68afedcd9a19f71bc1d3f2a4","name":"Urine Container","active":true,"createdAt":"2025-02-28T05:44:05.000Z","updatedAt":"2025-02-28T05:44:05.000Z","__v":0},{"_id":"68afedcd9a19f71bc1d3f2ab","name":"NBS Card","active":true,"createdAt":"2025-02-28T05:44:12.000Z","updatedAt":"2025-02-28T05:44:12.000Z","__v":0},{"_id":"679768f2fe8bb09cf46c49f9","name":"Yellow Tube","active":true,"createdAt":"2025-01-27T11:07:30.602Z","updatedAt":"2025-01-30T12:24:17.705Z","__v":0},{"_id":"68afedcd9a19f71bc1d3f2a8","name":"Lithium Heparin (Green Top)","active":true,"createdAt":"2025-02-28T05:44:09.000Z","updatedAt":"2025-02-28T05:44:09.000Z","__v":0},{"_id":"68afedcd9a19f71bc1d3f2a7","name":"Sodium Heparin (Green Top)","active":true,"createdAt":"2025-02-28T05:44:08.000Z","updatedAt":"2025-02-28T05:44:08.000Z","__v":0},{"_id":"68afedcd9a19f71bc1d3f2af","name":"Others","active":true,"createdAt":"2025-02-28T05:44:16.000Z","updatedAt":"2025-02-28T05:44:16.000Z","__v":0},{"_id":"68afedcd9a19f71bc1d3f2a6","name":"Stool Container","active":true,"createdAt":"2025-02-28T05:44:07.000Z","updatedAt":"2025-02-28T05:44:07.000Z","__v":0},{"_id":"68afedcd9a19f71bc1d3f2a9","name":"NIPT Tube","active":true,"createdAt":"2025-02-28T05:44:10.000Z","updatedAt":"2025-02-28T05:44:10.000Z","__v":0},{"_id":"679768fafe8bb09cf46c49fe","name":"Red Tube","active":true,"createdAt":"2025-01-27T11:07:38.673Z","updatedAt":"2025-01-30T12:24:05.044Z","__v":0},{"_id":"68afedcd9a19f71bc1d3f2a2","name":"Serum Tube (White Tube)","active":true,"createdAt":"2025-02-28T05:44:03.000Z","updatedAt":"2025-02-28T05:44:03.000Z","__v":0},{"_id":"68afedcd9a19f71bc1d3f2ae","name":"LBC Container","active":true,"createdAt":"2025-02-28T05:44:15.000Z","updatedAt":"2025-02-28T05:44:15.000Z","__v":0},{"_id":"68afedcd9a19f71bc1d3f2a1","name":"Plain Tube (Red Top)","active":true,"createdAt":"2025-02-28T05:44:02.000Z","updatedAt":"2025-02-28T05:44:02.000Z","__v":0},{"_id":"68afedcd9a19f71bc1d3f29f","name":"EDTA (Purple Top)","active":true,"createdAt":"2025-02-28T05:44:00.000Z","updatedAt":"2025-02-28T05:44:00.000Z","__v":0},{"_id":"68afedcd9a19f71bc1d3f2a5","name":"Sodium Citrate (Blue Top)","active":true,"createdAt":"2025-02-28T05:44:06.000Z","updatedAt":"2025-02-28T05:44:06.000Z","__v":0},{"_id":"68afedcd9a19f71bc1d3f2ac","name":"Swab","active":true,"createdAt":"2025-02-28T05:44:13.000Z","updatedAt":"2025-02-28T05:44:13.000Z","__v":0},{"_id":"68afedcd9a19f71bc1d3f2b0","name":"Nasal Swab (RT-PCR)","active":true,"createdAt":"2025-02-28T05:44:17.000Z","updatedAt":"2025-02-28T05:44:17.000Z","__v":0}]}
? Selected Random Sample Type: Stool Container
? Sample Type Retrieved: Stool Container

>>> STEP 13: UPDATE STATUS (SAMPLES COLLECTED) <<<

==========================================================
      UPDATE ORDER TRACKING (SAMPLES COLLECTED)
==========================================================
Request Payload: {samples_collected=[{quantity=1, sample_type=Stool Container}], order_tracking_id=45bf1db3-969b-4219-9e5c-9c982b666e15, status=samples_collected}
Target URL: https://dev-api-yodadiagnostics.yodaprojects.com/order_tracking/updateOrderTracking
?? Warning: No Phlebotomist Token found. Using User Token.
Request method:	POST
Request URI:	https://dev-api-yodadiagnostics.yodaprojects.com/order_tracking/updateOrderTracking
Proxy:			<none>
Request params:	<none>
Query params:	<none>
Form params:	<none>
Path params:	<none>
Headers:		Authorization=eyJhbGciOiJIUzI1NiIsInR5cCI6IkpXVCJ9.eyJ1c2VyR3VpZCI6ImRiNjgyYWJiLTMxZDEtNDRkZi1iZjE5LTU1N2IwMDNhNWM2OSIsIm1vYmlsZSI6Ijk2NjY2NjY2NjUiLCJmaXJzdF9uYW1lIjoiUmFuaml0aCIsImxhc3RfbmFtZSI6Imt1bWFyIiwiZW1haWwiOiIiLCJyb2xlIjoidXNlcl9vbmx5IiwiaWF0IjoxNzY3NzA1MDM1LCJleHAiOjE3ODM0OTEyNzV9.FRHGxwFPERadR8WfT5yYMvwR2NoeZ96jkbZqExPMMZ0
				Accept=*/*
				Content-Type=application/json
Cookies:		<none>
Multiparts:		<none>
Body:
{
    "samples_collected": [
        {
            "quantity": 1,
            "sample_type": "Stool Container"
        }
    ],
    "order_tracking_id": "45bf1db3-969b-4219-9e5c-9c982b666e15",
    "status": "samples_collected"
}

--- ? PERFORMANCE STATS ---
   Method  : POST
   Endpoint: https://dev-api-yodadiagnostics.yodaprojects.com/order_tracking/updateOrderTracking
   Time    : ? 154 ms
----------------------------

Response Status: 200
Response Body: {"status":200,"success":true,"msg":"Order Status Updated Successfully","total_amount":0,"data":[{"id":658,"guid":"45bf1db3-969b-4219-9e5c-9c982b666e15","order_id":"74167c07-e6cf-4cc5-9cb9-7a05a65ddf5d","address_id":"99cfd160-72e2-4fcf-b2f4-56e5bbb49fea","phlebo_id":"01b109b7-7706-43b0-acc8-3278f721f34d","assigned_date":"2026-01-06T13:10:45.544Z","pickup_location":"https://maps.google.com/?q=17.4406327,78.3900194","samples_picked":[{"quantity":1,"sample_type":"Stool Container"}],"samples_submitted":[],"status":[{"time":"2026-01-06T13:10:45.544Z","status":"open"},{"time":"2026-01-06T13:10:46.509Z","status":"inprogress"},{"time":"2026-01-06T13:10:48.443Z","status":"samples_collected"}],"verifyOtpRemarks":"Test","received_by":null,"otp_verified":true,"created_at":"2026-01-06T13:10:45.544Z","updated_at":"2026-01-06T13:10:45.544Z","deleted_at":null}]}
? Order Status Updated to 'samples_collected'

>>> STEP 14: VERIFY STATUS (SAMPLES COLLECTED) IN ORDER DETAILS <<<

==========================================================
      GET ORDER BY ID API
==========================================================
Target URL: https://dev-api-yodadiagnostics.yodaprojects.com/order/getOrderById/74167c07-e6cf-4cc5-9cb9-7a05a65ddf5d
Request method:	GET
Request URI:	https://dev-api-yodadiagnostics.yodaprojects.com/order/getOrderById/74167c07-e6cf-4cc5-9cb9-7a05a65ddf5d
Proxy:			<none>
Request params:	<none>
Query params:	<none>
Form params:	<none>
Path params:	<none>
Headers:		Authorization=eyJhbGciOiJIUzI1NiIsInR5cCI6IkpXVCJ9.eyJ1c2VyR3VpZCI6ImRiNjgyYWJiLTMxZDEtNDRkZi1iZjE5LTU1N2IwMDNhNWM2OSIsIm1vYmlsZSI6Ijk2NjY2NjY2NjUiLCJmaXJzdF9uYW1lIjoiUmFuaml0aCIsImxhc3RfbmFtZSI6Imt1bWFyIiwiZW1haWwiOiIiLCJyb2xlIjoidXNlcl9vbmx5IiwiaWF0IjoxNzY3NzA1MDM1LCJleHAiOjE3ODM0OTEyNzV9.FRHGxwFPERadR8WfT5yYMvwR2NoeZ96jkbZqExPMMZ0
				Accept=*/*
Cookies:		<none>
Multiparts:		<none>
Body:			<none>

--- ? PERFORMANCE STATS ---
   Method  : GET
   Endpoint: /order/getOrderById/74167c07-e6cf-4cc5-9cb9-7a05a65ddf5d
   Time    : ? 565 ms
----------------------------

Response Status: 200
Response Body: {"status":200,"success":true,"msg":"Order details fetched successfully","total_amount":0,"data":[{"id":3950,"guid":"74167c07-e6cf-4cc5-9cb9-7a05a65ddf5d","order_number":"01KE9PWNE7WH2FV55066GAZJ7G","brand_id":"efb159ac-db7c-4b06-a79b-021a8b6d67e8","user_id":"db682abb-31d1-44df-bf19-557b003a5c69","family_member_id":null,"total_price":"75","final_price":"75","rewards_used":"0","delivery_charge":"250","paid_amount":"0","order_status":"Sample Collected","membership_discount":0,"membership_mobile_number":null,"sample_collection_by":null,"sample_collection_date":"2026-01-06T13:10:47.408Z","payment_id":"a441a7a1-0982-4990-9d70-5dfdf84d0ec3","address_id":"99cfd160-72e2-4fcf-b2f4-56e5bbb49fea","lab_location_id":"676a5fa720093d2807af03a5","order_sample_number":"MY26AAA0228","visit_number":"","cancelled_date":null,"cancelled_by":null,"completed_date":null,"completed_by":null,"received_at":null,"slot_start_time":"2026-01-06T20:00:00.000Z","slot_end_time":"2026-01-06T21:00:00.000Z","slot_guid":"44b8d56f-c9af-461a-be92-7110ea417741","reschedule_count":0,"order_created_by":null,"order_created_at":"2026-01-06T13:10:40.404Z","referal_doctor":null,"phlebo_id":"01b109b7-7706-43b0-acc8-3278f721f34d","admin_approval_status":null,"admin_approval_by":null,"admin_approval_at":null,"rewards_gain":"0","cancel_order_remarks":null,"tube_barcode":null,"cancelled_by_user_at":null,"it_dose_order_status":"Sample Collected","it_dose_order_updated_at":"2026-01-06T13:10:40.407Z","it_dose_order_item_status":null,"phlebo_otp":"270650","phlebo_assigned_at":"2026-01-06T13:10:45.533Z","inaugural_discount":0,"cart_id":"pb_05ef0189_mk2lxubq","created_at":"2026-01-06T13:10:40.407Z","updated_at":"2026-01-06T13:10:45.533Z","deleted_at":null,"coupon_code":null,"coupon_guid":null,"coupon_discount_amount":"0","doctors_discount":null,"orderFrom":null,"cancel_delivery_deducted":false,"refund_amount":"0","is_clinic":false,"discount":"0","actual_discount":0,"otp_verified":true,"samples_picked":[{"quantity":1,"sample_type":"Stool Container"}],"tracking_status":[{"time":"2026-01-06T13:10:45.544Z","status":"open"},{"time":"2026-01-06T13:10:46.509Z","status":"inprogress"},{"time":"2026-01-06T13:10:48.443Z","status":"samples_collected"}],"slot_start_times":"06-01-2026 08:00 PM","slot_end_times":"06-01-2026 09:00 PM","doctor_referral_amount":"0","doctor_name":null,"hospital_name":null,"order_items":[{"id":6161,"guid":"d13c6a67-bd37-4e51-b69c-69eaf7ea00d6","order_id":"74167c07-e6cf-4cc5-9cb9-7a05a65ddf5d","product_id":"675921110856fe1e1e992cf8","product_name":"RANDOM BLOOD GLUCOSE (RBS)","product_type":"{\"\\\"675697b0262d1460f8d55d7b\\\"\"}","product_code":"BIO274","quantity":1,"actual_price":75,"final_price":75,"original_price":75,"order_status":"Sample Collected","family_member_id":null,"membership_discount":0,"order_item_number":"MY26AAA0228-1","cancelled_at":null,"admin_approval_status":null,"admin_approval_by":null,"admin_approval_at":null,"cancel_order_remarks":null,"created_at":"2026-01-06T13:10:40.407Z","deleted_at":null,"order_quantity":1,"price":75,"family_member_details":null,"status":"ACTIVE","it_dose_order_items_status":"Sample Collected"}],"user_details":{"id":552,"guid":"db682abb-31d1-44df-bf19-557b003a5c69","first_name":"Ranjith","last_name":"kumar","middle_name":"","gender":"Male","dob":"1997-10-10","country_code":"+91","mobile":"9666666665","alt_mobile":"","email":"","user_type":"Customer","profile_pic":null,"patient_id":null,"title":"Mr.","fcm_token":null,"created_at":"2025-12-01T14:08:25.876Z","updated_at":"2025-12-23T13:39:29.567Z","deleted_at":null,"deleted_reason":null},"addresses":{"latitude":"17.4406327","longitude":"78.3900194","address_name":"Hyderabad, Madhapur, Hyderabad, Telangana, India, 500033","receiver_details":"Ranjith kumar, 500033"},"payment":{"payment_type":"COD","payment_mode":null,"payment_status":"Pending","payment_details":null},"home_sample":true,"sample_types":[],"due_amount":"325.00","lab_location_full_address":"The Square Building ,Plot No - 3,4,6 and 10 ,Inorbit Mall Road ,D Block ,Kavuri Hills ,Madhapur ,Rangareddy ,India, Hyderabad, Telangana, 500033","lab_lattitude":"17.4406327","lab_longitude":"78.3900194","lab_title":"Madhapur"}]}
? Order details fetched successfully for Order ID: 74167c07-e6cf-4cc5-9cb9-7a05a65ddf5d
   Current Order Status (Raw): [Sample Collected]
   Current Order Status (Extracted): Sample Collected
? Order Status Verified: Sample Collected

>>> STEP 15: APPROVE PAYMENT <<<

==========================================================
      APPROVE PAYMENT API
==========================================================

==========================================================
      GET ORDER BY ID API
==========================================================
Target URL: https://dev-api-yodadiagnostics.yodaprojects.com/order/getOrderById/74167c07-e6cf-4cc5-9cb9-7a05a65ddf5d
Request method:	GET
Request URI:	https://dev-api-yodadiagnostics.yodaprojects.com/order/getOrderById/74167c07-e6cf-4cc5-9cb9-7a05a65ddf5d
Proxy:			<none>
Request params:	<none>
Query params:	<none>
Form params:	<none>
Path params:	<none>
Headers:		Authorization=eyJhbGciOiJIUzI1NiIsInR5cCI6IkpXVCJ9.eyJ1c2VyR3VpZCI6ImRiNjgyYWJiLTMxZDEtNDRkZi1iZjE5LTU1N2IwMDNhNWM2OSIsIm1vYmlsZSI6Ijk2NjY2NjY2NjUiLCJmaXJzdF9uYW1lIjoiUmFuaml0aCIsImxhc3RfbmFtZSI6Imt1bWFyIiwiZW1haWwiOiIiLCJyb2xlIjoidXNlcl9vbmx5IiwiaWF0IjoxNzY3NzA1MDM1LCJleHAiOjE3ODM0OTEyNzV9.FRHGxwFPERadR8WfT5yYMvwR2NoeZ96jkbZqExPMMZ0
				Accept=*/*
Cookies:		<none>
Multiparts:		<none>
Body:			<none>

--- ? PERFORMANCE STATS ---
   Method  : GET
   Endpoint: /order/getOrderById/74167c07-e6cf-4cc5-9cb9-7a05a65ddf5d
   Time    : ? 398 ms
----------------------------

Response Status: 200
Response Body: {"status":200,"success":true,"msg":"Order details fetched successfully","total_amount":0,"data":[{"id":3950,"guid":"74167c07-e6cf-4cc5-9cb9-7a05a65ddf5d","order_number":"01KE9PWNE7WH2FV55066GAZJ7G","brand_id":"efb159ac-db7c-4b06-a79b-021a8b6d67e8","user_id":"db682abb-31d1-44df-bf19-557b003a5c69","family_member_id":null,"total_price":"75","final_price":"75","rewards_used":"0","delivery_charge":"250","paid_amount":"0","order_status":"Sample Collected","membership_discount":0,"membership_mobile_number":null,"sample_collection_by":null,"sample_collection_date":"2026-01-06T13:10:47.408Z","payment_id":"a441a7a1-0982-4990-9d70-5dfdf84d0ec3","address_id":"99cfd160-72e2-4fcf-b2f4-56e5bbb49fea","lab_location_id":"676a5fa720093d2807af03a5","order_sample_number":"MY26AAA0228","visit_number":"","cancelled_date":null,"cancelled_by":null,"completed_date":null,"completed_by":null,"received_at":null,"slot_start_time":"2026-01-06T20:00:00.000Z","slot_end_time":"2026-01-06T21:00:00.000Z","slot_guid":"44b8d56f-c9af-461a-be92-7110ea417741","reschedule_count":0,"order_created_by":null,"order_created_at":"2026-01-06T13:10:40.404Z","referal_doctor":null,"phlebo_id":"01b109b7-7706-43b0-acc8-3278f721f34d","admin_approval_status":null,"admin_approval_by":null,"admin_approval_at":null,"rewards_gain":"0","cancel_order_remarks":null,"tube_barcode":null,"cancelled_by_user_at":null,"it_dose_order_status":"Sample Collected","it_dose_order_updated_at":"2026-01-06T13:10:40.407Z","it_dose_order_item_status":null,"phlebo_otp":"270650","phlebo_assigned_at":"2026-01-06T13:10:45.533Z","inaugural_discount":0,"cart_id":"pb_05ef0189_mk2lxubq","created_at":"2026-01-06T13:10:40.407Z","updated_at":"2026-01-06T13:10:45.533Z","deleted_at":null,"coupon_code":null,"coupon_guid":null,"coupon_discount_amount":"0","doctors_discount":null,"orderFrom":null,"cancel_delivery_deducted":false,"refund_amount":"0","is_clinic":false,"discount":"0","actual_discount":0,"otp_verified":true,"samples_picked":[{"quantity":1,"sample_type":"Stool Container"}],"tracking_status":[{"time":"2026-01-06T13:10:45.544Z","status":"open"},{"time":"2026-01-06T13:10:46.509Z","status":"inprogress"},{"time":"2026-01-06T13:10:48.443Z","status":"samples_collected"}],"slot_start_times":"06-01-2026 08:00 PM","slot_end_times":"06-01-2026 09:00 PM","doctor_referral_amount":"0","doctor_name":null,"hospital_name":null,"order_items":[{"id":6161,"guid":"d13c6a67-bd37-4e51-b69c-69eaf7ea00d6","order_id":"74167c07-e6cf-4cc5-9cb9-7a05a65ddf5d","product_id":"675921110856fe1e1e992cf8","product_name":"RANDOM BLOOD GLUCOSE (RBS)","product_type":"{\"\\\"675697b0262d1460f8d55d7b\\\"\"}","product_code":"BIO274","quantity":1,"actual_price":75,"final_price":75,"original_price":75,"order_status":"Sample Collected","family_member_id":null,"membership_discount":0,"order_item_number":"MY26AAA0228-1","cancelled_at":null,"admin_approval_status":null,"admin_approval_by":null,"admin_approval_at":null,"cancel_order_remarks":null,"created_at":"2026-01-06T13:10:40.407Z","deleted_at":null,"order_quantity":1,"price":75,"family_member_details":null,"status":"ACTIVE","it_dose_order_items_status":"Sample Collected"}],"user_details":{"id":552,"guid":"db682abb-31d1-44df-bf19-557b003a5c69","first_name":"Ranjith","last_name":"kumar","middle_name":"","gender":"Male","dob":"1997-10-10","country_code":"+91","mobile":"9666666665","alt_mobile":"","email":"","user_type":"Customer","profile_pic":null,"patient_id":null,"title":"Mr.","fcm_token":null,"created_at":"2025-12-01T14:08:25.876Z","updated_at":"2025-12-23T13:39:29.567Z","deleted_at":null,"deleted_reason":null},"addresses":{"latitude":"17.4406327","longitude":"78.3900194","address_name":"Hyderabad, Madhapur, Hyderabad, Telangana, India, 500033","receiver_details":"Ranjith kumar, 500033"},"payment":{"payment_type":"COD","payment_mode":null,"payment_status":"Pending","payment_details":null},"home_sample":true,"sample_types":[],"due_amount":"325.00","lab_location_full_address":"The Square Building ,Plot No - 3,4,6 and 10 ,Inorbit Mall Road ,D Block ,Kavuri Hills ,Madhapur ,Rangareddy ,India, Hyderabad, Telangana, 500033","lab_lattitude":"17.4406327","lab_longitude":"78.3900194","lab_title":"Madhapur"}]}
? Order details fetched successfully for Order ID: 74167c07-e6cf-4cc5-9cb9-7a05a65ddf5d
   Extracted Payment ID: a441a7a1-0982-4990-9d70-5dfdf84d0ec3
   Extracted Due Amount: 325.0
   Order Total Amount: 0
Request Payload: {approved_user_name=33e688a0-67ff-44bb-974b-f53dd17bf625, payment_details=[{amount=325.0, type=Cash, transactionId=, remarks=}], payment_id=a441a7a1-0982-4990-9d70-5dfdf84d0ec3}
Target URL: https://dev-api-yodadiagnostics.yodaprojects.com/order/approvepayment
   Using User Token
Request method:	POST
Request URI:	https://dev-api-yodadiagnostics.yodaprojects.com/order/approvepayment
Proxy:			<none>
Request params:	<none>
Query params:	<none>
Form params:	<none>
Path params:	<none>
Headers:		Authorization=eyJhbGciOiJIUzI1NiIsInR5cCI6IkpXVCJ9.eyJ1c2VyR3VpZCI6ImRiNjgyYWJiLTMxZDEtNDRkZi1iZjE5LTU1N2IwMDNhNWM2OSIsIm1vYmlsZSI6Ijk2NjY2NjY2NjUiLCJmaXJzdF9uYW1lIjoiUmFuaml0aCIsImxhc3RfbmFtZSI6Imt1bWFyIiwiZW1haWwiOiIiLCJyb2xlIjoidXNlcl9vbmx5IiwiaWF0IjoxNzY3NzA1MDM1LCJleHAiOjE3ODM0OTEyNzV9.FRHGxwFPERadR8WfT5yYMvwR2NoeZ96jkbZqExPMMZ0
				Accept=*/*
				Content-Type=application/json
Cookies:		<none>
Multiparts:		<none>
Body:
{
    "approved_user_name": "33e688a0-67ff-44bb-974b-f53dd17bf625",
    "payment_details": [
        {
            "amount": 325.0,
            "type": "Cash",
            "transactionId": "",
            "remarks": ""
        }
    ],
    "payment_id": "a441a7a1-0982-4990-9d70-5dfdf84d0ec3"
}

--- ? PERFORMANCE STATS ---
   Method  : POST
   Endpoint: https://dev-api-yodadiagnostics.yodaprojects.com/order/approvepayment
   Time    : ? 6080 ms
   ??  WARNING: Response is becoming slow (6080ms)
----------------------------

Response Status: 201
Response Body: {"status":201,"success":true,"msg":"Order payment approved successfully","total_amount":0,"data":{"order_guids":["74167c07-e6cf-4cc5-9cb9-7a05a65ddf5d"],"approvalPaymentData":[{"id":4178,"guid":"a441a7a1-0982-4990-9d70-5dfdf84d0ec3","user_id":"db682abb-31d1-44df-bf19-557b003a5c69","payment_gateway_id":null,"amount":"325","payment_type":"COD","payment_status":"Success","payment_details":[{"type":"Cash","amount":325,"remarks":"","transactionId":""}],"created_at":"2026-01-06T13:10:40.065Z","deleted_at":null,"reference_id":null,"cod_approved_date":"2026-01-06T13:10:49.730Z","cod_approved_by":"33e688a0-67ff-44bb-974b-f53dd17bf625","razorpay_status":null,"cancel_order_id":null,"refund_id":null,"payment_mode":null,"linked_membership_payment_id":null,"updated_amount":null}],"adminDetails":[{"user_id":12,"user_guid":"33e688a0-67ff-44bb-974b-f53dd17bf625","user_name":"Admin","mobile":null,"gender":null,"dob":null,"password":"$2a$10$HI5Q1OLxNEveOgm4OX0cYepmDpMl4J9BUENxJPOszNvqwmwKxJqh6","address_details":null,"email":"vinaykumar12345@gmail.com","location_id":null,"is_active":true,"role_id":"a885e3d6-92fd-412e-80ab-8f27d0284c5d","location_name":null,"created_at":"2025-04-25T12:03:24.069Z","updated_at":"2025-04-25T12:03:24.069Z","deleted_at":null,"fcm_token":null}]}}
? Approve Payment HTTP Status: 201
? Payment Approved Successfully
?? Warning: Visit Number not found in Approve Payment response. Response: {"status":201,"success":true,"msg":"Order payment approved successfully","total_amount":0,"data":{"order_guids":["74167c07-e6cf-4cc5-9cb9-7a05a65ddf5d"],"approvalPaymentData":[{"id":4178,"guid":"a441a7a1-0982-4990-9d70-5dfdf84d0ec3","user_id":"db682abb-31d1-44df-bf19-557b003a5c69","payment_gateway_id":null,"amount":"325","payment_type":"COD","payment_status":"Success","payment_details":[{"type":"Cash","amount":325,"remarks":"","transactionId":""}],"created_at":"2026-01-06T13:10:40.065Z","deleted_at":null,"reference_id":null,"cod_approved_date":"2026-01-06T13:10:49.730Z","cod_approved_by":"33e688a0-67ff-44bb-974b-f53dd17bf625","razorpay_status":null,"cancel_order_id":null,"refund_id":null,"payment_mode":null,"linked_membership_payment_id":null,"updated_amount":null}],"adminDetails":[{"user_id":12,"user_guid":"33e688a0-67ff-44bb-974b-f53dd17bf625","user_name":"Admin","mobile":null,"gender":null,"dob":null,"password":"$2a$10$HI5Q1OLxNEveOgm4OX0cYepmDpMl4J9BUENxJPOszNvqwmwKxJqh6","address_details":null,"email":"vinaykumar12345@gmail.com","location_id":null,"is_active":true,"role_id":"a885e3d6-92fd-412e-80ab-8f27d0284c5d","location_name":null,"created_at":"2025-04-25T12:03:24.069Z","updated_at":"2025-04-25T12:03:24.069Z","deleted_at":null,"fcm_token":null}]}}

? Verifying Payment Status after Approval...

==========================================================
      GET PAYMENT BY ID API (DEV)
==========================================================
Request Payload: {id=a441a7a1-0982-4990-9d70-5dfdf84d0ec3}
Target URL: https://dev-api-yodadiagnostics.yodaprojects.com/gateway/getPaymentById
Request method:	POST
Request URI:	https://dev-api-yodadiagnostics.yodaprojects.com/gateway/getPaymentById
Proxy:			<none>
Request params:	<none>
Query params:	<none>
Form params:	<none>
Path params:	<none>
Headers:		Authorization=eyJhbGciOiJIUzI1NiIsInR5cCI6IkpXVCJ9.eyJ1c2VyR3VpZCI6ImRiNjgyYWJiLTMxZDEtNDRkZi1iZjE5LTU1N2IwMDNhNWM2OSIsIm1vYmlsZSI6Ijk2NjY2NjY2NjUiLCJmaXJzdF9uYW1lIjoiUmFuaml0aCIsImxhc3RfbmFtZSI6Imt1bWFyIiwiZW1haWwiOiIiLCJyb2xlIjoidXNlcl9vbmx5IiwiaWF0IjoxNzY3NzA1MDM1LCJleHAiOjE3ODM0OTEyNzV9.FRHGxwFPERadR8WfT5yYMvwR2NoeZ96jkbZqExPMMZ0
				Accept=*/*
				Content-Type=application/json
Cookies:		<none>
Multiparts:		<none>
Body:
{
    "id": "a441a7a1-0982-4990-9d70-5dfdf84d0ec3"
}

--- ? PERFORMANCE STATS ---
   Method  : POST
   Endpoint: https://dev-api-yodadiagnostics.yodaprojects.com/gateway/getPaymentById
   Time    : ? 152 ms
----------------------------

Response Status: 200
Response Body: {"status":200,"success":true,"msg":"Payment details fetched successfully","total_amount":0,"data":{"payments":{"guid":"a441a7a1-0982-4990-9d70-5dfdf84d0ec3","amount":"325","payment_status":"Success","payment_type":"COD","payment_details":[{"type":"Cash","amount":325,"remarks":"","transactionId":""}],"cod_approved_by":"33e688a0-67ff-44bb-974b-f53dd17bf625","cod_approved_date":"2026-01-06T13:10:49.730Z","payment_gateway_id":null,"reference_id":null,"cancel_order_id":null,"delivery_charge":250,"paid_amount":325,"rewards_used":0,"total_mrp":75,"membership_discount":0,"total_discount":0,"net_payable":75,"inaugural_discount":0,"coupon_discount":0},"order_items":[{"id":6161,"guid":"d13c6a67-bd37-4e51-b69c-69eaf7ea00d6","order_id":"74167c07-e6cf-4cc5-9cb9-7a05a65ddf5d","payment_guid":"a441a7a1-0982-4990-9d70-5dfdf84d0ec3","product_id":"675921110856fe1e1e992cf8","product_name":"RANDOM BLOOD GLUCOSE (RBS)","product_type":"{\"\\\"675697b0262d1460f8d55d7b\\\"\"}","product_code":"BIO274","quantity":1,"actual_price":75,"original_price":75,"final_price":75,"family_member_id":"00000000-0000-0000-0000-000000000000","firstName":"Ranjith","lastName":"kumar","order_sample_number":"MY26AAA0228","visit_number":"MYD9087"}]}}
   Post-Approval Payment Status: Success
? VALIDATION PASSED: Payment Status is 'Success'
   Payment Amount on Record: -1.0
? Detailed COD Flow Step 15 Completed.

==========================================================
           USER REGISTRATION TEST
==========================================================

? Generated Mobile: 9972747596

?? USER REGISTRATION REQUEST:
{
  "country_code": "+91",
  "gender": "male",
  "dob": "2004-02-12",
  "mobile": "9972747596",
  "profile_pic": "https://cdn.test.com/img/5396fe.png",
  "last_name": "Doe",
  "middle_name": "K",
  "first_name": "David",
  "alt_mobile": "7949343098",
  "email": "auto_a92144e5@test.com"
}
Request method:	POST
Request URI:	https://dev-api-yodadiagnostics.yodaprojects.com/users/addUser
Proxy:			<none>
Request params:	<none>
Query params:	<none>
Form params:	<none>
Path params:	<none>
Headers:		Accept=*/*
				Content-Type=application/json
Cookies:		<none>
Multiparts:		<none>
Body:
{
    "country_code": "+91",
    "gender": "male",
    "dob": "2004-02-12",
    "mobile": "9972747596",
    "profile_pic": "https://cdn.test.com/img/5396fe.png",
    "last_name": "Doe",
    "middle_name": "K",
    "first_name": "David",
    "alt_mobile": "7949343098",
    "email": "auto_a92144e5@test.com"
}

--- ? PERFORMANCE STATS ---
   Method  : POST
   Endpoint: /users/addUser
   Time    : ? 263 ms
----------------------------


? USER REGISTRATION RESPONSE RECEIVED

? ===== EXTRACTED USER REGISTRATION DATA =====
? User ID (GUID)  : b23e9675-a8d0-4b84-8532-a142d7409111
? First Name      : David
? Last Name       : Doe
? Email           : auto_a92144e5@test.com
?  Gender          : male
? DOB             : 2004-02-12
? Mobile          : 9972747596
? Country Code    : +91
? Status          : null
? Created At      : null
? Updated At      : null
==============================================

? STORED IN RequestContext (GENERIC):
? User ID: b23e9675-a8d0-4b84-8532-a142d7409111
? First Name: David
? Last Name: Doe
? Mobile: 9972747596 (already stored)

==========================================================
        USER REGISTRATION COMPLETED
==========================================================

==========================================================
            NEW USER LOGIN TEST
==========================================================

==================================================
========== TOKEN GENERATION START (NEW_USER) ==========
==================================================
Request method:	POST
Request URI:	https://dev-api-yodadiagnostics.yodaprojects.com/otps/getOtp
Proxy:			<none>
Request params:	<none>
Query params:	<none>
Form params:	<none>
Path params:	<none>
Headers:		Accept=*/*
				Content-Type=application/json
Cookies:		<none>
Multiparts:		<none>
Body:
{
    "country_code": "+91",
    "mobile": "9972747596"
}

--- ? PERFORMANCE STATS ---
   Method  : POST
   Endpoint: /otps/getOtp
   Time    : ? 145 ms
----------------------------

Request method:	POST
Request URI:	https://dev-api-yodadiagnostics.yodaprojects.com/otps/getOtp
Proxy:			<none>
Request params:	<none>
Query params:	<none>
Form params:	<none>
Path params:	<none>
Headers:		Accept=*/*
				Content-Type=application/json
Cookies:		<none>
Multiparts:		<none>
Body:
{
    "country_code": "+91",
    "mobile": "9972747596",
    "otp": "123456"
}

--- ? PERFORMANCE STATS ---
   Method  : POST
   Endpoint: /otps/getOtp
   Time    : ? 195 ms
----------------------------

Token generated for NEW_USER: eyJhbGciOiJIUzI1NiIsInR5cCI6IkpXVCJ9.eyJ1c2VyR3VpZCI6ImIyM2U5Njc1LWE4ZDAtNGI4NC04NTMyLWExNDJkNzQwOTExMSIsIm1vYmlsZSI6Ijk5NzI3NDc1OTYiLCJmaXJzdF9uYW1lIjoiRGF2aWQiLCJsYXN0X25hbWUiOiJEb2UiLCJlbWFpbCI6ImF1dG9fYTkyMTQ0ZTVAdGVzdC5jb20iLCJyb2xlIjoidXNlcl9vbmx5IiwiaWF0IjoxNzY3NzA1MDU2LCJleHAiOjE3ODM0OTEyOTZ9.PonSOjJ176KLcSEmbS1zC7yi22ZCbajsUFQm2k7VTPs
? NEW USER LOGIN SUCCESS
   Token: eyJhbGciOiJIUzI1NiIsInR5cCI6IkpXVCJ9.eyJ1c2VyR3VpZCI6ImIyM2U5Njc1LWE4ZDAtNGI4NC04NTMyLWExNDJkNzQwOTExMSIsIm1vYmlsZSI6Ijk5NzI3NDc1OTYiLCJmaXJzdF9uYW1lIjoiRGF2aWQiLCJsYXN0X25hbWUiOiJEb2UiLCJlbWFpbCI6ImF1dG9fYTkyMTQ0ZTVAdGVzdC5jb20iLCJyb2xlIjoidXNlcl9vbmx5IiwiaWF0IjoxNzY3NzA1MDU2LCJleHAiOjE3ODM0OTEyOTZ9.PonSOjJ176KLcSEmbS1zC7yi22ZCbajsUFQm2k7VTPs
   Stored in: RequestContext.getNewUserToken()
   First Name: David
   Last Name: Doe
   User ID: b23e9675-a8d0-4b84-8532-a142d7409111

>>> STEP 1: DETAILED FLOW - LOGIN & SETUP <<<
   Test Configuration User Type: new_user
   Using NEW USER credentials.
? Token found from context.
? Setup Complete for User: b23e9675-a8d0-4b84-8532-a142d7409111

===== LOCATION API — NEW USER =====
Request method:	POST
Request URI:	https://dev-api-yodadiagnostics.yodaprojects.com/tests/getlocations
Proxy:			<none>
Request params:	<none>
Query params:	<none>
Form params:	<none>
Path params:	<none>
Headers:		Authorization=eyJhbGciOiJIUzI1NiIsInR5cCI6IkpXVCJ9.eyJ1c2VyR3VpZCI6ImIyM2U5Njc1LWE4ZDAtNGI4NC04NTMyLWExNDJkNzQwOTExMSIsIm1vYmlsZSI6Ijk5NzI3NDc1OTYiLCJmaXJzdF9uYW1lIjoiRGF2aWQiLCJsYXN0X25hbWUiOiJEb2UiLCJlbWFpbCI6ImF1dG9fYTkyMTQ0ZTVAdGVzdC5jb20iLCJyb2xlIjoidXNlcl9vbmx5IiwiaWF0IjoxNzY3NzA1MDU2LCJleHAiOjE3ODM0OTEyOTZ9.PonSOjJ176KLcSEmbS1zC7yi22ZCbajsUFQm2k7VTPs
				Accept=*/*
				Content-Type=application/x-www-form-urlencoded; charset=ISO-8859-1
Cookies:		<none>
Multiparts:		<none>
Body:			<none>

--- ? PERFORMANCE STATS ---
   Method  : POST
   Endpoint: /tests/getlocations
   Time    : ? 121 ms
----------------------------


? Total Locations Found: 6
   Location: Ameerpet (HQ) | City: Hyderabad | State: Telangana | Status: ACTIVE | ID: 64870066842708a0d5ae6c77
   ? Coordinates: Lat=17.4358447, Long=78.452737
? Stored: Ameerpet (HQ) ? ID: 64870066842708a0d5ae6c77 | City: Hyderabad | State: Telangana | Coordinates: (17.4358447, 78.452737)
   Location: Guntur | City: Guntur | State: Andhra Pradesh | Status: ACTIVE | ID: 64870066842708a0d5ae6c74
   ? Coordinates: Lat=16.2992859, Long=80.4515523
? Stored: Guntur ? ID: 64870066842708a0d5ae6c74 | City: Guntur | State: Andhra Pradesh | Coordinates: (16.2992859, 80.4515523)
   Location: Khammam | City: Khammam | State: Telangana | Status: ACTIVE | ID: 68ecce703d573db19b650c76
   ? Coordinates: Lat=17.248727, Long=80.1668882
? Stored: Khammam ? ID: 68ecce703d573db19b650c76 | City: Khammam | State: Telangana | Coordinates: (17.248727, 80.1668882)
   Location: Madhapur | City: Hyderabad | State: Telangana | Status: ACTIVE | ID: 676a5fa720093d2807af03a5
   ? Coordinates: Lat=17.4406327, Long=78.3900194
? Stored: Madhapur ? ID: 676a5fa720093d2807af03a5 | City: Hyderabad | State: Telangana | Coordinates: (17.4406327, 78.3900194)
   Location: Tirupati | City: Tirupati | State: Andhra Pradesh | Status: ACTIVE | ID: 64870066842708a0d5ae6c75
   ? Coordinates: Lat=13.6350832, Long=79.42642049999999
? Stored: Tirupati ? ID: 64870066842708a0d5ae6c75 | City: Tirupati | State: Andhra Pradesh | Coordinates: (13.6350832, 79.42642049999999)
   Location: Visakhapatnam | City: Visakhapatnam | State: Andhra Pradesh | Status: ACTIVE | ID: 67346a7655a51ec8ef586bb1
   ? Coordinates: Lat=17.7087874, Long=83.3106882
? Stored: Visakhapatnam ? ID: 67346a7655a51ec8ef586bb1 | City: Visakhapatnam | State: Andhra Pradesh | Coordinates: (17.7087874, 83.3106882)

? Critical Location 'Madhapur' found and stored: 676a5fa720093d2807af03a5
   ? Madhapur Coordinates: Lat=17.4406327, Long=78.3900194
   This location will be used in GlobalSearch and AddToCart APIs

? Locations stored for reuse in next APIs


===== BRAND API — NEW USER =====

?? FETCHING ALL BRANDS...
Request method:	GET
Request URI:	https://dev-api-yodamembership.yodaprojects.com/brand/getAllBrands
Proxy:			<none>
Request params:	<none>
Query params:	<none>
Form params:	<none>
Path params:	<none>
Headers:		Accept=*/*
Cookies:		<none>
Multiparts:		<none>
Body:			<none>

--- ? PERFORMANCE STATS ---
   Method  : GET
   Endpoint: https://dev-api-yodamembership.yodaprojects.com/brand/getAllBrands
   Time    : ? 238 ms
----------------------------

?? API Failed with status: 404
?? Using HARDCODED Brand ID for 'Diagnostics'
Running Global Search as part of NEW USER flow...

==========================================================
         GLOBAL SEARCH API TEST - COMPLETE FLOW
==========================================================
? DEBUG ? STORED LOCATIONS: {Tirupati=64870066842708a0d5ae6c75, Visakhapatnam=67346a7655a51ec8ef586bb1, Khammam=68ecce703d573db19b650c76, Madhapur=676a5fa720093d2807af03a5, Ameerpet (HQ)=64870066842708a0d5ae6c77, UserAddressName=Madhapur, Guntur=64870066842708a0d5ae6c74}

? STEP 1: Validating Location from Previous API (LocationAPI)
   ? Location 'Madhapur' validated from LocationAPI: 676a5fa720093d2807af03a5
   ? This location will be used for Global Search

??  IMPORTANT: We are NOT searching for CBC!
   If CBC appears in results, it's a bug in the search logic.

? Tests to Search: RANDOM BLOOD GLUCOSE (RBS)
? Total Tests: 1

? SEARCHING FOR 1 TESTS
? LOCATION: Madhapur ? 676a5fa720093d2807af03a5

? Searching: RANDOM BLOOD GLUCOSE (RBS)

   ? Attempt 1/5
   Search String: "RANDOM BLOOD GLUCOSE (RBS)"
Request method:	POST
Request URI:	https://dev-api-yodadiagnostics.yodaprojects.com/tests/adminTests
Proxy:			<none>
Request params:	<none>
Query params:	<none>
Form params:	<none>
Path params:	<none>
Headers:		Authorization=Bearer eyJhbGciOiJIUzI1NiIsInR5cCI6IkpXVCJ9.eyJ1c2VyR3VpZCI6IjZhN2IwMjE0LWI1ZjAtNGU5Yi1iNmM0LWNkNjEyMzg5OGVkMyIsIm1vYmlsZSI6IjkwMDM3MzAzOTQiLCJmaXJzdF9uYW1lIjoiUmFuaml0aCIsImxhc3RfbmFtZSI6Ikt1bWFyIiwiZW1haWwiOiIiLCJyb2xlIjoidXNlcl9vbmx5IiwiaWF0IjoxNzY3NzA1MDExLCJleHAiOjE3ODM0OTEyNTF9.TF6FPlah2YNzQYCGL_OVKRuFFZAJ1o5jcop8rONtWms
				Accept=*/*
				Content-Type=application/json
Cookies:		<none>
Multiparts:		<none>
Body:
{
    "limit": 50,
    "location": "676a5fa720093d2807af03a5",
    "page": 1,
    "sort_by": "Type",
    "search_string": "RANDOM BLOOD GLUCOSE (RBS)"
}

--- ? PERFORMANCE STATS ---
   Method  : POST
   Endpoint: tests/adminTests
   Time    : ? 474 ms
----------------------------

   ? API returned 1 results

   ? DEBUG - ALL RESULTS for search "RANDOM BLOOD GLUCOSE (RBS)":
      Result 1:
         test_name: RANDOM BLOOD GLUCOSE (RBS)
         _id: 675921110856fe1e1e992cf8
         test_id: BIO274
         slug: random-blood-glucose-rbs
         Type: diagnostics

   ? EXACT MATCH FOUND: RANDOM BLOOD GLUCOSE (RBS)
      Test ID: BIO274
      Product ID: 675921110856fe1e1e992cf8
      ? SUCCESS with search variation: "RANDOM BLOOD GLUCOSE (RBS)"

? ========================================
   TOTAL TESTS FOUND: 1 / 1
   ========================================
Request method:	POST
Request URI:	https://dev-api-yodadiagnostics.yodaprojects.com/tests/adminTests
Proxy:			<none>
Request params:	<none>
Query params:	<none>
Form params:	<none>
Path params:	<none>
Headers:		Authorization=Bearer eyJhbGciOiJIUzI1NiIsInR5cCI6IkpXVCJ9.eyJ1c2VyR3VpZCI6IjZhN2IwMjE0LWI1ZjAtNGU5Yi1iNmM0LWNkNjEyMzg5OGVkMyIsIm1vYmlsZSI6IjkwMDM3MzAzOTQiLCJmaXJzdF9uYW1lIjoiUmFuaml0aCIsImxhc3RfbmFtZSI6Ikt1bWFyIiwiZW1haWwiOiIiLCJyb2xlIjoidXNlcl9vbmx5IiwiaWF0IjoxNzY3NzA1MDExLCJleHAiOjE3ODM0OTEyNTF9.TF6FPlah2YNzQYCGL_OVKRuFFZAJ1o5jcop8rONtWms
				Accept=*/*
				Content-Type=application/json
Cookies:		<none>
Multiparts:		<none>
Body:
{
    "limit": 50,
    "location": "676a5fa720093d2807af03a5",
    "page": 1,
    "sort_by": "Type",
    "search_string": "RANDOM BLOOD GLUCOSE (RBS)"
}

--- ? PERFORMANCE STATS ---
   Method  : POST
   Endpoint: tests/adminTests
   Time    : ? 388 ms
----------------------------


? EXTRACTING & STORING TEST DETAILS
   Tests already found: 1

? MATCHED & STORED TEST: RANDOM BLOOD GLUCOSE (RBS)
   Test ID       : BIO274
   Product ID    : 675921110856fe1e1e992cf8
   Price         : ?75
   Original Price: ?75
   Type          : diagnostics
   Status        : ACTIVE
   Home Collection: ? AVAILABLE

? All requested tests extracted and stored successfully!

? VALIDATING: Checking we only got the tests we searched for...
   ? Expected test: RANDOM BLOOD GLUCOSE (RBS)

? ANALYZING HOME COLLECTION STATUS FOR ALL TESTS
   ? RANDOM BLOOD GLUCOSE (RBS) - Home Collection: AVAILABLE (type='home')

? HOME COLLECTION ANALYSIS:
   Total tests found: 1
   Tests WITH home collection: 1
   Tests WITHOUT home collection: 0

? Validated stored test: RANDOM BLOOD GLUCOSE (RBS)
   Test ID: BIO274
   Product ID: 675921110856fe1e1e992cf8

? GLOBAL SEARCH COMPLETE (Stored 1 tests)

--- AddToCart For New User ---

? CLEARING PREVIOUS CART for User ID: b23e9675-a8d0-4b84-8532-a142d7409111
Request method:	POST
Request URI:	https://dev-api-yodadiagnostics.yodaprojects.com/carts/v2/addCart
Proxy:			<none>
Request params:	<none>
Query params:	<none>
Form params:	<none>
Path params:	<none>
Headers:		Authorization=eyJhbGciOiJIUzI1NiIsInR5cCI6IkpXVCJ9.eyJ1c2VyR3VpZCI6ImIyM2U5Njc1LWE4ZDAtNGI4NC04NTMyLWExNDJkNzQwOTExMSIsIm1vYmlsZSI6Ijk5NzI3NDc1OTYiLCJmaXJzdF9uYW1lIjoiRGF2aWQiLCJsYXN0X25hbWUiOiJEb2UiLCJlbWFpbCI6ImF1dG9fYTkyMTQ0ZTVAdGVzdC5jb20iLCJyb2xlIjoidXNlcl9vbmx5IiwiaWF0IjoxNzY3NzA1MDU2LCJleHAiOjE3ODM0OTEyOTZ9.PonSOjJ176KLcSEmbS1zC7yi22ZCbajsUFQm2k7VTPs
				Accept=*/*
				Content-Type=application/json
Cookies:		<none>
Multiparts:		<none>
Body:
{
    "user_id": "b23e9675-a8d0-4b84-8532-a142d7409111",
    "lab_location_id": "676a5fa720093d2807af03a5",
    "product_details": [
        
    ],
    "order_type": "home"
}

--- ? PERFORMANCE STATS ---
   Method  : POST
   Endpoint: /carts/v2/addCart
   Time    : ? 453 ms
----------------------------

   ? Cart clear API call successful.
   ? Response Body: {"status":201,"success":true,"msg":"Cart saved successfully","total_amount":0,"data":{"id":1106,"guid":"8bde6d89-138a-49ae-a80a-f039e7383d6d","user_id":"b23e9675-a8d0-4b84-8532-a142d7409111","_user_id":null,"product_details":[],"screen_reason":"home_or_lab_screen","conversion_status":"no","reason_for_drop_order":null,"final_cart_status":"open","reason":null,"created_at":"2026-01-06T13:10:58.764Z","updated_at":"2026-01-06T13:10:58.764Z","deleted_at":null,"order_type":"home","coupon_guid":null,"slot_guid":null,"rewards_used":0,"lab_location_id":"676a5fa720093d2807af03a5","referal_doctor":null,"membership_id":null,"address_id":null,"total_orders":0}}

? CUSTOM PAYLOAD BUILDER for b23e9675-a8d0-4b84-8532-a142d7409111
      ? Added test to payload: RANDOM BLOOD GLUCOSE (RBS) (Type: home)
Request method:	POST
Request URI:	https://dev-api-yodadiagnostics.yodaprojects.com/carts/v2/addCart
Proxy:			<none>
Request params:	<none>
Query params:	<none>
Form params:	<none>
Path params:	<none>
Headers:		Authorization=eyJhbGciOiJIUzI1NiIsInR5cCI6IkpXVCJ9.eyJ1c2VyR3VpZCI6ImIyM2U5Njc1LWE4ZDAtNGI4NC04NTMyLWExNDJkNzQwOTExMSIsIm1vYmlsZSI6Ijk5NzI3NDc1OTYiLCJmaXJzdF9uYW1lIjoiRGF2aWQiLCJsYXN0X25hbWUiOiJEb2UiLCJlbWFpbCI6ImF1dG9fYTkyMTQ0ZTVAdGVzdC5jb20iLCJyb2xlIjoidXNlcl9vbmx5IiwiaWF0IjoxNzY3NzA1MDU2LCJleHAiOjE3ODM0OTEyOTZ9.PonSOjJ176KLcSEmbS1zC7yi22ZCbajsUFQm2k7VTPs
				Accept=*/*
				Content-Type=application/json
Cookies:		<none>
Multiparts:		<none>
Body:
{
    "user_id": "b23e9675-a8d0-4b84-8532-a142d7409111",
    "lab_location_id": "676a5fa720093d2807af03a5",
    "product_details": [
        {
            "quantity": 1,
            "product_id": "675921110856fe1e1e992cf8",
            "type": "home",
            "location_id": "676a5fa720093d2807af03a5",
            "brand_id": "efb159ac-db7c-4b06-a79b-021a8b6d67e8",
            "family_member_id": [
                "b23e9675-a8d0-4b84-8532-a142d7409111"
            ]
        }
    ],
    "order_type": "home"
}

--- ? PERFORMANCE STATS ---
   Method  : POST
   Endpoint: /carts/v2/addCart
   Time    : ? 283 ms
----------------------------

   ? Cart Data Stored for NEW_USER (GUID: 8bde6d89-138a-49ae-a80a-f039e7383d6d)

>>> STEP 2: GET CART & VERIFY PRICE <<<

==========================================================
      GET CART API (Check Total for COD)
==========================================================
Request method:	GET
Request URI:	https://dev-api-yodadiagnostics.yodaprojects.com/carts/v2/getCartById/b23e9675-a8d0-4b84-8532-a142d7409111?location=676a5fa720093d2807af03a5&order_type=home
Proxy:			<none>
Request params:	<none>
Query params:	location=676a5fa720093d2807af03a5
				order_type=home
Form params:	<none>
Path params:	<none>
Headers:		Authorization=eyJhbGciOiJIUzI1NiIsInR5cCI6IkpXVCJ9.eyJ1c2VyR3VpZCI6ImIyM2U5Njc1LWE4ZDAtNGI4NC04NTMyLWExNDJkNzQwOTExMSIsIm1vYmlsZSI6Ijk5NzI3NDc1OTYiLCJmaXJzdF9uYW1lIjoiRGF2aWQiLCJsYXN0X25hbWUiOiJEb2UiLCJlbWFpbCI6ImF1dG9fYTkyMTQ0ZTVAdGVzdC5jb20iLCJyb2xlIjoidXNlcl9vbmx5IiwiaWF0IjoxNzY3NzA1MDU2LCJleHAiOjE3ODM0OTEyOTZ9.PonSOjJ176KLcSEmbS1zC7yi22ZCbajsUFQm2k7VTPs
				Accept=*/*
Cookies:		<none>
Multiparts:		<none>
Body:			<none>

--- ? PERFORMANCE STATS ---
   Method  : GET
   Endpoint: /carts/v2/getCartById/b23e9675-a8d0-4b84-8532-a142d7409111
   Time    : ? 1125 ms
----------------------------

Response Status: 200
   Cart Total: ?325
   Cart ID: 8bde6d89-138a-49ae-a80a-f039e7383d6d
   Order Type: home

>>> STEP 3: ADD ADDRESS & SLOT <<<

==========================================================
      ADD ADDRESS API (Required for Home Order)
==========================================================
Request method:	POST
Request URI:	https://dev-api-yodadiagnostics.yodaprojects.com/address/addAddress
Proxy:			<none>
Request params:	<none>
Query params:	<none>
Form params:	<none>
Path params:	<none>
Headers:		Authorization=eyJhbGciOiJIUzI1NiIsInR5cCI6IkpXVCJ9.eyJ1c2VyR3VpZCI6ImIyM2U5Njc1LWE4ZDAtNGI4NC04NTMyLWExNDJkNzQwOTExMSIsIm1vYmlsZSI6Ijk5NzI3NDc1OTYiLCJmaXJzdF9uYW1lIjoiRGF2aWQiLCJsYXN0X25hbWUiOiJEb2UiLCJlbWFpbCI6ImF1dG9fYTkyMTQ0ZTVAdGVzdC5jb20iLCJyb2xlIjoidXNlcl9vbmx5IiwiaWF0IjoxNzY3NzA1MDU2LCJleHAiOjE3ODM0OTEyOTZ9.PonSOjJ176KLcSEmbS1zC7yi22ZCbajsUFQm2k7VTPs
				Accept=*/*
				Content-Type=application/json
Cookies:		<none>
Multiparts:		<none>
Body:
{
    "country": "India",
    "city": "Hyderabad",
    "recipient_mobile_number": "9999999999",
    "latitude": "17.4358447",
    "type": "home",
    "country_code": "+91",
    "user_id": "b23e9675-a8d0-4b84-8532-a142d7409111",
    "address_line1": "Hyderabad",
    "name": "Ameerpet (HQ)",
    "receiver_name": "Test User",
    "state": "Telangana",
    "postal_code": "500016",
    "longitude": "78.452737"
}

--- ? PERFORMANCE STATS ---
   Method  : POST
   Endpoint: /address/addAddress
   Time    : ? 211 ms
----------------------------

Response Status: 201
Response Body: {"status":201,"success":true,"msg":"Address saved successfully","total_amount":0,"data":{"id":864,"guid":"4ae38f59-a177-4da0-8301-74d5e7dc1641","user_id":"b23e9675-a8d0-4b84-8532-a142d7409111","_user_id":1118,"receiver_name":"Test User","recipient_mobile_number":"9999999999","address_line1":"Hyderabad","address_line2":null,"land_mark":null,"city":"Hyderabad","state":"Telangana","country":"India","postal_code":"500016","name":"Ameerpet (HQ)","type":"home","latitude":"17.4358447","longitude":"78.452737","is_default":true,"serving_location":true,"country_code":"+91","floor_number":null,"created_at":"2026-01-06T13:11:00.581Z","updated_at":"2026-01-06T13:11:00.581Z","deleted_at":null}}
Created Address ID: 864
? SEARCHING FOR AVAILABLE SLOTS...
Request method:	POST
Request URI:	https://dev-api-yodadiagnostics.yodaprojects.com/slot/getSlotCountByTime
Proxy:			<none>
Request params:	<none>
Query params:	<none>
Form params:	<none>
Path params:	<none>
Headers:		Authorization=eyJhbGciOiJIUzI1NiIsInR5cCI6IkpXVCJ9.eyJ1c2VyR3VpZCI6ImIyM2U5Njc1LWE4ZDAtNGI4NC04NTMyLWExNDJkNzQwOTExMSIsIm1vYmlsZSI6Ijk5NzI3NDc1OTYiLCJmaXJzdF9uYW1lIjoiRGF2aWQiLCJsYXN0X25hbWUiOiJEb2UiLCJlbWFpbCI6ImF1dG9fYTkyMTQ0ZTVAdGVzdC5jb20iLCJyb2xlIjoidXNlcl9vbmx5IiwiaWF0IjoxNzY3NzA1MDU2LCJleHAiOjE3ODM0OTEyOTZ9.PonSOjJ176KLcSEmbS1zC7yi22ZCbajsUFQm2k7VTPs
				Accept=*/*
				Content-Type=application/json
Cookies:		<none>
Multiparts:		<none>
Body:
{
    "slot_start_time": "2026-01-06",
    "limit": 100,
    "page": 1,
    "type": "home",
    "addressguid": "4ae38f59-a177-4da0-8301-74d5e7dc1641"
}

--- ? PERFORMANCE STATS ---
   Method  : POST
   Endpoint: /slot/getSlotCountByTime
   Time    : ? 390 ms
----------------------------

--- Slot Search ---
Date Searched: 2026-01-06
Status Code: 200
Response Body: {"status":200,"success":true,"msg":"Slots Fetched Successfully","total":23,"page":1,"limit":100,"total_pages":1,"total_amount":0,"data":[{"guid":"88785f05-ed91-41bb-8322-d607bbc63a39","type":"home","starttime":"2026-01-06 00:00:00","endtime":"2026-01-06 01:00:00","count":0,"centerid":"676e886d854c2069a0d47703"},{"guid":"85caa9e2-614b-490a-98c7-0d2cbf3753b4","type":"home","starttime":"2026-01-06 01:00:00","endtime":"2026-01-06 02:00:00","count":0,"centerid":"676e886d854c2069a0d47703"},{"guid":"f31ba82e-f5e2-4fc9-aca8-990c72dc71fa","type":"home","starttime":"2026-01-06 02:00:00","endtime":"2026-01-06 03:00:00","count":0,"centerid":"676e886d854c2069a0d47703"},{"guid":"cf027b8c-2c31-4a5c-8455-1b146ffaa363","type":"home","starttime":"2026-01-06 03:00:00","endtime":"2026-01-06 04:00:00","count":0,"centerid":"676e886d854c2069a0d47703"},{"guid":"926b8e09-b272-4425-a35d-9a9620b82501","type":"home","starttime":"2026-01-06 04:00:00","endtime":"2026-01-06 05:00:00","count":0,"centerid":"676e886d854c2069a0d47703"},{"guid":"a4a4020e-a245-4a78-972a-89e9b1854a3b","type":"home","starttime":"2026-01-06 05:00:00","endtime":"2026-01-06 06:00:00","count":0,"centerid":"676e886d854c2069a0d47703"},{"guid":"7f162274-b7ab-4af2-a820-f2eb81ad7aec","type":"home","starttime":"2026-01-06 06:00:00","endtime":"2026-01-06 07:00:00","count":0,"centerid":"676e886d854c2069a0d47703"},{"guid":"834d1e1f-f679-4907-8d61-3055104bc4c7","type":"home","starttime":"2026-01-06 07:00:00","endtime":"2026-01-06 08:00:00","count":0,"centerid":"676e886d854c2069a0d47703"},{"guid":"1eb907ea-3776-4a21-8ff9-c05b0fb2a06a","type":"home","starttime":"2026-01-06 08:00:00","endtime":"2026-01-06 09:00:00","count":0,"centerid":"676e886d854c2069a0d47703"},{"guid":"cadb3902-4d67-4300-8832-7c911290dd21","type":"home","starttime":"2026-01-06 09:00:00","endtime":"2026-01-06 10:00:00","count":0,"centerid":"676e886d854c2069a0d47703"},{"guid":"5e285521-cd01-4098-b163-7cc1b2ec1ed0","type":"home","starttime":"2026-01-06 10:00:00","endtime":"2026-01-06 11:00:00","count":0,"centerid":"676e886d854c2069a0d47703"},{"guid":"f6b8a030-e105-40bc-9fd8-caf3af7ee952","type":"home","starttime":"2026-01-06 11:00:00","endtime":"2026-01-06 12:00:00","count":0,"centerid":"676e886d854c2069a0d47703"},{"guid":"303777c7-dd29-4db4-95e2-c842a7ea9ec8","type":"home","starttime":"2026-01-06 12:00:00","endtime":"2026-01-06 13:00:00","count":0,"centerid":"676e886d854c2069a0d47703"},{"guid":"70632a82-8dd8-4ca5-ab82-3b99d21969ea","type":"home","starttime":"2026-01-06 13:00:00","endtime":"2026-01-06 14:00:00","count":0,"centerid":"676e886d854c2069a0d47703"},{"guid":"721966ab-0d82-4a7e-85c7-c9e9d702a3a0","type":"home","starttime":"2026-01-06 14:00:00","endtime":"2026-01-06 15:00:00","count":0,"centerid":"676e886d854c2069a0d47703"},{"guid":"2d8125f6-9c26-4abf-a47c-8917a19a8c23","type":"home","starttime":"2026-01-06 15:00:00","endtime":"2026-01-06 16:00:00","count":0,"centerid":"676e886d854c2069a0d47703"},{"guid":"f8c05fa5-0a16-4581-9e0f-9da75aed9451","type":"home","starttime":"2026-01-06 16:00:00","endtime":"2026-01-06 17:00:00","count":0,"centerid":"676e886d854c2069a0d47703"},{"guid":"cfe4ba6e-4129-452c-99d0-629ae2e5e8e0","type":"home","starttime":"2026-01-06 17:00:00","endtime":"2026-01-06 18:00:00","count":0,"centerid":"676e886d854c2069a0d47703"},{"guid":"b8ebbb56-d8e7-4ff8-bc16-38fb296aec6a","type":"home","starttime":"2026-01-06 18:00:00","endtime":"2026-01-06 19:00:00","count":0,"centerid":"676e886d854c2069a0d47703"},{"guid":"66228c17-e9e3-46f4-b421-92089f658612","type":"home","starttime":"2026-01-06 19:00:00","endtime":"2026-01-06 20:00:00","count":0,"centerid":"676e886d854c2069a0d47703"},{"guid":"44b8d56f-c9af-461a-be92-7110ea417741","type":"home","starttime":"2026-01-06 20:00:00","endtime":"2026-01-06 21:00:00","count":27,"centerid":"676e886d854c2069a0d47703"},{"guid":"eb756bc7-c3f1-4c85-8384-b53289015cd9","type":"home","starttime":"2026-01-06 21:00:00","endtime":"2026-01-06 22:00:00","count":30,"centerid":"676e886d854c2069a0d47703"},{"guid":"841d7923-0f66-407e-87ef-d3b398188fc9","type":"home","starttime":"2026-01-06 22:00:00","endtime":"2026-01-06 23:00:00","count":27,"centerid":"676e886d854c2069a0d47703"}]}
--- End Slot Search ---
   ? Found Slot: 2026-01-06 20:00:00 - 2026-01-06 21:00:00

? UPDATING CART WITH SLOT...
Request method:	POST
Request URI:	https://dev-api-yodadiagnostics.yodaprojects.com/carts/v2/addCart
Proxy:			<none>
Request params:	<none>
Query params:	<none>
Form params:	<none>
Path params:	<none>
Headers:		Authorization=eyJhbGciOiJIUzI1NiIsInR5cCI6IkpXVCJ9.eyJ1c2VyR3VpZCI6ImIyM2U5Njc1LWE4ZDAtNGI4NC04NTMyLWExNDJkNzQwOTExMSIsIm1vYmlsZSI6Ijk5NzI3NDc1OTYiLCJmaXJzdF9uYW1lIjoiRGF2aWQiLCJsYXN0X25hbWUiOiJEb2UiLCJlbWFpbCI6ImF1dG9fYTkyMTQ0ZTVAdGVzdC5jb20iLCJyb2xlIjoidXNlcl9vbmx5IiwiaWF0IjoxNzY3NzA1MDU2LCJleHAiOjE3ODM0OTEyOTZ9.PonSOjJ176KLcSEmbS1zC7yi22ZCbajsUFQm2k7VTPs
				Accept=*/*
				Content-Type=application/json
Cookies:		<none>
Multiparts:		<none>
Body:
{
    "user_id": "b23e9675-a8d0-4b84-8532-a142d7409111",
    "slot_guid": "44b8d56f-c9af-461a-be92-7110ea417741",
    "address_id": "4ae38f59-a177-4da0-8301-74d5e7dc1641",
    "lab_location_id": "676a5fa720093d2807af03a5",
    "product_details": [
        {
            "quantity": 1,
            "product_id": "675921110856fe1e1e992cf8",
            "type": "home",
            "location_id": "676a5fa720093d2807af03a5",
            "brand_id": "efb159ac-db7c-4b06-a79b-021a8b6d67e8",
            "family_member_id": [
                "b23e9675-a8d0-4b84-8532-a142d7409111"
            ]
        }
    ],
    "order_type": "home"
}

--- ? PERFORMANCE STATS ---
   Method  : POST
   Endpoint: /carts/v2/addCart
   Time    : ? 298 ms
----------------------------

Update Cart Response Body: {"status":200,"success":true,"msg":"Cart updated successfully","total_amount":0,"data":{"id":1106,"guid":"8bde6d89-138a-49ae-a80a-f039e7383d6d","user_id":"b23e9675-a8d0-4b84-8532-a142d7409111","_user_id":null,"product_details":[{"product_id":"675921110856fe1e1e992cf8","quantity":1,"brand_id":"efb159ac-db7c-4b06-a79b-021a8b6d67e8","family_member_id":["b23e9675-a8d0-4b84-8532-a142d7409111"],"location_id":"676a5fa720093d2807af03a5"}],"screen_reason":"home_or_lab_screen","conversion_status":"no","reason_for_drop_order":null,"final_cart_status":"open","reason":null,"created_at":"2026-01-06T13:10:58.764Z","updated_at":"2026-01-06T13:11:01.383Z","deleted_at":null,"order_type":"home","coupon_guid":null,"slot_guid":"44b8d56f-c9af-461a-be92-7110ea417741","rewards_used":0,"lab_location_id":"676a5fa720093d2807af03a5","referal_doctor":null,"membership_id":null,"address_id":"4ae38f59-a177-4da0-8301-74d5e7dc1641","total_orders":0}}
? Cart updated successfully with Slot: 44b8d56f-c9af-461a-be92-7110ea417741
? Address & Slot Configured.

>>> STEP 4: VERIFY PAYMENT (PRE-CHECK) <<<

==========================================================
      GET CART API (Check Total for COD)
==========================================================
Request method:	GET
Request URI:	https://dev-api-yodadiagnostics.yodaprojects.com/carts/v2/getCartById/b23e9675-a8d0-4b84-8532-a142d7409111?location=676a5fa720093d2807af03a5&order_type=home
Proxy:			<none>
Request params:	<none>
Query params:	location=676a5fa720093d2807af03a5
				order_type=home
Form params:	<none>
Path params:	<none>
Headers:		Authorization=eyJhbGciOiJIUzI1NiIsInR5cCI6IkpXVCJ9.eyJ1c2VyR3VpZCI6ImIyM2U5Njc1LWE4ZDAtNGI4NC04NTMyLWExNDJkNzQwOTExMSIsIm1vYmlsZSI6Ijk5NzI3NDc1OTYiLCJmaXJzdF9uYW1lIjoiRGF2aWQiLCJsYXN0X25hbWUiOiJEb2UiLCJlbWFpbCI6ImF1dG9fYTkyMTQ0ZTVAdGVzdC5jb20iLCJyb2xlIjoidXNlcl9vbmx5IiwiaWF0IjoxNzY3NzA1MDU2LCJleHAiOjE3ODM0OTEyOTZ9.PonSOjJ176KLcSEmbS1zC7yi22ZCbajsUFQm2k7VTPs
				Accept=*/*
Cookies:		<none>
Multiparts:		<none>
Body:			<none>

--- ? PERFORMANCE STATS ---
   Method  : GET
   Endpoint: /carts/v2/getCartById/b23e9675-a8d0-4b84-8532-a142d7409111
   Time    : ? 579 ms
----------------------------

Response Status: 200

==========================================================
      VERIFY PAYMENT API (COD PRE-CHECK)
==========================================================
Request Payload: {user_id=b23e9675-a8d0-4b84-8532-a142d7409111}
Target URL: https://dev-api-yodadiagnostics.yodaprojects.com/gateway/v2/VerifyPayment
Request method:	POST
Request URI:	https://dev-api-yodadiagnostics.yodaprojects.com/gateway/v2/VerifyPayment
Proxy:			<none>
Request params:	<none>
Query params:	<none>
Form params:	<none>
Path params:	<none>
Headers:		Authorization=eyJhbGciOiJIUzI1NiIsInR5cCI6IkpXVCJ9.eyJ1c2VyR3VpZCI6ImIyM2U5Njc1LWE4ZDAtNGI4NC04NTMyLWExNDJkNzQwOTExMSIsIm1vYmlsZSI6Ijk5NzI3NDc1OTYiLCJmaXJzdF9uYW1lIjoiRGF2aWQiLCJsYXN0X25hbWUiOiJEb2UiLCJlbWFpbCI6ImF1dG9fYTkyMTQ0ZTVAdGVzdC5jb20iLCJyb2xlIjoidXNlcl9vbmx5IiwiaWF0IjoxNzY3NzA1MDU2LCJleHAiOjE3ODM0OTEyOTZ9.PonSOjJ176KLcSEmbS1zC7yi22ZCbajsUFQm2k7VTPs
				Accept=*/*
				Content-Type=application/json
Cookies:		<none>
Multiparts:		<none>
Body:
{
    "user_id": "b23e9675-a8d0-4b84-8532-a142d7409111"
}

--- ? PERFORMANCE STATS ---
   Method  : POST
   Endpoint: /gateway/v2/VerifyPayment
   Time    : ? 3816 ms
----------------------------

Response Status: 200
Response Body: {"status":200,"success":true,"msg":"Orders saved successfully.","total_amount":0,"data":[{"orderDetails":[{"id":3951,"guid":"3eee6d0e-3e77-489a-9026-f8de9c6f6832","order_number":"01KE9PXBQKS35YX8FAGD7EEFS6","brand_id":"efb159ac-db7c-4b06-a79b-021a8b6d67e8","user_id":"b23e9675-a8d0-4b84-8532-a142d7409111","family_member_id":null,"total_price":"75","final_price":"75","rewards_used":"0","delivery_charge":"250","paid_amount":"325","order_status":"Pending","membership_discount":0,"membership_mobile_number":null,"sample_collection_by":null,"sample_collection_date":null,"payment_id":"0d3fdf3b-44b7-449e-8f68-222f8e4c23c0","address_id":"4ae38f59-a177-4da0-8301-74d5e7dc1641","lab_location_id":"676a5fa720093d2807af03a5","order_sample_number":"MY26AAA0229","visit_number":"","cancelled_date":null,"cancelled_by":null,"completed_date":null,"completed_by":null,"received_at":null,"slot_start_time":"2026-01-06T20:00:00.000Z","slot_end_time":"2026-01-06T21:00:00.000Z","slot_guid":"44b8d56f-c9af-461a-be92-7110ea417741","reschedule_count":0,"order_created_by":null,"order_created_at":"2026-01-06T13:11:03.221Z","referal_doctor":null,"phlebo_id":null,"admin_approval_status":null,"admin_approval_by":null,"admin_approval_at":null,"rewards_gain":"0","cancel_order_remarks":null,"tube_barcode":null,"cancelled_by_user_at":null,"it_dose_order_status":null,"it_dose_order_updated_at":"2026-01-06T13:11:03.224Z","it_dose_order_item_status":null,"phlebo_otp":null,"phlebo_assigned_at":null,"inaugural_discount":0,"cart_id":"pb_d9626808_mk2lybui","created_at":"2026-01-06T13:11:03.224Z","updated_at":"2026-01-06T13:11:03.224Z","deleted_at":null,"coupon_code":null,"coupon_guid":null,"coupon_discount_amount":"0","doctors_discount":null,"orderFrom":null,"cancel_delivery_deducted":false,"refund_amount":"0","is_clinic":false}],"OrderItems":[{"id":6162,"guid":"c4ddb620-2946-4eb8-bde7-19b6d20d3cd6","order_id":"3eee6d0e-3e77-489a-9026-f8de9c6f6832","product_id":"675921110856fe1e1e992cf8","product_name":"RANDOM BLOOD GLUCOSE (RBS)","product_type":"{\"\\\"675697b0262d1460f8d55d7b\\\"\"}","product_code":"BIO274","quantity":"1","actual_price":"75","final_price":"75","original_price":"75","order_status":"Pending","family_member_id":null,"membership_discount":0,"order_item_number":"MY26AAA0229-1","cancelled_at":null,"admin_approval_status":null,"admin_approval_by":null,"admin_approval_at":null,"cancel_order_remarks":null,"created_at":"2026-01-06T13:11:03.224Z","deleted_at":null}],"membershipDetails":{"isMembershipOrder":false}}]}
Extracted Payment ID: 0d3fdf3b-44b7-449e-8f68-222f8e4c23c0
Extracted Order ID: 3eee6d0e-3e77-489a-9026-f8de9c6f6832

>>> STEP 5: CROSS-API VALIDATION <<<

==========================================================
      GET PAYMENT BY ID API (DEV)
==========================================================
Request Payload: {id=0d3fdf3b-44b7-449e-8f68-222f8e4c23c0}
Target URL: https://dev-api-yodadiagnostics.yodaprojects.com/gateway/getPaymentById
Request method:	POST
Request URI:	https://dev-api-yodadiagnostics.yodaprojects.com/gateway/getPaymentById
Proxy:			<none>
Request params:	<none>
Query params:	<none>
Form params:	<none>
Path params:	<none>
Headers:		Authorization=eyJhbGciOiJIUzI1NiIsInR5cCI6IkpXVCJ9.eyJ1c2VyR3VpZCI6ImIyM2U5Njc1LWE4ZDAtNGI4NC04NTMyLWExNDJkNzQwOTExMSIsIm1vYmlsZSI6Ijk5NzI3NDc1OTYiLCJmaXJzdF9uYW1lIjoiRGF2aWQiLCJsYXN0X25hbWUiOiJEb2UiLCJlbWFpbCI6ImF1dG9fYTkyMTQ0ZTVAdGVzdC5jb20iLCJyb2xlIjoidXNlcl9vbmx5IiwiaWF0IjoxNzY3NzA1MDU2LCJleHAiOjE3ODM0OTEyOTZ9.PonSOjJ176KLcSEmbS1zC7yi22ZCbajsUFQm2k7VTPs
				Accept=*/*
				Content-Type=application/json
Cookies:		<none>
Multiparts:		<none>
Body:
{
    "id": "0d3fdf3b-44b7-449e-8f68-222f8e4c23c0"
}

--- ? PERFORMANCE STATS ---
   Method  : POST
   Endpoint: https://dev-api-yodadiagnostics.yodaprojects.com/gateway/getPaymentById
   Time    : ? 269 ms
----------------------------

Response Status: 200
Response Body: {"status":200,"success":true,"msg":"Payment details fetched successfully","total_amount":0,"data":{"payments":{"guid":"0d3fdf3b-44b7-449e-8f68-222f8e4c23c0","amount":"325","payment_status":"Pending","payment_type":"COD","payment_details":null,"cod_approved_by":null,"cod_approved_date":null,"payment_gateway_id":null,"reference_id":null,"cancel_order_id":null,"delivery_charge":250,"paid_amount":325,"rewards_used":0,"total_mrp":75,"membership_discount":0,"total_discount":0,"net_payable":75,"inaugural_discount":0,"coupon_discount":0},"order_items":[{"id":6162,"guid":"c4ddb620-2946-4eb8-bde7-19b6d20d3cd6","order_id":"3eee6d0e-3e77-489a-9026-f8de9c6f6832","payment_guid":"0d3fdf3b-44b7-449e-8f68-222f8e4c23c0","product_id":"675921110856fe1e1e992cf8","product_name":"RANDOM BLOOD GLUCOSE (RBS)","product_type":"{\"\\\"675697b0262d1460f8d55d7b\\\"\"}","product_code":"BIO274","quantity":1,"actual_price":75,"original_price":75,"final_price":75,"family_member_id":"00000000-0000-0000-0000-000000000000","firstName":"David","lastName":"Doe","order_sample_number":"MY26AAA0229","visit_number":""}]}}

==========================================================
      GET CART API (Check Total for COD)
==========================================================
Request method:	GET
Request URI:	https://dev-api-yodadiagnostics.yodaprojects.com/carts/v2/getCartById/b23e9675-a8d0-4b84-8532-a142d7409111?location=676a5fa720093d2807af03a5&order_type=home
Proxy:			<none>
Request params:	<none>
Query params:	location=676a5fa720093d2807af03a5
				order_type=home
Form params:	<none>
Path params:	<none>
Headers:		Authorization=eyJhbGciOiJIUzI1NiIsInR5cCI6IkpXVCJ9.eyJ1c2VyR3VpZCI6ImIyM2U5Njc1LWE4ZDAtNGI4NC04NTMyLWExNDJkNzQwOTExMSIsIm1vYmlsZSI6Ijk5NzI3NDc1OTYiLCJmaXJzdF9uYW1lIjoiRGF2aWQiLCJsYXN0X25hbWUiOiJEb2UiLCJlbWFpbCI6ImF1dG9fYTkyMTQ0ZTVAdGVzdC5jb20iLCJyb2xlIjoidXNlcl9vbmx5IiwiaWF0IjoxNzY3NzA1MDU2LCJleHAiOjE3ODM0OTEyOTZ9.PonSOjJ176KLcSEmbS1zC7yi22ZCbajsUFQm2k7VTPs
				Accept=*/*
Cookies:		<none>
Multiparts:		<none>
Body:			<none>

--- ? PERFORMANCE STATS ---
   Method  : GET
   Endpoint: /carts/v2/getCartById/b23e9675-a8d0-4b84-8532-a142d7409111
   Time    : ? 122 ms
----------------------------

Response Status: 200

? ==========================================================
         CROSS-API VALIDATION REPORT
? ==========================================================

? 1. TOTAL AMOUNT CONSISTENCY CHECK:
   Expected Total (Cart): ?325
   Payment Total (GetPayment): ?325
   ? PASS: Cart total matches Payment total
   (User ID and Address ID validations are covered in Assign Order step)

? 2. PAYMENT ID CONSISTENCY CHECK:
   Expected Payment ID: 0d3fdf3b-44b7-449e-8f68-222f8e4c23c0
   Actual Payment GUID: 0d3fdf3b-44b7-449e-8f68-222f8e4c23c0
   ? PASS: Payment ID matches across APIs
   Expected Slot GUID: 44b8d56f-c9af-461a-be92-7110ea417741

? 3. PAYMENT TYPE VALIDATION:
   Payment Type: COD
   ? PASS: Payment type is COD as expected

? 4. ORDER ITEMS VALIDATION:
   Total Order Items: 1
   Item 1: RANDOM BLOOD GLUCOSE (RBS) | Qty: 1 | Price: ?75 | Total: ?75
   Calculated Items Total: ?75
   Net Payable (API): ?75
   ? PASS: Calculated total matches net payable

? 5. PAYMENT STATUS VALIDATION:
   Payment Status: Pending
   ? PASS: Payment status is Pending (expected for COD)

? 6. DISCOUNT & MEMBERSHIP VALIDATION:
   Membership Discount: ?0
   Total Discount: ?0
   ? INFO: No membership discount (expected for non-members)
? ==========================================================
         CROSS-API VALIDATION COMPLETED SUCCESSFULLY
? ==========================================================

>>> STEP 6: PHLEBOTOMIST LOGIN <<<

==========================================================
      PHLEBOTOMIST LOGIN API
==========================================================
Request Payload: {password=12345678, mobile=9360651932}
Target URL: https://dev-api-yodadiagnostics.yodaprojects.com/phlebo/loginPhlebo
Request method:	POST
Request URI:	https://dev-api-yodadiagnostics.yodaprojects.com/phlebo/loginPhlebo
Proxy:			<none>
Request params:	<none>
Query params:	<none>
Form params:	<none>
Path params:	<none>
Headers:		Accept=*/*
				Content-Type=application/json
Cookies:		<none>
Multiparts:		<none>
Body:
{
    "password": "12345678",
    "mobile": 9360651932
}

--- ? PERFORMANCE STATS ---
   Method  : POST
   Endpoint: https://dev-api-yodadiagnostics.yodaprojects.com/phlebo/loginPhlebo
   Time    : ? 760 ms
----------------------------

Response Status: 200
Response Body: {"status":200,"success":true,"msg":"User login success","total_amount":0,"data":{"id":18,"guid":"01b109b7-7706-43b0-acc8-3278f721f34d","name":"Ranjith kumar","mobile_number":"9360651932","password":"$2b$10$CNghj57YMelubC6FOCsTQOv3qCyuGUFF4//shjv9Of5V75ec1sOxC","employee_id":null,"zone_id":"676e886d854c2069a0d47703","profile_pic":null,"email":"ranjith10021996@gmail.com","firebase_token":"eyBJfNf5OENzvOWgJr_Sb5:APA91bFqNlUEDDDItKeE6HDuh3GWimlEZ2FjugSrVDPXRf2GP29drk_e_4SyaOqBW5KUBWLDQl4GmJTexeVR3nSFQiXFmZmmj966Iatq7kZqRW6FhTsVb1Q","is_active":true,"type":["phlebo"],"created_at":"2025-12-26T09:55:37.008Z","updated_at":"2026-01-06T13:10:45.149Z","deleted_at":null,"access_token":"eyJhbGciOiJIUzI1NiIsInR5cCI6IkpXVCJ9.eyJ1c2VyR3VpZCI6IjAxYjEwOWI3LTc3MDYtNDNiMC1hY2M4LTMyNzhmNzIxZjM0ZCIsImVtYWlsIjoicmFuaml0aDEwMDIxOTk2QGdtYWlsLmNvbSIsInJvbGUiOiJ1c2VyX29ubHkiLCJpYXQiOjE3Njc3MDUwNjcsImV4cCI6MTc4MzQ5MTMwN30.eubHvOV7ncbezjCqb5LSfeY9b--t2d6v-Yg_xvlF4ao","refresh_token":"eyJhbGciOiJIUzI1NiIsInR5cCI6IkpXVCJ9.eyJ1c2VyR3VpZCI6IjAxYjEwOWI3LTc3MDYtNDNiMC1hY2M4LTMyNzhmNzIxZjM0ZCIsImVtYWlsIjoicmFuaml0aDEwMDIxOTk2QGdtYWlsLmNvbSIsInJvbGUiOiJ1c2VyX29ubHkiLCJpYXQiOjE3Njc3MDUwNjcsImV4cCI6MTc5OTI2MjY2N30.SJ5eOrqPHLKN6fXy0W1zR31HPfmwGq2anOHwLeVF-ao"}}
? Phlebotomist Login Successful
   Phlebo Name: Ranjith kumar
   Phlebo ID: 01b109b7-7706-43b0-acc8-3278f721f34d
   Phlebo GUID: 01b109b7-7706-43b0-acc8-3278f721f34d
   Phlebo Token: null

>>> STEP 7: ASSIGN ORDER <<<

==========================================================
      ASSIGN ORDER API
==========================================================
Request Payload: {phlebo_id=01b109b7-7706-43b0-acc8-3278f721f34d, order_id=[3eee6d0e-3e77-489a-9026-f8de9c6f6832]}
Target URL: https://dev-api-yodadiagnostics.yodaprojects.com/order_tracking/assignOrder
?? Warning: No Phlebotomist Token found for Assign Order
Request method:	POST
Request URI:	https://dev-api-yodadiagnostics.yodaprojects.com/order_tracking/assignOrder
Proxy:			<none>
Request params:	<none>
Query params:	<none>
Form params:	<none>
Path params:	<none>
Headers:		Accept=*/*
				Content-Type=application/json
Cookies:		<none>
Multiparts:		<none>
Body:
{
    "phlebo_id": "01b109b7-7706-43b0-acc8-3278f721f34d",
    "order_id": [
        "3eee6d0e-3e77-489a-9026-f8de9c6f6832"
    ]
}

--- ? PERFORMANCE STATS ---
   Method  : POST
   Endpoint: https://dev-api-yodadiagnostics.yodaprojects.com/order_tracking/assignOrder
   Time    : ? 802 ms
----------------------------

Response Status: 200
Response Body: {"status":200,"success":true,"msg":"Order has been successfully assigned to the phlebotomist.","total_amount":0,"data":{"updatedOrder":{"id":3951,"guid":"3eee6d0e-3e77-489a-9026-f8de9c6f6832","order_number":"01KE9PXBQKS35YX8FAGD7EEFS6","brand_id":"efb159ac-db7c-4b06-a79b-021a8b6d67e8","user_id":"b23e9675-a8d0-4b84-8532-a142d7409111","family_member_id":null,"total_price":"75","final_price":"75","rewards_used":"0","delivery_charge":"250","paid_amount":"325","order_status":"Pending","membership_discount":0,"membership_mobile_number":null,"sample_collection_by":null,"sample_collection_date":null,"payment_id":"0d3fdf3b-44b7-449e-8f68-222f8e4c23c0","address_id":"4ae38f59-a177-4da0-8301-74d5e7dc1641","lab_location_id":"676a5fa720093d2807af03a5","order_sample_number":"MY26AAA0229","visit_number":"","cancelled_date":null,"cancelled_by":null,"completed_date":null,"completed_by":null,"received_at":null,"slot_start_time":"2026-01-06T20:00:00.000Z","slot_end_time":"2026-01-06T21:00:00.000Z","slot_guid":"44b8d56f-c9af-461a-be92-7110ea417741","reschedule_count":0,"order_created_by":null,"order_created_at":"2026-01-06T13:11:03.221Z","referal_doctor":null,"phlebo_id":"01b109b7-7706-43b0-acc8-3278f721f34d","admin_approval_status":null,"admin_approval_by":null,"admin_approval_at":null,"rewards_gain":"0","cancel_order_remarks":null,"tube_barcode":null,"cancelled_by_user_at":null,"it_dose_order_status":null,"it_dose_order_updated_at":"2026-01-06T13:11:03.224Z","it_dose_order_item_status":null,"phlebo_otp":"132356","phlebo_assigned_at":"2026-01-06T13:11:07.249Z","inaugural_discount":0,"cart_id":"pb_d9626808_mk2lybui","created_at":"2026-01-06T13:11:03.224Z","updated_at":"2026-01-06T13:11:07.249Z","deleted_at":null,"coupon_code":null,"coupon_guid":null,"coupon_discount_amount":"0","doctors_discount":null,"orderFrom":null,"cancel_delivery_deducted":false,"refund_amount":"0","is_clinic":false},"orderTracking":{"id":659,"guid":"a1d6b0f1-93c7-4e89-8b13-caa9309ed92f","order_id":"3eee6d0e-3e77-489a-9026-f8de9c6f6832","address_id":"4ae38f59-a177-4da0-8301-74d5e7dc1641","phlebo_id":"01b109b7-7706-43b0-acc8-3278f721f34d","assigned_date":"2026-01-06T13:11:07.270Z","pickup_location":"https://maps.google.com/?q=17.4358447,78.452737","samples_picked":[],"samples_submitted":[],"status":[{"time":"2026-01-06T13:11:07.270Z","status":"open"}],"verifyOtpRemarks":null,"received_by":null,"otp_verified":false,"created_at":"2026-01-06T13:11:07.270Z","updated_at":"2026-01-06T13:11:07.270Z","deleted_at":null}}}
? Order Assignment Successful
   Order ID: 3eee6d0e-3e77-489a-9026-f8de9c6f6832
   Assigned to Phlebo GUID: 01b109b7-7706-43b0-acc8-3278f721f34d

? Verifying Assigned Order Details...
   ? Slot Time Verified: 2026-01-06T20:00:00.000Z - 2026-01-06T21:00:00.000Z
? All Order Details Verified Successfully in AssignOrder Response
   Order Tracking ID: a1d6b0f1-93c7-4e89-8b13-caa9309ed92f

>>> STEP 8: VERIFY STATUS (ASSIGNED) <<<

==========================================================
      GET ORDER TRACKING STATUS API
==========================================================
Target URL: https://dev-api-yodadiagnostics.yodaprojects.com/order_tracking/getOrderTrackingStatus/a1d6b0f1-93c7-4e89-8b13-caa9309ed92f
Expected Status: Phlebotomist assigned
Request method:	GET
Request URI:	https://dev-api-yodadiagnostics.yodaprojects.com/order_tracking/getOrderTrackingStatus/a1d6b0f1-93c7-4e89-8b13-caa9309ed92f
Proxy:			<none>
Request params:	<none>
Query params:	<none>
Form params:	<none>
Path params:	<none>
Headers:		Accept=*/*
Cookies:		<none>
Multiparts:		<none>
Body:			<none>

--- ? PERFORMANCE STATS ---
   Method  : GET
   Endpoint: https://dev-api-yodadiagnostics.yodaprojects.com/order_tracking/getOrderTrackingStatus/a1d6b0f1-93c7-4e89-8b13-caa9309ed92f
   Time    : ? 279 ms
----------------------------

Response Status: 200
Response Body: {"status":200,"success":true,"msg":"Order Tracking Status successfully","order_status":"open"}
   Current Status: open
   ?? Warning: Expected 'Phlebotomist assigned' but got 'open'

>>> STEP 9: UPDATE ORDER TRACKING <<<

==========================================================
      UPDATE ORDER TRACKING API
==========================================================
Request Payload: {start_location={lng=78.452737, lat=17.4358447}, pickup_location={lng=78.452737, name=Ameerpet (HQ), lat=17.4358447}, order_tracking_id=a1d6b0f1-93c7-4e89-8b13-caa9309ed92f, order_id=3eee6d0e-3e77-489a-9026-f8de9c6f6832, status=inprogress, current_location={lng=78.452737, lat=17.4358447}}
Target URL: https://dev-api-yodadiagnostics.yodaprojects.com/order_tracking/updateOrderTracking
Request method:	POST
Request URI:	https://dev-api-yodadiagnostics.yodaprojects.com/order_tracking/updateOrderTracking
Proxy:			<none>
Request params:	<none>
Query params:	<none>
Form params:	<none>
Path params:	<none>
Headers:		Accept=*/*
				Content-Type=application/json
Cookies:		<none>
Multiparts:		<none>
Body:
{
    "start_location": {
        "lng": "78.452737",
        "lat": "17.4358447"
    },
    "pickup_location": {
        "lng": "78.452737",
        "name": "Ameerpet (HQ)",
        "lat": "17.4358447"
    },
    "order_tracking_id": "a1d6b0f1-93c7-4e89-8b13-caa9309ed92f",
    "order_id": "3eee6d0e-3e77-489a-9026-f8de9c6f6832",
    "status": "inprogress",
    "current_location": {
        "lng": "78.452737",
        "lat": "17.4358447"
    }
}

--- ? PERFORMANCE STATS ---
   Method  : POST
   Endpoint: https://dev-api-yodadiagnostics.yodaprojects.com/order_tracking/updateOrderTracking
   Time    : ? 489 ms
----------------------------

Response Status: 200
Response Body: {"status":200,"success":true,"msg":"Order Status Updated Successfully","total_amount":0,"data":[{"id":659,"guid":"a1d6b0f1-93c7-4e89-8b13-caa9309ed92f","order_id":"3eee6d0e-3e77-489a-9026-f8de9c6f6832","address_id":"4ae38f59-a177-4da0-8301-74d5e7dc1641","phlebo_id":"01b109b7-7706-43b0-acc8-3278f721f34d","assigned_date":"2026-01-06T13:11:07.270Z","pickup_location":"https://maps.google.com/?q=17.4358447,78.452737","samples_picked":[],"samples_submitted":[],"status":[{"time":"2026-01-06T13:11:07.270Z","status":"open"},{"time":"2026-01-06T13:11:08.643Z","status":"inprogress"}],"verifyOtpRemarks":null,"received_by":null,"otp_verified":false,"created_at":"2026-01-06T13:11:07.270Z","updated_at":"2026-01-06T13:11:07.270Z","deleted_at":null}]}
? Order Tracking Updated Successfully

>>> STEP 10: FINAL VERIFICATION (Status & Phlebo) <<<

==========================================================
      GET ORDER TRACKING STATUS API
==========================================================
Target URL: https://dev-api-yodadiagnostics.yodaprojects.com/order_tracking/getOrderTrackingStatus/a1d6b0f1-93c7-4e89-8b13-caa9309ed92f
Expected Status: inprogress
Request method:	GET
Request URI:	https://dev-api-yodadiagnostics.yodaprojects.com/order_tracking/getOrderTrackingStatus/a1d6b0f1-93c7-4e89-8b13-caa9309ed92f
Proxy:			<none>
Request params:	<none>
Query params:	<none>
Form params:	<none>
Path params:	<none>
Headers:		Accept=*/*
Cookies:		<none>
Multiparts:		<none>
Body:			<none>

--- ? PERFORMANCE STATS ---
   Method  : GET
   Endpoint: https://dev-api-yodadiagnostics.yodaprojects.com/order_tracking/getOrderTrackingStatus/a1d6b0f1-93c7-4e89-8b13-caa9309ed92f
   Time    : ? 216 ms
----------------------------

Response Status: 200
Response Body: {"status":200,"success":true,"msg":"Order Tracking Status successfully","order_status":"inprogress"}
   Current Status: inprogress
   ? Order Status Verified: inprogress

==========================================================
      VERIFY PHLEBOTOMIST ASSIGNMENT (Get Order By ID)
==========================================================

==========================================================
      GET ORDER BY ID API
==========================================================
Target URL: https://dev-api-yodadiagnostics.yodaprojects.com/order/getOrderById/3eee6d0e-3e77-489a-9026-f8de9c6f6832
Request method:	GET
Request URI:	https://dev-api-yodadiagnostics.yodaprojects.com/order/getOrderById/3eee6d0e-3e77-489a-9026-f8de9c6f6832
Proxy:			<none>
Request params:	<none>
Query params:	<none>
Form params:	<none>
Path params:	<none>
Headers:		Authorization=eyJhbGciOiJIUzI1NiIsInR5cCI6IkpXVCJ9.eyJ1c2VyR3VpZCI6ImIyM2U5Njc1LWE4ZDAtNGI4NC04NTMyLWExNDJkNzQwOTExMSIsIm1vYmlsZSI6Ijk5NzI3NDc1OTYiLCJmaXJzdF9uYW1lIjoiRGF2aWQiLCJsYXN0X25hbWUiOiJEb2UiLCJlbWFpbCI6ImF1dG9fYTkyMTQ0ZTVAdGVzdC5jb20iLCJyb2xlIjoidXNlcl9vbmx5IiwiaWF0IjoxNzY3NzA1MDU2LCJleHAiOjE3ODM0OTEyOTZ9.PonSOjJ176KLcSEmbS1zC7yi22ZCbajsUFQm2k7VTPs
				Accept=*/*
Cookies:		<none>
Multiparts:		<none>
Body:			<none>

--- ? PERFORMANCE STATS ---
   Method  : GET
   Endpoint: /order/getOrderById/3eee6d0e-3e77-489a-9026-f8de9c6f6832
   Time    : ? 756 ms
----------------------------

Response Status: 200
Response Body: {"status":200,"success":true,"msg":"Order details fetched successfully","total_amount":0,"data":[{"id":3951,"guid":"3eee6d0e-3e77-489a-9026-f8de9c6f6832","order_number":"01KE9PXBQKS35YX8FAGD7EEFS6","brand_id":"efb159ac-db7c-4b06-a79b-021a8b6d67e8","user_id":"b23e9675-a8d0-4b84-8532-a142d7409111","family_member_id":null,"total_price":"75","final_price":"75","rewards_used":"0","delivery_charge":"250","paid_amount":"0","order_status":"Phlebotomist assigned","membership_discount":0,"membership_mobile_number":null,"sample_collection_by":null,"sample_collection_date":null,"payment_id":"0d3fdf3b-44b7-449e-8f68-222f8e4c23c0","address_id":"4ae38f59-a177-4da0-8301-74d5e7dc1641","lab_location_id":"676a5fa720093d2807af03a5","order_sample_number":"MY26AAA0229","visit_number":"","cancelled_date":null,"cancelled_by":null,"completed_date":null,"completed_by":null,"received_at":null,"slot_start_time":"2026-01-06T20:00:00.000Z","slot_end_time":"2026-01-06T21:00:00.000Z","slot_guid":"44b8d56f-c9af-461a-be92-7110ea417741","reschedule_count":0,"order_created_by":null,"order_created_at":"2026-01-06T13:11:03.221Z","referal_doctor":null,"phlebo_id":"01b109b7-7706-43b0-acc8-3278f721f34d","admin_approval_status":null,"admin_approval_by":null,"admin_approval_at":null,"rewards_gain":"0","cancel_order_remarks":null,"tube_barcode":null,"cancelled_by_user_at":null,"it_dose_order_status":"Phlebotomist assigned","it_dose_order_updated_at":"2026-01-06T13:11:03.224Z","it_dose_order_item_status":null,"phlebo_otp":"132356","phlebo_assigned_at":"2026-01-06T13:11:07.249Z","inaugural_discount":0,"cart_id":"pb_d9626808_mk2lybui","created_at":"2026-01-06T13:11:03.224Z","updated_at":"2026-01-06T13:11:07.249Z","deleted_at":null,"coupon_code":null,"coupon_guid":null,"coupon_discount_amount":"0","doctors_discount":null,"orderFrom":null,"cancel_delivery_deducted":false,"refund_amount":"0","is_clinic":false,"discount":"0","actual_discount":0,"otp_verified":false,"samples_picked":[],"tracking_status":[{"time":"2026-01-06T13:11:07.270Z","status":"open"},{"time":"2026-01-06T13:11:08.643Z","status":"inprogress"}],"slot_start_times":"06-01-2026 08:00 PM","slot_end_times":"06-01-2026 09:00 PM","doctor_referral_amount":"0","doctor_name":null,"hospital_name":null,"order_items":[{"id":6162,"guid":"c4ddb620-2946-4eb8-bde7-19b6d20d3cd6","order_id":"3eee6d0e-3e77-489a-9026-f8de9c6f6832","product_id":"675921110856fe1e1e992cf8","product_name":"RANDOM BLOOD GLUCOSE (RBS)","product_type":"{\"\\\"675697b0262d1460f8d55d7b\\\"\"}","product_code":"BIO274","quantity":1,"actual_price":75,"final_price":75,"original_price":75,"order_status":"Phlebotomist assigned","family_member_id":null,"membership_discount":0,"order_item_number":"MY26AAA0229-1","cancelled_at":null,"admin_approval_status":null,"admin_approval_by":null,"admin_approval_at":null,"cancel_order_remarks":null,"created_at":"2026-01-06T13:11:03.224Z","deleted_at":null,"order_quantity":1,"price":75,"family_member_details":null,"status":"ACTIVE","it_dose_order_items_status":"Phlebotomist assigned"}],"user_details":{"id":1118,"guid":"b23e9675-a8d0-4b84-8532-a142d7409111","first_name":"David","last_name":"Doe","middle_name":"K","gender":"male","dob":"2004-02-12","country_code":"+91","mobile":"9972747596","alt_mobile":"7949343098","email":"auto_a92144e5@test.com","user_type":"Customer","profile_pic":"https://cdn.test.com/img/5396fe.png","patient_id":"MY-UHID-0000000001","title":null,"fcm_token":null,"created_at":"2026-01-06T13:10:56.214Z","updated_at":"2026-01-06T13:10:56.214Z","deleted_at":null,"deleted_reason":null},"addresses":{"latitude":"17.4358447","longitude":"78.452737","address_name":"Hyderabad, Ameerpet (HQ), Hyderabad, Telangana, India, 500016","receiver_details":"Test User, 500016"},"payment":{"payment_type":"COD","payment_mode":null,"payment_status":"Pending","payment_details":null},"home_sample":true,"sample_types":[],"due_amount":"325.00","lab_location_full_address":"The Square Building ,Plot No - 3,4,6 and 10 ,Inorbit Mall Road ,D Block ,Kavuri Hills ,Madhapur ,Rangareddy ,India, Hyderabad, Telangana, 500033","lab_lattitude":"17.4406327","lab_longitude":"78.3900194","lab_title":"Madhapur"}]}
? Order details fetched successfully for Order ID: 3eee6d0e-3e77-489a-9026-f8de9c6f6832
   Expected Phlebo GUID: 01b109b7-7706-43b0-acc8-3278f721f34d
   Actual Phlebo GUID: 01b109b7-7706-43b0-acc8-3278f721f34d
   ? Phlebotomist Assignment Verified Successfully
? Detailed COD Flow Step 10 Completed.

>>> STEP 11: ADMIN VERIFY OTP <<<

==========================================================
      ADMIN VERIFY OTP API
==========================================================
Request Payload: {ordertrackingId=a1d6b0f1-93c7-4e89-8b13-caa9309ed92f, verifyOtpRemarks=Test, orderid=3eee6d0e-3e77-489a-9026-f8de9c6f6832}
Target URL: https://dev-api-yodadiagnostics.yodaprojects.com/order_tracking/admin/verifyotp
?? Warning: No Phlebotomist Token found. Trying with User Token.
Request method:	POST
Request URI:	https://dev-api-yodadiagnostics.yodaprojects.com/order_tracking/admin/verifyotp
Proxy:			<none>
Request params:	<none>
Query params:	<none>
Form params:	<none>
Path params:	<none>
Headers:		Authorization=eyJhbGciOiJIUzI1NiIsInR5cCI6IkpXVCJ9.eyJ1c2VyR3VpZCI6ImIyM2U5Njc1LWE4ZDAtNGI4NC04NTMyLWExNDJkNzQwOTExMSIsIm1vYmlsZSI6Ijk5NzI3NDc1OTYiLCJmaXJzdF9uYW1lIjoiRGF2aWQiLCJsYXN0X25hbWUiOiJEb2UiLCJlbWFpbCI6ImF1dG9fYTkyMTQ0ZTVAdGVzdC5jb20iLCJyb2xlIjoidXNlcl9vbmx5IiwiaWF0IjoxNzY3NzA1MDU2LCJleHAiOjE3ODM0OTEyOTZ9.PonSOjJ176KLcSEmbS1zC7yi22ZCbajsUFQm2k7VTPs
				Accept=*/*
				Content-Type=application/json
Cookies:		<none>
Multiparts:		<none>
Body:
{
    "ordertrackingId": "a1d6b0f1-93c7-4e89-8b13-caa9309ed92f",
    "verifyOtpRemarks": "Test",
    "orderid": "3eee6d0e-3e77-489a-9026-f8de9c6f6832"
}

--- ? PERFORMANCE STATS ---
   Method  : POST
   Endpoint: https://dev-api-yodadiagnostics.yodaprojects.com/order_tracking/admin/verifyotp
   Time    : ? 530 ms
----------------------------

Response Status: 200
Response Body: {"status":200,"success":true,"msg":"OTP verified successfully","total_amount":0,"data":{"message":"OTP marked as verified by admin."}}
? Admin Verify OTP Successful
? Detailed COD Flow Step 11 Completed.

>>> STEP 12: GET SAMPLE TYPE <<<

==========================================================
      GET SAMPLE TYPE API
==========================================================
Target URL: https://dev-api-yodadiagnostics.yodaprojects.com/tests/getSampleType
DEBUG: System.getProperty('phlebo.token') = FOUND (len=0)
DEBUG: userToken param = FOUND (len=345)
Request method:	GET
Request URI:	https://dev-api-yodadiagnostics.yodaprojects.com/tests/getSampleType
Proxy:			<none>
Request params:	<none>
Query params:	<none>
Form params:	<none>
Path params:	<none>
Headers:		Authorization=Bearer eyJhbGciOiJIUzI1NiIsInR5cCI6IkpXVCJ9.eyJ1c2VyR3VpZCI6ImIyM2U5Njc1LWE4ZDAtNGI4NC04NTMyLWExNDJkNzQwOTExMSIsIm1vYmlsZSI6Ijk5NzI3NDc1OTYiLCJmaXJzdF9uYW1lIjoiRGF2aWQiLCJsYXN0X25hbWUiOiJEb2UiLCJlbWFpbCI6ImF1dG9fYTkyMTQ0ZTVAdGVzdC5jb20iLCJyb2xlIjoidXNlcl9vbmx5IiwiaWF0IjoxNzY3NzA1MDU2LCJleHAiOjE3ODM0OTEyOTZ9.PonSOjJ176KLcSEmbS1zC7yi22ZCbajsUFQm2k7VTPs
				Accept=*/*
Cookies:		<none>
Multiparts:		<none>
Body:			<none>

--- ? PERFORMANCE STATS ---
   Method  : GET
   Endpoint: https://dev-api-yodadiagnostics.yodaprojects.com/tests/getSampleType
   Time    : ? 488 ms
----------------------------

Response Status: 200
Response Body: {"status":200,"success":true,"msg":"Sample types fetched successfully","total_amount":0,"data":[{"_id":"679b6f7cedfe4056bd7087b1","name":"Green Tube","active":true,"createdAt":"2025-01-30T12:24:28.249Z","updatedAt":"2025-01-30T12:24:28.249Z","__v":0},{"_id":"68afedcd9a19f71bc1d3f2aa","name":"Blood Culture Bottle","active":true,"createdAt":"2025-02-28T05:44:11.000Z","updatedAt":"2025-02-28T05:44:11.000Z","__v":0},{"_id":"68afedcd9a19f71bc1d3f2a3","name":"Fluoride Tube (Grey Top)","active":true,"createdAt":"2025-02-28T05:44:04.000Z","updatedAt":"2025-02-28T05:44:04.000Z","__v":0},{"_id":"68afedcd9a19f71bc1d3f2ad","name":"Urine Filter Paper","active":true,"createdAt":"2025-02-28T05:44:14.000Z","updatedAt":"2025-02-28T05:44:14.000Z","__v":0},{"_id":"68afedcd9a19f71bc1d3f2a0","name":"Serun Separation Tube (Yellow Top)","active":true,"createdAt":"2025-02-28T05:44:01.000Z","updatedAt":"2025-02-28T05:44:01.000Z","__v":0},{"_id":"68afedcd9a19f71bc1d3f2a4","name":"Urine Container","active":true,"createdAt":"2025-02-28T05:44:05.000Z","updatedAt":"2025-02-28T05:44:05.000Z","__v":0},{"_id":"68afedcd9a19f71bc1d3f2ab","name":"NBS Card","active":true,"createdAt":"2025-02-28T05:44:12.000Z","updatedAt":"2025-02-28T05:44:12.000Z","__v":0},{"_id":"679768f2fe8bb09cf46c49f9","name":"Yellow Tube","active":true,"createdAt":"2025-01-27T11:07:30.602Z","updatedAt":"2025-01-30T12:24:17.705Z","__v":0},{"_id":"68afedcd9a19f71bc1d3f2a8","name":"Lithium Heparin (Green Top)","active":true,"createdAt":"2025-02-28T05:44:09.000Z","updatedAt":"2025-02-28T05:44:09.000Z","__v":0},{"_id":"68afedcd9a19f71bc1d3f2a7","name":"Sodium Heparin (Green Top)","active":true,"createdAt":"2025-02-28T05:44:08.000Z","updatedAt":"2025-02-28T05:44:08.000Z","__v":0},{"_id":"68afedcd9a19f71bc1d3f2af","name":"Others","active":true,"createdAt":"2025-02-28T05:44:16.000Z","updatedAt":"2025-02-28T05:44:16.000Z","__v":0},{"_id":"68afedcd9a19f71bc1d3f2a6","name":"Stool Container","active":true,"createdAt":"2025-02-28T05:44:07.000Z","updatedAt":"2025-02-28T05:44:07.000Z","__v":0},{"_id":"68afedcd9a19f71bc1d3f2a9","name":"NIPT Tube","active":true,"createdAt":"2025-02-28T05:44:10.000Z","updatedAt":"2025-02-28T05:44:10.000Z","__v":0},{"_id":"679768fafe8bb09cf46c49fe","name":"Red Tube","active":true,"createdAt":"2025-01-27T11:07:38.673Z","updatedAt":"2025-01-30T12:24:05.044Z","__v":0},{"_id":"68afedcd9a19f71bc1d3f2a2","name":"Serum Tube (White Tube)","active":true,"createdAt":"2025-02-28T05:44:03.000Z","updatedAt":"2025-02-28T05:44:03.000Z","__v":0},{"_id":"68afedcd9a19f71bc1d3f2ae","name":"LBC Container","active":true,"createdAt":"2025-02-28T05:44:15.000Z","updatedAt":"2025-02-28T05:44:15.000Z","__v":0},{"_id":"68afedcd9a19f71bc1d3f2a1","name":"Plain Tube (Red Top)","active":true,"createdAt":"2025-02-28T05:44:02.000Z","updatedAt":"2025-02-28T05:44:02.000Z","__v":0},{"_id":"68afedcd9a19f71bc1d3f29f","name":"EDTA (Purple Top)","active":true,"createdAt":"2025-02-28T05:44:00.000Z","updatedAt":"2025-02-28T05:44:00.000Z","__v":0},{"_id":"68afedcd9a19f71bc1d3f2a5","name":"Sodium Citrate (Blue Top)","active":true,"createdAt":"2025-02-28T05:44:06.000Z","updatedAt":"2025-02-28T05:44:06.000Z","__v":0},{"_id":"68afedcd9a19f71bc1d3f2ac","name":"Swab","active":true,"createdAt":"2025-02-28T05:44:13.000Z","updatedAt":"2025-02-28T05:44:13.000Z","__v":0},{"_id":"68afedcd9a19f71bc1d3f2b0","name":"Nasal Swab (RT-PCR)","active":true,"createdAt":"2025-02-28T05:44:17.000Z","updatedAt":"2025-02-28T05:44:17.000Z","__v":0}]}
? Selected Random Sample Type: Serum Tube (White Tube)
? Sample Type Retrieved: Serum Tube (White Tube)

>>> STEP 13: UPDATE STATUS (SAMPLES COLLECTED) <<<

==========================================================
      UPDATE ORDER TRACKING (SAMPLES COLLECTED)
==========================================================
Request Payload: {samples_collected=[{quantity=1, sample_type=Serum Tube (White Tube)}], order_tracking_id=a1d6b0f1-93c7-4e89-8b13-caa9309ed92f, status=samples_collected}
Target URL: https://dev-api-yodadiagnostics.yodaprojects.com/order_tracking/updateOrderTracking
?? Warning: No Phlebotomist Token found. Using User Token.
Request method:	POST
Request URI:	https://dev-api-yodadiagnostics.yodaprojects.com/order_tracking/updateOrderTracking
Proxy:			<none>
Request params:	<none>
Query params:	<none>
Form params:	<none>
Path params:	<none>
Headers:		Authorization=eyJhbGciOiJIUzI1NiIsInR5cCI6IkpXVCJ9.eyJ1c2VyR3VpZCI6ImIyM2U5Njc1LWE4ZDAtNGI4NC04NTMyLWExNDJkNzQwOTExMSIsIm1vYmlsZSI6Ijk5NzI3NDc1OTYiLCJmaXJzdF9uYW1lIjoiRGF2aWQiLCJsYXN0X25hbWUiOiJEb2UiLCJlbWFpbCI6ImF1dG9fYTkyMTQ0ZTVAdGVzdC5jb20iLCJyb2xlIjoidXNlcl9vbmx5IiwiaWF0IjoxNzY3NzA1MDU2LCJleHAiOjE3ODM0OTEyOTZ9.PonSOjJ176KLcSEmbS1zC7yi22ZCbajsUFQm2k7VTPs
				Accept=*/*
				Content-Type=application/json
Cookies:		<none>
Multiparts:		<none>
Body:
{
    "samples_collected": [
        {
            "quantity": 1,
            "sample_type": "Serum Tube (White Tube)"
        }
    ],
    "order_tracking_id": "a1d6b0f1-93c7-4e89-8b13-caa9309ed92f",
    "status": "samples_collected"
}

--- ? PERFORMANCE STATS ---
   Method  : POST
   Endpoint: https://dev-api-yodadiagnostics.yodaprojects.com/order_tracking/updateOrderTracking
   Time    : ? 263 ms
----------------------------

Response Status: 200
Response Body: {"status":200,"success":true,"msg":"Order Status Updated Successfully","total_amount":0,"data":[{"id":659,"guid":"a1d6b0f1-93c7-4e89-8b13-caa9309ed92f","order_id":"3eee6d0e-3e77-489a-9026-f8de9c6f6832","address_id":"4ae38f59-a177-4da0-8301-74d5e7dc1641","phlebo_id":"01b109b7-7706-43b0-acc8-3278f721f34d","assigned_date":"2026-01-06T13:11:07.270Z","pickup_location":"https://maps.google.com/?q=17.4358447,78.452737","samples_picked":[{"quantity":1,"sample_type":"Serum Tube (White Tube)"}],"samples_submitted":[],"status":[{"time":"2026-01-06T13:11:07.270Z","status":"open"},{"time":"2026-01-06T13:11:08.643Z","status":"inprogress"},{"time":"2026-01-06T13:11:11.067Z","status":"samples_collected"}],"verifyOtpRemarks":"Test","received_by":null,"otp_verified":true,"created_at":"2026-01-06T13:11:07.270Z","updated_at":"2026-01-06T13:11:07.270Z","deleted_at":null}]}
? Order Status Updated to 'samples_collected'

>>> STEP 14: VERIFY STATUS (SAMPLES COLLECTED) IN ORDER DETAILS <<<

==========================================================
      GET ORDER BY ID API
==========================================================
Target URL: https://dev-api-yodadiagnostics.yodaprojects.com/order/getOrderById/3eee6d0e-3e77-489a-9026-f8de9c6f6832
Request method:	GET
Request URI:	https://dev-api-yodadiagnostics.yodaprojects.com/order/getOrderById/3eee6d0e-3e77-489a-9026-f8de9c6f6832
Proxy:			<none>
Request params:	<none>
Query params:	<none>
Form params:	<none>
Path params:	<none>
Headers:		Authorization=eyJhbGciOiJIUzI1NiIsInR5cCI6IkpXVCJ9.eyJ1c2VyR3VpZCI6ImIyM2U5Njc1LWE4ZDAtNGI4NC04NTMyLWExNDJkNzQwOTExMSIsIm1vYmlsZSI6Ijk5NzI3NDc1OTYiLCJmaXJzdF9uYW1lIjoiRGF2aWQiLCJsYXN0X25hbWUiOiJEb2UiLCJlbWFpbCI6ImF1dG9fYTkyMTQ0ZTVAdGVzdC5jb20iLCJyb2xlIjoidXNlcl9vbmx5IiwiaWF0IjoxNzY3NzA1MDU2LCJleHAiOjE3ODM0OTEyOTZ9.PonSOjJ176KLcSEmbS1zC7yi22ZCbajsUFQm2k7VTPs
				Accept=*/*
Cookies:		<none>
Multiparts:		<none>
Body:			<none>

--- ? PERFORMANCE STATS ---
   Method  : GET
   Endpoint: /order/getOrderById/3eee6d0e-3e77-489a-9026-f8de9c6f6832
   Time    : ? 336 ms
----------------------------

Response Status: 200
Response Body: {"status":200,"success":true,"msg":"Order details fetched successfully","total_amount":0,"data":[{"id":3951,"guid":"3eee6d0e-3e77-489a-9026-f8de9c6f6832","order_number":"01KE9PXBQKS35YX8FAGD7EEFS6","brand_id":"efb159ac-db7c-4b06-a79b-021a8b6d67e8","user_id":"b23e9675-a8d0-4b84-8532-a142d7409111","family_member_id":null,"total_price":"75","final_price":"75","rewards_used":"0","delivery_charge":"250","paid_amount":"0","order_status":"Sample Collected","membership_discount":0,"membership_mobile_number":null,"sample_collection_by":null,"sample_collection_date":"2026-01-06T13:11:09.917Z","payment_id":"0d3fdf3b-44b7-449e-8f68-222f8e4c23c0","address_id":"4ae38f59-a177-4da0-8301-74d5e7dc1641","lab_location_id":"676a5fa720093d2807af03a5","order_sample_number":"MY26AAA0229","visit_number":"","cancelled_date":null,"cancelled_by":null,"completed_date":null,"completed_by":null,"received_at":null,"slot_start_time":"2026-01-06T20:00:00.000Z","slot_end_time":"2026-01-06T21:00:00.000Z","slot_guid":"44b8d56f-c9af-461a-be92-7110ea417741","reschedule_count":0,"order_created_by":null,"order_created_at":"2026-01-06T13:11:03.221Z","referal_doctor":null,"phlebo_id":"01b109b7-7706-43b0-acc8-3278f721f34d","admin_approval_status":null,"admin_approval_by":null,"admin_approval_at":null,"rewards_gain":"0","cancel_order_remarks":null,"tube_barcode":null,"cancelled_by_user_at":null,"it_dose_order_status":"Sample Collected","it_dose_order_updated_at":"2026-01-06T13:11:03.224Z","it_dose_order_item_status":null,"phlebo_otp":"132356","phlebo_assigned_at":"2026-01-06T13:11:07.249Z","inaugural_discount":0,"cart_id":"pb_d9626808_mk2lybui","created_at":"2026-01-06T13:11:03.224Z","updated_at":"2026-01-06T13:11:07.249Z","deleted_at":null,"coupon_code":null,"coupon_guid":null,"coupon_discount_amount":"0","doctors_discount":null,"orderFrom":null,"cancel_delivery_deducted":false,"refund_amount":"0","is_clinic":false,"discount":"0","actual_discount":0,"otp_verified":true,"samples_picked":[{"quantity":1,"sample_type":"Serum Tube (White Tube)"}],"tracking_status":[{"time":"2026-01-06T13:11:07.270Z","status":"open"},{"time":"2026-01-06T13:11:08.643Z","status":"inprogress"},{"time":"2026-01-06T13:11:11.067Z","status":"samples_collected"}],"slot_start_times":"06-01-2026 08:00 PM","slot_end_times":"06-01-2026 09:00 PM","doctor_referral_amount":"0","doctor_name":null,"hospital_name":null,"order_items":[{"id":6162,"guid":"c4ddb620-2946-4eb8-bde7-19b6d20d3cd6","order_id":"3eee6d0e-3e77-489a-9026-f8de9c6f6832","product_id":"675921110856fe1e1e992cf8","product_name":"RANDOM BLOOD GLUCOSE (RBS)","product_type":"{\"\\\"675697b0262d1460f8d55d7b\\\"\"}","product_code":"BIO274","quantity":1,"actual_price":75,"final_price":75,"original_price":75,"order_status":"Sample Collected","family_member_id":null,"membership_discount":0,"order_item_number":"MY26AAA0229-1","cancelled_at":null,"admin_approval_status":null,"admin_approval_by":null,"admin_approval_at":null,"cancel_order_remarks":null,"created_at":"2026-01-06T13:11:03.224Z","deleted_at":null,"order_quantity":1,"price":75,"family_member_details":null,"status":"ACTIVE","it_dose_order_items_status":"Sample Collected"}],"user_details":{"id":1118,"guid":"b23e9675-a8d0-4b84-8532-a142d7409111","first_name":"David","last_name":"Doe","middle_name":"K","gender":"male","dob":"2004-02-12","country_code":"+91","mobile":"9972747596","alt_mobile":"7949343098","email":"auto_a92144e5@test.com","user_type":"Customer","profile_pic":"https://cdn.test.com/img/5396fe.png","patient_id":"MY-UHID-0000000001","title":null,"fcm_token":null,"created_at":"2026-01-06T13:10:56.214Z","updated_at":"2026-01-06T13:10:56.214Z","deleted_at":null,"deleted_reason":null},"addresses":{"latitude":"17.4358447","longitude":"78.452737","address_name":"Hyderabad, Ameerpet (HQ), Hyderabad, Telangana, India, 500016","receiver_details":"Test User, 500016"},"payment":{"payment_type":"COD","payment_mode":null,"payment_status":"Pending","payment_details":null},"home_sample":true,"sample_types":[],"due_amount":"325.00","lab_location_full_address":"The Square Building ,Plot No - 3,4,6 and 10 ,Inorbit Mall Road ,D Block ,Kavuri Hills ,Madhapur ,Rangareddy ,India, Hyderabad, Telangana, 500033","lab_lattitude":"17.4406327","lab_longitude":"78.3900194","lab_title":"Madhapur"}]}
? Order details fetched successfully for Order ID: 3eee6d0e-3e77-489a-9026-f8de9c6f6832
   Current Order Status (Raw): [Sample Collected]
   Current Order Status (Extracted): Sample Collected
? Order Status Verified: Sample Collected

>>> STEP 15: APPROVE PAYMENT <<<

==========================================================
      APPROVE PAYMENT API
==========================================================

==========================================================
      GET ORDER BY ID API
==========================================================
Target URL: https://dev-api-yodadiagnostics.yodaprojects.com/order/getOrderById/3eee6d0e-3e77-489a-9026-f8de9c6f6832
Request method:	GET
Request URI:	https://dev-api-yodadiagnostics.yodaprojects.com/order/getOrderById/3eee6d0e-3e77-489a-9026-f8de9c6f6832
Proxy:			<none>
Request params:	<none>
Query params:	<none>
Form params:	<none>
Path params:	<none>
Headers:		Authorization=eyJhbGciOiJIUzI1NiIsInR5cCI6IkpXVCJ9.eyJ1c2VyR3VpZCI6ImIyM2U5Njc1LWE4ZDAtNGI4NC04NTMyLWExNDJkNzQwOTExMSIsIm1vYmlsZSI6Ijk5NzI3NDc1OTYiLCJmaXJzdF9uYW1lIjoiRGF2aWQiLCJsYXN0X25hbWUiOiJEb2UiLCJlbWFpbCI6ImF1dG9fYTkyMTQ0ZTVAdGVzdC5jb20iLCJyb2xlIjoidXNlcl9vbmx5IiwiaWF0IjoxNzY3NzA1MDU2LCJleHAiOjE3ODM0OTEyOTZ9.PonSOjJ176KLcSEmbS1zC7yi22ZCbajsUFQm2k7VTPs
				Accept=*/*
Cookies:		<none>
Multiparts:		<none>
Body:			<none>

--- ? PERFORMANCE STATS ---
   Method  : GET
   Endpoint: /order/getOrderById/3eee6d0e-3e77-489a-9026-f8de9c6f6832
   Time    : ? 926 ms
----------------------------

Response Status: 200
Response Body: {"status":200,"success":true,"msg":"Order details fetched successfully","total_amount":0,"data":[{"id":3951,"guid":"3eee6d0e-3e77-489a-9026-f8de9c6f6832","order_number":"01KE9PXBQKS35YX8FAGD7EEFS6","brand_id":"efb159ac-db7c-4b06-a79b-021a8b6d67e8","user_id":"b23e9675-a8d0-4b84-8532-a142d7409111","family_member_id":null,"total_price":"75","final_price":"75","rewards_used":"0","delivery_charge":"250","paid_amount":"0","order_status":"Sample Collected","membership_discount":0,"membership_mobile_number":null,"sample_collection_by":null,"sample_collection_date":"2026-01-06T13:11:09.917Z","payment_id":"0d3fdf3b-44b7-449e-8f68-222f8e4c23c0","address_id":"4ae38f59-a177-4da0-8301-74d5e7dc1641","lab_location_id":"676a5fa720093d2807af03a5","order_sample_number":"MY26AAA0229","visit_number":"","cancelled_date":null,"cancelled_by":null,"completed_date":null,"completed_by":null,"received_at":null,"slot_start_time":"2026-01-06T20:00:00.000Z","slot_end_time":"2026-01-06T21:00:00.000Z","slot_guid":"44b8d56f-c9af-461a-be92-7110ea417741","reschedule_count":0,"order_created_by":null,"order_created_at":"2026-01-06T13:11:03.221Z","referal_doctor":null,"phlebo_id":"01b109b7-7706-43b0-acc8-3278f721f34d","admin_approval_status":null,"admin_approval_by":null,"admin_approval_at":null,"rewards_gain":"0","cancel_order_remarks":null,"tube_barcode":null,"cancelled_by_user_at":null,"it_dose_order_status":"Sample Collected","it_dose_order_updated_at":"2026-01-06T13:11:03.224Z","it_dose_order_item_status":null,"phlebo_otp":"132356","phlebo_assigned_at":"2026-01-06T13:11:07.249Z","inaugural_discount":0,"cart_id":"pb_d9626808_mk2lybui","created_at":"2026-01-06T13:11:03.224Z","updated_at":"2026-01-06T13:11:07.249Z","deleted_at":null,"coupon_code":null,"coupon_guid":null,"coupon_discount_amount":"0","doctors_discount":null,"orderFrom":null,"cancel_delivery_deducted":false,"refund_amount":"0","is_clinic":false,"discount":"0","actual_discount":0,"otp_verified":true,"samples_picked":[{"quantity":1,"sample_type":"Serum Tube (White Tube)"}],"tracking_status":[{"time":"2026-01-06T13:11:07.270Z","status":"open"},{"time":"2026-01-06T13:11:08.643Z","status":"inprogress"},{"time":"2026-01-06T13:11:11.067Z","status":"samples_collected"}],"slot_start_times":"06-01-2026 08:00 PM","slot_end_times":"06-01-2026 09:00 PM","doctor_referral_amount":"0","doctor_name":null,"hospital_name":null,"order_items":[{"id":6162,"guid":"c4ddb620-2946-4eb8-bde7-19b6d20d3cd6","order_id":"3eee6d0e-3e77-489a-9026-f8de9c6f6832","product_id":"675921110856fe1e1e992cf8","product_name":"RANDOM BLOOD GLUCOSE (RBS)","product_type":"{\"\\\"675697b0262d1460f8d55d7b\\\"\"}","product_code":"BIO274","quantity":1,"actual_price":75,"final_price":75,"original_price":75,"order_status":"Sample Collected","family_member_id":null,"membership_discount":0,"order_item_number":"MY26AAA0229-1","cancelled_at":null,"admin_approval_status":null,"admin_approval_by":null,"admin_approval_at":null,"cancel_order_remarks":null,"created_at":"2026-01-06T13:11:03.224Z","deleted_at":null,"order_quantity":1,"price":75,"family_member_details":null,"status":"ACTIVE","it_dose_order_items_status":"Sample Collected"}],"user_details":{"id":1118,"guid":"b23e9675-a8d0-4b84-8532-a142d7409111","first_name":"David","last_name":"Doe","middle_name":"K","gender":"male","dob":"2004-02-12","country_code":"+91","mobile":"9972747596","alt_mobile":"7949343098","email":"auto_a92144e5@test.com","user_type":"Customer","profile_pic":"https://cdn.test.com/img/5396fe.png","patient_id":"MY-UHID-0000000001","title":null,"fcm_token":null,"created_at":"2026-01-06T13:10:56.214Z","updated_at":"2026-01-06T13:10:56.214Z","deleted_at":null,"deleted_reason":null},"addresses":{"latitude":"17.4358447","longitude":"78.452737","address_name":"Hyderabad, Ameerpet (HQ), Hyderabad, Telangana, India, 500016","receiver_details":"Test User, 500016"},"payment":{"payment_type":"COD","payment_mode":null,"payment_status":"Pending","payment_details":null},"home_sample":true,"sample_types":[],"due_amount":"325.00","lab_location_full_address":"The Square Building ,Plot No - 3,4,6 and 10 ,Inorbit Mall Road ,D Block ,Kavuri Hills ,Madhapur ,Rangareddy ,India, Hyderabad, Telangana, 500033","lab_lattitude":"17.4406327","lab_longitude":"78.3900194","lab_title":"Madhapur"}]}
? Order details fetched successfully for Order ID: 3eee6d0e-3e77-489a-9026-f8de9c6f6832
   Extracted Payment ID: 0d3fdf3b-44b7-449e-8f68-222f8e4c23c0
   Extracted Due Amount: 325.0
   Order Total Amount: 0
Request Payload: {approved_user_name=33e688a0-67ff-44bb-974b-f53dd17bf625, payment_details=[{amount=325.0, type=Cash, transactionId=, remarks=}], payment_id=0d3fdf3b-44b7-449e-8f68-222f8e4c23c0}
Target URL: https://dev-api-yodadiagnostics.yodaprojects.com/order/approvepayment
   Using User Token
Request method:	POST
Request URI:	https://dev-api-yodadiagnostics.yodaprojects.com/order/approvepayment
Proxy:			<none>
Request params:	<none>
Query params:	<none>
Form params:	<none>
Path params:	<none>
Headers:		Authorization=eyJhbGciOiJIUzI1NiIsInR5cCI6IkpXVCJ9.eyJ1c2VyR3VpZCI6ImIyM2U5Njc1LWE4ZDAtNGI4NC04NTMyLWExNDJkNzQwOTExMSIsIm1vYmlsZSI6Ijk5NzI3NDc1OTYiLCJmaXJzdF9uYW1lIjoiRGF2aWQiLCJsYXN0X25hbWUiOiJEb2UiLCJlbWFpbCI6ImF1dG9fYTkyMTQ0ZTVAdGVzdC5jb20iLCJyb2xlIjoidXNlcl9vbmx5IiwiaWF0IjoxNzY3NzA1MDU2LCJleHAiOjE3ODM0OTEyOTZ9.PonSOjJ176KLcSEmbS1zC7yi22ZCbajsUFQm2k7VTPs
				Accept=*/*
				Content-Type=application/json
Cookies:		<none>
Multiparts:		<none>
Body:
{
    "approved_user_name": "33e688a0-67ff-44bb-974b-f53dd17bf625",
    "payment_details": [
        {
            "amount": 325.0,
            "type": "Cash",
            "transactionId": "",
            "remarks": ""
        }
    ],
    "payment_id": "0d3fdf3b-44b7-449e-8f68-222f8e4c23c0"
}

--- ? PERFORMANCE STATS ---
   Method  : POST
   Endpoint: https://dev-api-yodadiagnostics.yodaprojects.com/order/approvepayment
   Time    : ? 3044 ms
----------------------------

Response Status: 201
Response Body: {"status":201,"success":true,"msg":"Order payment approved successfully","total_amount":0,"data":{"order_guids":["3eee6d0e-3e77-489a-9026-f8de9c6f6832"],"approvalPaymentData":[{"id":4179,"guid":"0d3fdf3b-44b7-449e-8f68-222f8e4c23c0","user_id":"b23e9675-a8d0-4b84-8532-a142d7409111","payment_gateway_id":null,"amount":"325","payment_type":"COD","payment_status":"Success","payment_details":[{"type":"Cash","amount":325,"remarks":"","transactionId":""}],"created_at":"2026-01-06T13:11:02.776Z","deleted_at":null,"reference_id":null,"cod_approved_date":"2026-01-06T13:11:12.675Z","cod_approved_by":"33e688a0-67ff-44bb-974b-f53dd17bf625","razorpay_status":null,"cancel_order_id":null,"refund_id":null,"payment_mode":null,"linked_membership_payment_id":null,"updated_amount":null}],"adminDetails":[{"user_id":12,"user_guid":"33e688a0-67ff-44bb-974b-f53dd17bf625","user_name":"Admin","mobile":null,"gender":null,"dob":null,"password":"$2a$10$HI5Q1OLxNEveOgm4OX0cYepmDpMl4J9BUENxJPOszNvqwmwKxJqh6","address_details":null,"email":"vinaykumar12345@gmail.com","location_id":null,"is_active":true,"role_id":"a885e3d6-92fd-412e-80ab-8f27d0284c5d","location_name":null,"created_at":"2025-04-25T12:03:24.069Z","updated_at":"2025-04-25T12:03:24.069Z","deleted_at":null,"fcm_token":null}]}}
? Approve Payment HTTP Status: 201
? Payment Approved Successfully
?? Warning: Visit Number not found in Approve Payment response. Response: {"status":201,"success":true,"msg":"Order payment approved successfully","total_amount":0,"data":{"order_guids":["3eee6d0e-3e77-489a-9026-f8de9c6f6832"],"approvalPaymentData":[{"id":4179,"guid":"0d3fdf3b-44b7-449e-8f68-222f8e4c23c0","user_id":"b23e9675-a8d0-4b84-8532-a142d7409111","payment_gateway_id":null,"amount":"325","payment_type":"COD","payment_status":"Success","payment_details":[{"type":"Cash","amount":325,"remarks":"","transactionId":""}],"created_at":"2026-01-06T13:11:02.776Z","deleted_at":null,"reference_id":null,"cod_approved_date":"2026-01-06T13:11:12.675Z","cod_approved_by":"33e688a0-67ff-44bb-974b-f53dd17bf625","razorpay_status":null,"cancel_order_id":null,"refund_id":null,"payment_mode":null,"linked_membership_payment_id":null,"updated_amount":null}],"adminDetails":[{"user_id":12,"user_guid":"33e688a0-67ff-44bb-974b-f53dd17bf625","user_name":"Admin","mobile":null,"gender":null,"dob":null,"password":"$2a$10$HI5Q1OLxNEveOgm4OX0cYepmDpMl4J9BUENxJPOszNvqwmwKxJqh6","address_details":null,"email":"vinaykumar12345@gmail.com","location_id":null,"is_active":true,"role_id":"a885e3d6-92fd-412e-80ab-8f27d0284c5d","location_name":null,"created_at":"2025-04-25T12:03:24.069Z","updated_at":"2025-04-25T12:03:24.069Z","deleted_at":null,"fcm_token":null}]}}

? Verifying Payment Status after Approval...

==========================================================
      GET PAYMENT BY ID API (DEV)
==========================================================
Request Payload: {id=0d3fdf3b-44b7-449e-8f68-222f8e4c23c0}
Target URL: https://dev-api-yodadiagnostics.yodaprojects.com/gateway/getPaymentById
Request method:	POST
Request URI:	https://dev-api-yodadiagnostics.yodaprojects.com/gateway/getPaymentById
Proxy:			<none>
Request params:	<none>
Query params:	<none>
Form params:	<none>
Path params:	<none>
Headers:		Authorization=eyJhbGciOiJIUzI1NiIsInR5cCI6IkpXVCJ9.eyJ1c2VyR3VpZCI6ImIyM2U5Njc1LWE4ZDAtNGI4NC04NTMyLWExNDJkNzQwOTExMSIsIm1vYmlsZSI6Ijk5NzI3NDc1OTYiLCJmaXJzdF9uYW1lIjoiRGF2aWQiLCJsYXN0X25hbWUiOiJEb2UiLCJlbWFpbCI6ImF1dG9fYTkyMTQ0ZTVAdGVzdC5jb20iLCJyb2xlIjoidXNlcl9vbmx5IiwiaWF0IjoxNzY3NzA1MDU2LCJleHAiOjE3ODM0OTEyOTZ9.PonSOjJ176KLcSEmbS1zC7yi22ZCbajsUFQm2k7VTPs
				Accept=*/*
				Content-Type=application/json
Cookies:		<none>
Multiparts:		<none>
Body:
{
    "id": "0d3fdf3b-44b7-449e-8f68-222f8e4c23c0"
}

--- ? PERFORMANCE STATS ---
   Method  : POST
   Endpoint: https://dev-api-yodadiagnostics.yodaprojects.com/gateway/getPaymentById
   Time    : ? 239 ms
----------------------------

Response Status: 200
Response Body: {"status":200,"success":true,"msg":"Payment details fetched successfully","total_amount":0,"data":{"payments":{"guid":"0d3fdf3b-44b7-449e-8f68-222f8e4c23c0","amount":"325","payment_status":"Success","payment_type":"COD","payment_details":[{"type":"Cash","amount":325,"remarks":"","transactionId":""}],"cod_approved_by":"33e688a0-67ff-44bb-974b-f53dd17bf625","cod_approved_date":"2026-01-06T13:11:12.675Z","payment_gateway_id":null,"reference_id":null,"cancel_order_id":null,"delivery_charge":250,"paid_amount":325,"rewards_used":0,"total_mrp":75,"membership_discount":0,"total_discount":0,"net_payable":75,"inaugural_discount":0,"coupon_discount":0},"order_items":[{"id":6162,"guid":"c4ddb620-2946-4eb8-bde7-19b6d20d3cd6","order_id":"3eee6d0e-3e77-489a-9026-f8de9c6f6832","payment_guid":"0d3fdf3b-44b7-449e-8f68-222f8e4c23c0","product_id":"675921110856fe1e1e992cf8","product_name":"RANDOM BLOOD GLUCOSE (RBS)","product_type":"{\"\\\"675697b0262d1460f8d55d7b\\\"\"}","product_code":"BIO274","quantity":1,"actual_price":75,"original_price":75,"final_price":75,"family_member_id":"00000000-0000-0000-0000-000000000000","firstName":"David","lastName":"Doe","order_sample_number":"MY26AAA0229","visit_number":""}]}}
   Post-Approval Payment Status: Success
? VALIDATION PASSED: Payment Status is 'Success'
   Payment Amount on Record: -1.0
? Detailed COD Flow Step 15 Completed.
[INFO] Tests run: 61, Failures: 0, Errors: 0, Skipped: 0, Time elapsed: 68.87 s -- in TestSuite
[INFO] 
[INFO] Results:
[INFO] 
[INFO] Tests run: 61, Failures: 0, Errors: 0, Skipped: 0
[INFO] 
[INFO] ------------------------------------------------------------------------
[INFO] BUILD SUCCESS
[INFO] ------------------------------------------------------------------------
[INFO] Total time:  01:12 min
[INFO] Finished at: 2026-01-06T18:41:16+05:30
[INFO] ------------------------------------------------------------------------
