[2026-01-05 14:49:13.746] POST   | /otps/getOtp                                                                                                             |   825 ms | Status: PASS
[2026-01-05 14:49:14.643] POST   | /otps/getOtp                                                                                                             |   868 ms | Status: PASS
[2026-01-05 17:42:41.882] POST   | /otps/getOtp                                                                                                             | 21214 ms | Status: FAIL (SLA Violation)
[2026-01-05 17:44:35.036] POST   | /otps/getOtp                                                                                                             |   144 ms | Status: PASS
[2026-01-05 17:44:35.227] POST   | /otps/getOtp                                                                                                             |   161 ms | Status: PASS
[2026-01-05 17:48:05.613] POST   | /otps/getOtp                                                                                                             |   226 ms | Status: PASS
[2026-01-05 17:48:05.859] POST   | /otps/getOtp                                                                                                             |   214 ms | Status: PASS
[2026-01-05 17:58:49.572] POST   | /otps/getOtp                                                                                                             |   140 ms | Status: PASS
[2026-01-05 17:58:49.752] POST   | /otps/getOtp                                                                                                             |   138 ms | Status: PASS
[2026-01-05 18:01:45.647] POST   | /otps/getOtp                                                                                                             |   163 ms | Status: PASS
[2026-01-05 18:01:45.832] POST   | /otps/getOtp                                                                                                             |   153 ms | Status: PASS
[2026-01-05 18:05:48.961] POST   | /otps/getOtp                                                                                                             |   192 ms | Status: PASS
[2026-01-05 18:05:49.151] POST   | /otps/getOtp                                                                                                             |   163 ms | Status: PASS
[2026-01-05 18:07:52.303] POST   | /otps/getOtp                                                                                                             |   182 ms | Status: PASS
[2026-01-05 18:07:52.553] POST   | /otps/getOtp                                                                                                             |   218 ms | Status: PASS
[2026-01-05 18:14:35.755] POST   | /otps/getOtp                                                                                                             |   254 ms | Status: PASS
[2026-01-05 18:14:36.102] POST   | /otps/getOtp                                                                                                             |   317 ms | Status: PASS
[2026-01-05 18:17:53.866] POST   | /otps/getOtp                                                                                                             |   134 ms | Status: PASS
[2026-01-05 18:17:54.046] POST   | /otps/getOtp                                                                                                             |   160 ms | Status: PASS
[2026-01-05 18:25:21.745] POST   | /otps/getOtp                                                                                                             |   140 ms | Status: PASS
[2026-01-05 18:25:21.938] POST   | /otps/getOtp                                                                                                             |   161 ms | Status: PASS
[2026-01-05 19:19:53.914] POST   | /otps/getOtp                                                                                                             |   206 ms | Status: PASS
[2026-01-05 19:19:54.132] POST   | /otps/getOtp                                                                                                             |   180 ms | Status: PASS
[2026-01-06 15:20:25.779] POST   | /otps/getOtp                                                                                                             |   149 ms | Status: PASS
[2026-01-06 15:22:22.342] POST   | /otps/getOtp                                                                                                             |   160 ms | Status: PASS
[2026-01-06 15:22:22.530] POST   | /otps/getOtp                                                                                                             |   152 ms | Status: PASS
[2026-01-06 15:24:12.519] POST   | /otps/getOtp                                                                                                             |   144 ms | Status: PASS
[2026-01-06 15:24:12.697] POST   | /otps/getOtp                                                                                                             |   163 ms | Status: PASS
[2026-01-06 15:27:44.207] POST   | /otps/getOtp                                                                                                             |   648 ms | Status: PASS
[2026-01-06 15:27:44.431] POST   | /otps/getOtp                                                                                                             |   204 ms | Status: PASS
[2026-01-06 15:27:45.659] POST   | /tests/getlocations                                                                                                      |   128 ms | Status: PASS
[2026-01-06 15:27:46.691] GET    | https://dev-api-yodamembership.yodaprojects.com/brand/getAllBrands                                                       |   166 ms | Status: PASS
[2026-01-06 15:27:47.415] POST   | tests/adminTests                                                                                                         |   397 ms | Status: PASS
[2026-01-06 15:27:47.978] POST   | tests/adminTests                                                                                                         |   535 ms | Status: PASS
[2026-01-06 15:27:48.259] POST   | tests/adminTests                                                                                                         |   239 ms | Status: PASS
[2026-01-06 15:27:48.519] POST   | /carts/v2/addCart                                                                                                        |   226 ms | Status: PASS
[2026-01-06 15:27:48.671] POST   | /carts/v2/addCart                                                                                                        |   144 ms | Status: PASS
[2026-01-06 15:27:48.864] POST   | /carts/v2/addCart                                                                                                        |   139 ms | Status: PASS
[2026-01-06 15:27:49.235] GET    | /carts/v2/getCartById/6a7b0214-b5f0-4e9b-b6c4-cd6123898ed3                                                               |   338 ms | Status: PASS
[2026-01-06 15:27:49.436] POST   | /address/addAddress                                                                                                      |   126 ms | Status: PASS
[2026-01-06 15:27:49.562] GET    | /address/getAddressByUserId/6a7b0214-b5f0-4e9b-b6c4-cd6123898ed3                                                         |   120 ms | Status: PASS
[2026-01-06 15:27:49.807] POST   | /slot/getSlotCountByTime                                                                                                 |   145 ms | Status: PASS
[2026-01-06 15:27:50.013] POST   | /carts/v2/addCart                                                                                                        |   180 ms | Status: PASS
[2026-01-06 15:27:50.370] GET    | /carts/v2/getCartById/6a7b0214-b5f0-4e9b-b6c4-cd6123898ed3                                                               |   312 ms | Status: PASS
[2026-01-06 15:27:53.602] POST   | /gateway/v2/VerifyPayment                                                                                                |  3177 ms | Status: FAIL (SLA Violation)
[2026-01-06 15:27:53.851] POST   | https://dev-api-yodadiagnostics.yodaprojects.com/gateway/getPaymentById                                                  |   145 ms | Status: PASS
[2026-01-06 15:27:53.967] GET    | /carts/v2/getCartById/6a7b0214-b5f0-4e9b-b6c4-cd6123898ed3                                                               |   111 ms | Status: PASS
[2026-01-06 15:27:54.276] POST   | https://dev-api-yodadiagnostics.yodaprojects.com/phlebo/loginPhlebo                                                      |   243 ms | Status: PASS
[2026-01-06 15:27:55.014] POST   | https://dev-api-yodadiagnostics.yodaprojects.com/order_tracking/assignOrder                                              |   655 ms | Status: PASS
[2026-01-06 15:27:55.195] GET    | https://dev-api-yodadiagnostics.yodaprojects.com/order_tracking/getOrderTrackingStatus/01141901-4c62-4e27-a1b5-8365697ec2ff |   119 ms | Status: PASS
[2026-01-06 15:27:55.420] POST   | https://dev-api-yodadiagnostics.yodaprojects.com/order_tracking/updateOrderTracking                                      |   200 ms | Status: PASS
[2026-01-06 15:27:55.543] GET    | https://dev-api-yodadiagnostics.yodaprojects.com/order_tracking/getOrderTrackingStatus/01141901-4c62-4e27-a1b5-8365697ec2ff |   113 ms | Status: PASS
[2026-01-06 15:27:55.818] GET    | /order/getOrderById/3d3d2995-9199-4a8b-b88b-936c6ddbd40f                                                                 |   260 ms | Status: PASS
[2026-01-06 15:27:56.415] POST   | https://dev-api-yodadiagnostics.yodaprojects.com/order_tracking/admin/verifyotp                                          |   556 ms | Status: PASS
[2026-01-06 15:27:56.581] GET    | https://dev-api-yodadiagnostics.yodaprojects.com/tests/getSampleType                                                     |   149 ms | Status: PASS
[2026-01-06 15:27:56.742] POST   | https://dev-api-yodadiagnostics.yodaprojects.com/order_tracking/updateOrderTracking                                      |   134 ms | Status: PASS
[2026-01-06 15:27:56.983] GET    | /order/getOrderById/3d3d2995-9199-4a8b-b88b-936c6ddbd40f                                                                 |   217 ms | Status: PASS
[2026-01-06 15:27:57.254] GET    | /order/getOrderById/3d3d2995-9199-4a8b-b88b-936c6ddbd40f                                                                 |   240 ms | Status: PASS
[2026-01-06 15:28:05.456] POST   | https://dev-api-yodadiagnostics.yodaprojects.com/order/approvepayment                                                    |  8111 ms | Status: FAIL (SLA Violation)
[2026-01-06 15:28:05.668] POST   | https://dev-api-yodadiagnostics.yodaprojects.com/gateway/getPaymentById                                                  |   193 ms | Status: PASS
[2026-01-06 15:30:22.938] POST   | /otps/getOtp                                                                                                             |   556 ms | Status: PASS
[2026-01-06 15:30:23.146] POST   | /otps/getOtp                                                                                                             |   179 ms | Status: PASS
[2026-01-06 15:30:23.980] POST   | /tests/getlocations                                                                                                      |   156 ms | Status: PASS
[2026-01-06 15:30:25.015] GET    | https://dev-api-yodamembership.yodaprojects.com/brand/getAllBrands                                                       |   123 ms | Status: PASS
[2026-01-06 15:30:25.765] POST   | tests/adminTests                                                                                                         |   309 ms | Status: PASS
[2026-01-06 15:30:26.096] POST   | tests/adminTests                                                                                                         |   306 ms | Status: PASS
[2026-01-06 15:30:26.444] POST   | tests/adminTests                                                                                                         |   322 ms | Status: PASS
[2026-01-06 15:30:26.608] POST   | /carts/v2/addCart                                                                                                        |   132 ms | Status: PASS
[2026-01-06 15:30:26.781] POST   | /carts/v2/addCart                                                                                                        |   155 ms | Status: PASS
[2026-01-06 15:30:26.975] POST   | /carts/v2/addCart                                                                                                        |   135 ms | Status: PASS
[2026-01-06 15:30:27.317] GET    | /carts/v2/getCartById/6a7b0214-b5f0-4e9b-b6c4-cd6123898ed3                                                               |   304 ms | Status: PASS
[2026-01-06 15:30:27.548] POST   | /address/addAddress                                                                                                      |   134 ms | Status: PASS
[2026-01-06 15:30:27.715] GET    | /address/getAddressByUserId/6a7b0214-b5f0-4e9b-b6c4-cd6123898ed3                                                         |   153 ms | Status: PASS
[2026-01-06 15:30:27.993] POST   | /slot/getSlotCountByTime                                                                                                 |   162 ms | Status: PASS
[2026-01-06 15:30:28.134] POST   | /carts/v2/addCart                                                                                                        |   123 ms | Status: PASS
[2026-01-06 15:30:28.513] GET    | /carts/v2/getCartById/6a7b0214-b5f0-4e9b-b6c4-cd6123898ed3                                                               |   344 ms | Status: PASS
[2026-01-06 15:30:31.715] POST   | /gateway/v2/VerifyPayment                                                                                                |  3166 ms | Status: FAIL (SLA Violation)
[2026-01-06 15:30:31.900] POST   | https://dev-api-yodadiagnostics.yodaprojects.com/gateway/getPaymentById                                                  |   119 ms | Status: PASS
[2026-01-06 15:30:32.010] GET    | /carts/v2/getCartById/6a7b0214-b5f0-4e9b-b6c4-cd6123898ed3                                                               |   102 ms | Status: PASS
[2026-01-06 15:30:32.423] POST   | https://dev-api-yodadiagnostics.yodaprojects.com/phlebo/loginPhlebo                                                      |   333 ms | Status: PASS
[2026-01-06 15:30:33.050] POST   | https://dev-api-yodadiagnostics.yodaprojects.com/order_tracking/assignOrder                                              |   526 ms | Status: PASS
[2026-01-06 15:30:33.198] GET    | https://dev-api-yodadiagnostics.yodaprojects.com/order_tracking/getOrderTrackingStatus/b6158e10-2caa-44ce-9db8-6a39479b6d26 |   101 ms | Status: PASS
[2026-01-06 15:30:33.359] POST   | https://dev-api-yodadiagnostics.yodaprojects.com/order_tracking/updateOrderTracking                                      |   137 ms | Status: PASS
[2026-01-06 15:30:33.497] GET    | https://dev-api-yodadiagnostics.yodaprojects.com/order_tracking/getOrderTrackingStatus/b6158e10-2caa-44ce-9db8-6a39479b6d26 |   119 ms | Status: PASS
[2026-01-06 15:30:33.787] GET    | /order/getOrderById/de8fcae6-24bf-48f3-9412-49b0ac213be2                                                                 |   265 ms | Status: PASS
[2026-01-06 15:30:34.313] POST   | https://dev-api-yodadiagnostics.yodaprojects.com/order_tracking/admin/verifyotp                                          |   500 ms | Status: PASS
[2026-01-06 15:30:34.442] GET    | https://dev-api-yodadiagnostics.yodaprojects.com/tests/getSampleType                                                     |   114 ms | Status: PASS
[2026-01-06 15:30:34.573] POST   | https://dev-api-yodadiagnostics.yodaprojects.com/order_tracking/updateOrderTracking                                      |   111 ms | Status: PASS
[2026-01-06 15:30:34.828] GET    | /order/getOrderById/de8fcae6-24bf-48f3-9412-49b0ac213be2                                                                 |   234 ms | Status: PASS
[2026-01-06 15:30:35.119] GET    | /order/getOrderById/de8fcae6-24bf-48f3-9412-49b0ac213be2                                                                 |   265 ms | Status: PASS
[2026-01-06 15:30:42.616] POST   | https://dev-api-yodadiagnostics.yodaprojects.com/order/approvepayment                                                    |  7382 ms | Status: FAIL (SLA Violation)
[2026-01-06 15:30:43.764] POST   | https://dev-api-yodadiagnostics.yodaprojects.com/gateway/getPaymentById                                                  |  1128 ms | Status: PASS
[2026-01-06 17:28:34.496] POST   | /otps/getOtp                                                                                                             |   886 ms | Status: PASS
[2026-01-06 17:28:34.855] POST   | /otps/getOtp                                                                                                             |   340 ms | Status: PASS
[2026-01-06 17:28:35.867] POST   | /tests/getlocations                                                                                                      |   244 ms | Status: PASS
[2026-01-06 17:28:37.319] GET    | https://dev-api-yodamembership.yodaprojects.com/brand/getAllBrands                                                       |   271 ms | Status: PASS
[2026-01-06 17:28:38.370] POST   | tests/adminTests                                                                                                         |   646 ms | Status: PASS
[2026-01-06 17:28:38.637] POST   | tests/adminTests                                                                                                         |   228 ms | Status: PASS
[2026-01-06 17:28:38.964] POST   | /carts/v2/addCart                                                                                                        |   295 ms | Status: PASS
[2026-01-06 17:28:39.195] POST   | /carts/v2/addCart                                                                                                        |   216 ms | Status: PASS
[2026-01-06 17:28:39.515] POST   | /carts/v2/addCart                                                                                                        |   257 ms | Status: PASS
[2026-01-06 17:28:39.981] GET    | /carts/v2/getCartById/6a7b0214-b5f0-4e9b-b6c4-cd6123898ed3                                                               |   423 ms | Status: PASS
[2026-01-06 17:28:40.250] POST   | /address/addAddress                                                                                                      |   189 ms | Status: PASS
[2026-01-06 17:28:40.645] GET    | /address/getAddressByUserId/6a7b0214-b5f0-4e9b-b6c4-cd6123898ed3                                                         |   382 ms | Status: PASS
[2026-01-06 17:28:41.034] POST   | /slot/getSlotCountByTime                                                                                                 |   247 ms | Status: PASS
[2026-01-06 17:28:41.183] POST   | /carts/v2/addCart                                                                                                        |   126 ms | Status: PASS
[2026-01-06 17:28:41.501] GET    | /carts/v2/getCartById/6a7b0214-b5f0-4e9b-b6c4-cd6123898ed3                                                               |   289 ms | Status: PASS
[2026-01-06 17:28:45.561] POST   | /gateway/v2/VerifyPayment                                                                                                |  3946 ms | Status: FAIL (SLA Violation)
[2026-01-06 17:28:45.874] POST   | https://dev-api-yodadiagnostics.yodaprojects.com/gateway/getPaymentById                                                  |   249 ms | Status: PASS
[2026-01-06 17:28:45.995] GET    | /carts/v2/getCartById/6a7b0214-b5f0-4e9b-b6c4-cd6123898ed3                                                               |   113 ms | Status: PASS
[2026-01-06 17:28:46.475] POST   | https://dev-api-yodadiagnostics.yodaprojects.com/phlebo/loginPhlebo                                                      |   411 ms | Status: PASS
[2026-01-06 17:28:47.168] POST   | https://dev-api-yodadiagnostics.yodaprojects.com/order_tracking/assignOrder                                              |   622 ms | Status: PASS
[2026-01-06 17:28:47.503] GET    | https://dev-api-yodadiagnostics.yodaprojects.com/order_tracking/getOrderTrackingStatus/59e17d8a-4eaf-4782-a0ff-2ced3fd5a6d7 |   250 ms | Status: PASS
[2026-01-06 17:28:47.658] POST   | https://dev-api-yodadiagnostics.yodaprojects.com/order_tracking/updateOrderTracking                                      |   131 ms | Status: PASS
[2026-01-06 17:28:47.788] GET    | https://dev-api-yodadiagnostics.yodaprojects.com/order_tracking/getOrderTrackingStatus/59e17d8a-4eaf-4782-a0ff-2ced3fd5a6d7 |   112 ms | Status: PASS
[2026-01-06 17:28:48.246] GET    | /order/getOrderById/870314c2-8c98-45f8-b76a-925eca01dfb1                                                                 |   436 ms | Status: PASS
[2026-01-06 17:28:48.829] POST   | https://dev-api-yodadiagnostics.yodaprojects.com/order_tracking/admin/verifyotp                                          |   545 ms | Status: PASS
[2026-01-06 17:28:48.984] GET    | https://dev-api-yodadiagnostics.yodaprojects.com/tests/getSampleType                                                     |   129 ms | Status: PASS
[2026-01-06 17:28:49.141] POST   | https://dev-api-yodadiagnostics.yodaprojects.com/order_tracking/updateOrderTracking                                      |   132 ms | Status: PASS
[2026-01-06 17:28:49.630] GET    | /order/getOrderById/870314c2-8c98-45f8-b76a-925eca01dfb1                                                                 |   471 ms | Status: PASS
[2026-01-06 17:28:50.049] GET    | /order/getOrderById/870314c2-8c98-45f8-b76a-925eca01dfb1                                                                 |   391 ms | Status: PASS
[2026-01-06 17:28:55.905] POST   | https://dev-api-yodadiagnostics.yodaprojects.com/order/approvepayment                                                    |  5766 ms | Status: FAIL (SLA Violation)
[2026-01-06 17:28:56.065] POST   | https://dev-api-yodadiagnostics.yodaprojects.com/gateway/getPaymentById                                                  |   120 ms | Status: PASS
[2026-01-06 17:30:44.798] POST   | /otps/getOtp                                                                                                             |   832 ms | Status: PASS
[2026-01-06 17:30:45.093] POST   | /otps/getOtp                                                                                                             |   276 ms | Status: PASS
[2026-01-06 17:30:46.057] POST   | /tests/getlocations                                                                                                      |   269 ms | Status: PASS
[2026-01-06 17:30:47.495] GET    | https://dev-api-yodamembership.yodaprojects.com/brand/getAllBrands                                                       |   346 ms | Status: PASS
[2026-01-06 17:30:48.395] POST   | tests/adminTests                                                                                                         |   461 ms | Status: PASS
[2026-01-06 17:30:48.823] POST   | tests/adminTests                                                                                                         |   352 ms | Status: PASS
[2026-01-06 17:30:49.050] POST   | /carts/v2/addCart                                                                                                        |   182 ms | Status: PASS
[2026-01-06 17:30:49.189] POST   | /carts/v2/addCart                                                                                                        |   127 ms | Status: PASS
[2026-01-06 17:30:49.390] POST   | /carts/v2/addCart                                                                                                        |   123 ms | Status: PASS
[2026-01-06 17:30:49.806] GET    | /carts/v2/getCartById/6a7b0214-b5f0-4e9b-b6c4-cd6123898ed3                                                               |   386 ms | Status: PASS
[2026-01-06 17:30:50.020] POST   | /address/addAddress                                                                                                      |   125 ms | Status: PASS
[2026-01-06 17:30:50.284] GET    | /address/getAddressByUserId/6a7b0214-b5f0-4e9b-b6c4-cd6123898ed3                                                         |   255 ms | Status: PASS
[2026-01-06 17:30:50.875] POST   | /slot/getSlotCountByTime                                                                                                 |   492 ms | Status: PASS
[2026-01-06 17:30:51.027] POST   | /carts/v2/addCart                                                                                                        |   126 ms | Status: PASS
[2026-01-06 17:30:51.426] GET    | /carts/v2/getCartById/6a7b0214-b5f0-4e9b-b6c4-cd6123898ed3                                                               |   381 ms | Status: PASS
[2026-01-06 17:30:54.976] POST   | /gateway/v2/VerifyPayment                                                                                                |  3489 ms | Status: FAIL (SLA Violation)
[2026-01-06 17:30:55.428] POST   | https://dev-api-yodadiagnostics.yodaprojects.com/gateway/getPaymentById                                                  |   384 ms | Status: PASS
[2026-01-06 17:30:55.676] GET    | /carts/v2/getCartById/6a7b0214-b5f0-4e9b-b6c4-cd6123898ed3                                                               |   236 ms | Status: PASS
[2026-01-06 17:30:56.304] POST   | https://dev-api-yodadiagnostics.yodaprojects.com/phlebo/loginPhlebo                                                      |   564 ms | Status: PASS
[2026-01-06 17:30:57.233] POST   | https://dev-api-yodadiagnostics.yodaprojects.com/order_tracking/assignOrder                                              |   840 ms | Status: PASS
[2026-01-06 17:30:57.539] GET    | https://dev-api-yodadiagnostics.yodaprojects.com/order_tracking/getOrderTrackingStatus/d60e34b1-5fe2-4cdf-8dec-7658fd2af70e |   245 ms | Status: PASS
[2026-01-06 17:30:57.708] POST   | https://dev-api-yodadiagnostics.yodaprojects.com/order_tracking/updateOrderTracking                                      |   140 ms | Status: PASS
[2026-01-06 17:30:58.112] GET    | https://dev-api-yodadiagnostics.yodaprojects.com/order_tracking/getOrderTrackingStatus/d60e34b1-5fe2-4cdf-8dec-7658fd2af70e |   392 ms | Status: PASS
[2026-01-06 17:30:58.607] GET    | /order/getOrderById/b3867bc7-054e-495f-93f4-902da6113e68                                                                 |   475 ms | Status: PASS
[2026-01-06 17:30:59.300] POST   | https://dev-api-yodadiagnostics.yodaprojects.com/order_tracking/admin/verifyotp                                          |   651 ms | Status: PASS
[2026-01-06 17:30:59.442] GET    | https://dev-api-yodadiagnostics.yodaprojects.com/tests/getSampleType                                                     |   120 ms | Status: PASS
[2026-01-06 17:30:59.714] POST   | https://dev-api-yodadiagnostics.yodaprojects.com/order_tracking/updateOrderTracking                                      |   246 ms | Status: PASS
[2026-01-06 17:31:00.031] GET    | /order/getOrderById/b3867bc7-054e-495f-93f4-902da6113e68                                                                 |   293 ms | Status: PASS
[2026-01-06 17:31:00.599] GET    | /order/getOrderById/b3867bc7-054e-495f-93f4-902da6113e68                                                                 |   528 ms | Status: PASS
[2026-01-06 17:31:08.852] POST   | https://dev-api-yodadiagnostics.yodaprojects.com/order/approvepayment                                                    |  8158 ms | Status: FAIL (SLA Violation)
[2026-01-06 17:31:09.316] POST   | https://dev-api-yodadiagnostics.yodaprojects.com/gateway/getPaymentById                                                  |   417 ms | Status: PASS
[2026-01-06 18:11:40.725] POST   | /otps/getOtp                                                                                                             |   888 ms | Status: PASS
[2026-01-06 18:11:41.054] POST   | /otps/getOtp                                                                                                             |   307 ms | Status: PASS
[2026-01-06 18:11:42.278] POST   | /tests/getlocations                                                                                                      |   509 ms | Status: PASS
[2026-01-06 18:11:43.817] GET    | https://dev-api-yodamembership.yodaprojects.com/brand/getAllBrands                                                       |   362 ms | Status: PASS
[2026-01-06 18:11:44.835] POST   | tests/adminTests                                                                                                         |   697 ms | Status: PASS
[2026-01-06 18:11:45.570] POST   | tests/adminTests                                                                                                         |   698 ms | Status: PASS
[2026-01-06 18:11:46.093] POST   | /carts/v2/addCart                                                                                                        |   504 ms | Status: PASS
[2026-01-06 18:11:46.597] POST   | /carts/v2/addCart                                                                                                        |   492 ms | Status: PASS
[2026-01-06 18:11:47.735] GET    | /carts/v2/getCartById/6a7b0214-b5f0-4e9b-b6c4-cd6123898ed3                                                               |  1068 ms | Status: PASS
[2026-01-06 18:11:47.988] POST   | /address/addAddress                                                                                                      |   189 ms | Status: PASS
[2026-01-06 18:11:48.311] GET    | /address/getAddressByUserId/6a7b0214-b5f0-4e9b-b6c4-cd6123898ed3                                                         |   313 ms | Status: PASS
[2026-01-06 18:11:48.730] POST   | /slot/getSlotCountByTime                                                                                                 |   247 ms | Status: PASS
[2026-01-06 18:11:49.102] POST   | /carts/v2/addCart                                                                                                        |   336 ms | Status: PASS
[2026-01-06 18:11:50.427] GET    | /carts/v2/getCartById/6a7b0214-b5f0-4e9b-b6c4-cd6123898ed3                                                               |  1300 ms | Status: PASS
[2026-01-06 18:11:54.738] POST   | /gateway/v2/VerifyPayment                                                                                                |  4271 ms | Status: FAIL (SLA Violation)
[2026-01-06 18:11:55.233] POST   | https://dev-api-yodadiagnostics.yodaprojects.com/gateway/getPaymentById                                                  |   417 ms | Status: PASS
[2026-01-06 18:11:55.391] GET    | /carts/v2/getCartById/6a7b0214-b5f0-4e9b-b6c4-cd6123898ed3                                                               |   144 ms | Status: PASS
[2026-01-06 18:11:55.886] POST   | https://dev-api-yodadiagnostics.yodaprojects.com/phlebo/loginPhlebo                                                      |   427 ms | Status: PASS
[2026-01-06 18:11:56.925] POST   | https://dev-api-yodadiagnostics.yodaprojects.com/order_tracking/assignOrder                                              |   947 ms | Status: PASS
[2026-01-06 18:11:58.234] GET    | https://dev-api-yodadiagnostics.yodaprojects.com/order_tracking/getOrderTrackingStatus/50ad0f1f-5dbe-4abe-90af-101654d66551 |  1262 ms | Status: PASS
[2026-01-06 18:11:58.575] POST   | https://dev-api-yodadiagnostics.yodaprojects.com/order_tracking/updateOrderTracking                                      |   297 ms | Status: PASS
[2026-01-06 18:11:59.298] GET    | https://dev-api-yodadiagnostics.yodaprojects.com/order_tracking/getOrderTrackingStatus/50ad0f1f-5dbe-4abe-90af-101654d66551 |   705 ms | Status: PASS
[2026-01-06 18:11:59.789] GET    | /order/getOrderById/a206e400-e983-494f-8538-65d59983c51b                                                                 |   475 ms | Status: PASS
[2026-01-06 18:12:00.700] POST   | https://dev-api-yodadiagnostics.yodaprojects.com/order_tracking/admin/verifyotp                                          |   871 ms | Status: PASS
[2026-01-06 18:12:00.850] GET    | https://dev-api-yodadiagnostics.yodaprojects.com/tests/getSampleType                                                     |   116 ms | Status: PASS
[2026-01-06 18:12:01.003] POST   | https://dev-api-yodadiagnostics.yodaprojects.com/order_tracking/updateOrderTracking                                      |   133 ms | Status: PASS
[2026-01-06 18:12:01.391] GET    | /order/getOrderById/a206e400-e983-494f-8538-65d59983c51b                                                                 |   369 ms | Status: PASS
[2026-01-06 18:12:01.800] GET    | /order/getOrderById/a206e400-e983-494f-8538-65d59983c51b                                                                 |   375 ms | Status: PASS
[2026-01-06 18:12:08.960] POST   | https://dev-api-yodadiagnostics.yodaprojects.com/order/approvepayment                                                    |  7070 ms | Status: FAIL (SLA Violation)
[2026-01-06 18:12:09.274] POST   | https://dev-api-yodadiagnostics.yodaprojects.com/gateway/getPaymentById                                                  |   275 ms | Status: PASS
[2026-01-06 18:14:19.310] POST   | /otps/getOtp                                                                                                             |  1047 ms | Status: PASS
[2026-01-06 18:14:19.704] POST   | /otps/getOtp                                                                                                             |   373 ms | Status: PASS
[2026-01-06 18:14:20.901] POST   | /tests/getlocations                                                                                                      |   485 ms | Status: PASS
[2026-01-06 18:14:22.698] GET    | https://dev-api-yodamembership.yodaprojects.com/brand/getAllBrands                                                       |   906 ms | Status: PASS
[2026-01-06 18:14:23.945] POST   | tests/adminTests                                                                                                         |   962 ms | Status: PASS
[2026-01-06 18:14:24.530] POST   | tests/adminTests                                                                                                         |   541 ms | Status: PASS
[2026-01-06 18:14:25.041] POST   | /carts/v2/addCart                                                                                                        |   495 ms | Status: PASS
[2026-01-06 18:14:25.369] POST   | /carts/v2/addCart                                                                                                        |   315 ms | Status: PASS
[2026-01-06 18:14:26.578] GET    | /carts/v2/getCartById/6a7b0214-b5f0-4e9b-b6c4-cd6123898ed3                                                               |  1130 ms | Status: PASS
[2026-01-06 18:14:27.002] POST   | /address/addAddress                                                                                                      |   326 ms | Status: PASS
[2026-01-06 18:14:27.869] GET    | /address/getAddressByUserId/6a7b0214-b5f0-4e9b-b6c4-cd6123898ed3                                                         |   857 ms | Status: PASS
[2026-01-06 18:14:28.507] POST   | /slot/getSlotCountByTime                                                                                                 |   556 ms | Status: PASS
[2026-01-06 18:14:28.916] POST   | /carts/v2/addCart                                                                                                        |   393 ms | Status: PASS
[2026-01-06 18:14:29.592] GET    | /carts/v2/getCartById/6a7b0214-b5f0-4e9b-b6c4-cd6123898ed3                                                               |   659 ms | Status: PASS
[2026-01-06 18:14:33.734] POST   | /gateway/v2/VerifyPayment                                                                                                |  4105 ms | Status: FAIL (SLA Violation)
[2026-01-06 18:14:34.417] POST   | https://dev-api-yodadiagnostics.yodaprojects.com/gateway/getPaymentById                                                  |   571 ms | Status: PASS
[2026-01-06 18:14:34.982] GET    | /carts/v2/getCartById/6a7b0214-b5f0-4e9b-b6c4-cd6123898ed3                                                               |   559 ms | Status: PASS
[2026-01-06 18:14:36.315] POST   | https://dev-api-yodadiagnostics.yodaprojects.com/phlebo/loginPhlebo                                                      |  1279 ms | Status: PASS
[2026-01-06 18:14:37.503] POST   | https://dev-api-yodadiagnostics.yodaprojects.com/order_tracking/assignOrder                                              |  1128 ms | Status: PASS
[2026-01-06 18:14:38.086] GET    | https://dev-api-yodadiagnostics.yodaprojects.com/order_tracking/getOrderTrackingStatus/6bb9aebe-09fb-4b6b-a684-b7c96bc054bf |   509 ms | Status: PASS
[2026-01-06 18:14:39.063] POST   | https://dev-api-yodadiagnostics.yodaprojects.com/order_tracking/updateOrderTracking                                      |   939 ms | Status: PASS
[2026-01-06 18:14:39.713] GET    | https://dev-api-yodadiagnostics.yodaprojects.com/order_tracking/getOrderTrackingStatus/6bb9aebe-09fb-4b6b-a684-b7c96bc054bf |   643 ms | Status: PASS
[2026-01-06 18:14:40.633] GET    | /order/getOrderById/87e76488-219c-4cda-a506-3e426373961e                                                                 |   905 ms | Status: PASS
[2026-01-06 18:14:41.605] POST   | https://dev-api-yodadiagnostics.yodaprojects.com/order_tracking/admin/verifyotp                                          |   936 ms | Status: PASS
[2026-01-06 18:14:41.948] GET    | https://dev-api-yodadiagnostics.yodaprojects.com/tests/getSampleType                                                     |   325 ms | Status: PASS
[2026-01-06 18:14:42.653] POST   | https://dev-api-yodadiagnostics.yodaprojects.com/order_tracking/updateOrderTracking                                      |   680 ms | Status: PASS
[2026-01-06 18:14:43.480] GET    | /order/getOrderById/87e76488-219c-4cda-a506-3e426373961e                                                                 |   811 ms | Status: PASS
[2026-01-06 18:14:44.822] GET    | /order/getOrderById/87e76488-219c-4cda-a506-3e426373961e                                                                 |  1294 ms | Status: PASS
[2026-01-06 18:14:50.849] POST   | https://dev-api-yodadiagnostics.yodaprojects.com/order/approvepayment                                                    |  5955 ms | Status: FAIL (SLA Violation)
[2026-01-06 18:14:51.514] POST   | https://dev-api-yodadiagnostics.yodaprojects.com/gateway/getPaymentById                                                  |   633 ms | Status: PASS
[2026-01-06 18:36:05.157] POST   | /otps/getOtp                                                                                                             |   910 ms | Status: PASS
[2026-01-06 18:36:07.405] POST   | /otps/getOtp                                                                                                             |  2233 ms | Status: PASS
[2026-01-06 18:36:08.261] POST   | /tests/getlocations                                                                                                      |   142 ms | Status: PASS
[2026-01-06 18:36:09.379] GET    | https://dev-api-yodamembership.yodaprojects.com/brand/getAllBrands                                                       |   189 ms | Status: PASS
[2026-01-06 18:36:11.541] POST   | tests/adminTests                                                                                                         |  1783 ms | Status: PASS
[2026-01-06 18:36:12.462] POST   | tests/adminTests                                                                                                         |   884 ms | Status: PASS
[2026-01-06 18:36:12.969] POST   | /carts/v2/addCart                                                                                                        |   484 ms | Status: PASS
[2026-01-06 18:36:13.369] POST   | /carts/v2/addCart                                                                                                        |   390 ms | Status: PASS
[2026-01-06 18:36:15.095] GET    | /carts/v2/getCartById/6a7b0214-b5f0-4e9b-b6c4-cd6123898ed3                                                               |  1655 ms | Status: PASS
[2026-01-06 18:36:15.610] POST   | /address/addAddress                                                                                                      |   440 ms | Status: PASS
[2026-01-06 18:36:15.966] GET    | /address/getAddressByUserId/6a7b0214-b5f0-4e9b-b6c4-cd6123898ed3                                                         |   348 ms | Status: PASS
[2026-01-06 18:36:16.376] POST   | /slot/getSlotCountByTime                                                                                                 |   309 ms | Status: PASS
[2026-01-06 18:36:16.684] POST   | /carts/v2/addCart                                                                                                        |   289 ms | Status: PASS
[2026-01-06 18:36:17.603] GET    | /carts/v2/getCartById/6a7b0214-b5f0-4e9b-b6c4-cd6123898ed3                                                               |   903 ms | Status: PASS
[2026-01-06 18:36:22.678] POST   | /gateway/v2/VerifyPayment                                                                                                |  5035 ms | Status: FAIL (SLA Violation)
[2026-01-06 18:36:23.634] POST   | https://dev-api-yodadiagnostics.yodaprojects.com/gateway/getPaymentById                                                  |   868 ms | Status: PASS
[2026-01-06 18:36:23.949] GET    | /carts/v2/getCartById/6a7b0214-b5f0-4e9b-b6c4-cd6123898ed3                                                               |   308 ms | Status: PASS
[2026-01-06 18:36:25.260] POST   | https://dev-api-yodadiagnostics.yodaprojects.com/phlebo/loginPhlebo                                                      |  1258 ms | Status: PASS
[2026-01-06 18:36:26.471] POST   | https://dev-api-yodadiagnostics.yodaprojects.com/order_tracking/assignOrder                                              |  1148 ms | Status: PASS
[2026-01-06 18:36:26.776] GET    | https://dev-api-yodadiagnostics.yodaprojects.com/order_tracking/getOrderTrackingStatus/adf0b0d5-6619-41f5-961b-b59f35180181 |   258 ms | Status: PASS
[2026-01-06 18:36:26.996] POST   | https://dev-api-yodadiagnostics.yodaprojects.com/order_tracking/updateOrderTracking                                      |   195 ms | Status: PASS
[2026-01-06 18:36:27.136] GET    | https://dev-api-yodadiagnostics.yodaprojects.com/order_tracking/getOrderTrackingStatus/adf0b0d5-6619-41f5-961b-b59f35180181 |   128 ms | Status: PASS
[2026-01-06 18:36:27.900] GET    | /order/getOrderById/f97ab51e-2a40-4530-84d3-9e0620059354                                                                 |   750 ms | Status: PASS
[2026-01-06 18:36:28.721] POST   | https://dev-api-yodadiagnostics.yodaprojects.com/order_tracking/admin/verifyotp                                          |   788 ms | Status: PASS
[2026-01-06 18:36:28.881] GET    | https://dev-api-yodadiagnostics.yodaprojects.com/tests/getSampleType                                                     |   145 ms | Status: PASS
[2026-01-06 18:36:29.096] POST   | https://dev-api-yodadiagnostics.yodaprojects.com/order_tracking/updateOrderTracking                                      |   194 ms | Status: PASS
[2026-01-06 18:36:29.844] GET    | /order/getOrderById/f97ab51e-2a40-4530-84d3-9e0620059354                                                                 |   731 ms | Status: PASS
[2026-01-06 18:36:30.764] GET    | /order/getOrderById/f97ab51e-2a40-4530-84d3-9e0620059354                                                                 |   884 ms | Status: PASS
[2026-01-06 18:36:37.244] POST   | https://dev-api-yodadiagnostics.yodaprojects.com/order/approvepayment                                                    |  6412 ms | Status: FAIL (SLA Violation)
[2026-01-06 18:36:37.466] POST   | https://dev-api-yodadiagnostics.yodaprojects.com/gateway/getPaymentById                                                  |   185 ms | Status: PASS
[2026-01-06 18:40:11.185] POST   | /otps/getOtp                                                                                                             |   654 ms | Status: PASS
[2026-01-06 18:40:11.486] POST   | /otps/getOtp                                                                                                             |   280 ms | Status: PASS
[2026-01-06 18:40:12.385] POST   | /tests/getlocations                                                                                                      |   141 ms | Status: PASS
[2026-01-06 18:40:13.534] GET    | https://dev-api-yodamembership.yodaprojects.com/brand/getAllBrands                                                       |   302 ms | Status: PASS
[2026-01-06 18:40:14.864] POST   | tests/adminTests                                                                                                         |  1003 ms | Status: PASS
[2026-01-06 18:40:15.437] POST   | tests/adminTests                                                                                                         |   535 ms | Status: PASS
[2026-01-06 18:40:15.723] POST   | /carts/v2/addCart                                                                                                        |   261 ms | Status: PASS
[2026-01-06 18:40:15.939] POST   | /carts/v2/addCart                                                                                                        |   200 ms | Status: PASS
[2026-01-06 18:40:16.511] GET    | /carts/v2/getCartById/6a7b0214-b5f0-4e9b-b6c4-cd6123898ed3                                                               |   480 ms | Status: PASS
[2026-01-06 18:40:16.737] POST   | /address/addAddress                                                                                                      |   157 ms | Status: PASS
[2026-01-06 18:40:16.926] GET    | /address/getAddressByUserId/6a7b0214-b5f0-4e9b-b6c4-cd6123898ed3                                                         |   180 ms | Status: PASS
[2026-01-06 18:40:17.887] POST   | /slot/getSlotCountByTime                                                                                                 |   857 ms | Status: PASS
[2026-01-06 18:40:18.104] POST   | /carts/v2/addCart                                                                                                        |   198 ms | Status: PASS
[2026-01-06 18:40:18.507] GET    | /carts/v2/getCartById/6a7b0214-b5f0-4e9b-b6c4-cd6123898ed3                                                               |   382 ms | Status: PASS
[2026-01-06 18:40:22.463] POST   | /gateway/v2/VerifyPayment                                                                                                |  3898 ms | Status: FAIL (SLA Violation)
[2026-01-06 18:40:22.932] POST   | https://dev-api-yodadiagnostics.yodaprojects.com/gateway/getPaymentById                                                  |   404 ms | Status: PASS
[2026-01-06 18:40:23.313] GET    | /carts/v2/getCartById/6a7b0214-b5f0-4e9b-b6c4-cd6123898ed3                                                               |   374 ms | Status: PASS
[2026-01-06 18:40:23.841] POST   | https://dev-api-yodadiagnostics.yodaprojects.com/phlebo/loginPhlebo                                                      |   477 ms | Status: PASS
[2026-01-06 18:40:24.636] POST   | https://dev-api-yodadiagnostics.yodaprojects.com/order_tracking/assignOrder                                              |   704 ms | Status: PASS
[2026-01-06 18:40:24.946] GET    | https://dev-api-yodadiagnostics.yodaprojects.com/order_tracking/getOrderTrackingStatus/dc1e71f1-f3ad-4585-b62a-73fb8d61392f |   250 ms | Status: PASS
[2026-01-06 18:40:25.225] POST   | https://dev-api-yodadiagnostics.yodaprojects.com/order_tracking/updateOrderTracking                                      |   254 ms | Status: PASS
[2026-01-06 18:40:25.478] GET    | https://dev-api-yodadiagnostics.yodaprojects.com/order_tracking/getOrderTrackingStatus/dc1e71f1-f3ad-4585-b62a-73fb8d61392f |   245 ms | Status: PASS
[2026-01-06 18:40:25.872] GET    | /order/getOrderById/df7869cb-b601-4fd0-bc3e-79a3a182f896                                                                 |   375 ms | Status: PASS
[2026-01-06 18:40:26.652] POST   | https://dev-api-yodadiagnostics.yodaprojects.com/order_tracking/admin/verifyotp                                          |   740 ms | Status: PASS
[2026-01-06 18:40:27.063] GET    | https://dev-api-yodadiagnostics.yodaprojects.com/tests/getSampleType                                                     |   389 ms | Status: PASS
[2026-01-06 18:40:27.359] POST   | https://dev-api-yodadiagnostics.yodaprojects.com/order_tracking/updateOrderTracking                                      |   274 ms | Status: PASS
[2026-01-06 18:40:27.792] GET    | /order/getOrderById/df7869cb-b601-4fd0-bc3e-79a3a182f896                                                                 |   411 ms | Status: PASS
[2026-01-06 18:40:28.300] GET    | /order/getOrderById/df7869cb-b601-4fd0-bc3e-79a3a182f896                                                                 |   483 ms | Status: PASS
[2026-01-06 18:40:34.513] POST   | https://dev-api-yodadiagnostics.yodaprojects.com/order/approvepayment                                                    |  6130 ms | Status: FAIL (SLA Violation)
[2026-01-06 18:40:34.696] POST   | https://dev-api-yodadiagnostics.yodaprojects.com/gateway/getPaymentById                                                  |   135 ms | Status: PASS
[2026-01-06 18:46:28.599] POST   | /otps/getOtp                                                                                                             |   883 ms | Status: PASS
[2026-01-06 18:46:29.199] POST   | /otps/getOtp                                                                                                             |   582 ms | Status: PASS
[2026-01-06 18:46:30.062] POST   | /tests/getlocations                                                                                                      |   162 ms | Status: PASS
[2026-01-06 18:46:31.560] GET    | https://dev-api-yodamembership.yodaprojects.com/brand/getAllBrands                                                       |   344 ms | Status: PASS
[2026-01-06 18:46:32.732] POST   | tests/adminTests                                                                                                         |   747 ms | Status: PASS
[2026-01-06 18:46:33.153] POST   | tests/adminTests                                                                                                         |   394 ms | Status: PASS
[2026-01-06 18:46:33.301] POST   | /carts/v2/addCart                                                                                                        |   129 ms | Status: PASS
[2026-01-06 18:46:33.461] POST   | /carts/v2/addCart                                                                                                        |   148 ms | Status: PASS
[2026-01-06 18:46:33.960] GET    | /carts/v2/getCartById/6a7b0214-b5f0-4e9b-b6c4-cd6123898ed3                                                               |   424 ms | Status: PASS
[2026-01-06 18:46:34.345] POST   | /address/addAddress                                                                                                      |   287 ms | Status: PASS
[2026-01-06 18:46:34.608] GET    | /address/getAddressByUserId/6a7b0214-b5f0-4e9b-b6c4-cd6123898ed3                                                         |   255 ms | Status: PASS
[2026-01-06 18:46:34.842] POST   | /slot/getSlotCountByTime                                                                                                 |   149 ms | Status: PASS
[2026-01-06 18:46:35.024] POST   | /carts/v2/addCart                                                                                                        |   156 ms | Status: PASS
[2026-01-06 18:46:35.554] GET    | /carts/v2/getCartById/6a7b0214-b5f0-4e9b-b6c4-cd6123898ed3                                                               |   507 ms | Status: PASS
[2026-01-06 18:46:39.463] POST   | /gateway/v2/VerifyPayment                                                                                                |  3843 ms | Status: FAIL (SLA Violation)
[2026-01-06 18:46:39.683] POST   | https://dev-api-yodadiagnostics.yodaprojects.com/gateway/getPaymentById                                                  |   148 ms | Status: PASS
[2026-01-06 18:46:39.800] GET    | /carts/v2/getCartById/6a7b0214-b5f0-4e9b-b6c4-cd6123898ed3                                                               |   110 ms | Status: PASS
[2026-01-06 18:46:40.444] POST   | https://dev-api-yodadiagnostics.yodaprojects.com/phlebo/loginPhlebo                                                      |   587 ms | Status: PASS
[2026-01-06 18:46:41.424] POST   | https://dev-api-yodadiagnostics.yodaprojects.com/order_tracking/assignOrder                                              |   886 ms | Status: PASS
[2026-01-06 18:46:41.605] GET    | https://dev-api-yodadiagnostics.yodaprojects.com/order_tracking/getOrderTrackingStatus/abf5dacb-1471-4ccb-bbc5-48a7dd22d2a3 |   140 ms | Status: PASS
[2026-01-06 18:46:41.911] POST   | https://dev-api-yodadiagnostics.yodaprojects.com/order_tracking/updateOrderTracking                                      |   284 ms | Status: PASS
[2026-01-06 18:46:42.034] GET    | https://dev-api-yodadiagnostics.yodaprojects.com/order_tracking/getOrderTrackingStatus/abf5dacb-1471-4ccb-bbc5-48a7dd22d2a3 |   114 ms | Status: PASS
[2026-01-06 18:46:42.744] GET    | /order/getOrderById/1b91f163-53a6-4e7d-ba2a-f81346e25403                                                                 |   692 ms | Status: PASS
[2026-01-06 18:46:43.496] POST   | https://dev-api-yodadiagnostics.yodaprojects.com/order_tracking/admin/verifyotp                                          |   720 ms | Status: PASS
[2026-01-06 18:46:43.993] GET    | https://dev-api-yodadiagnostics.yodaprojects.com/tests/getSampleType                                                     |   479 ms | Status: PASS
[2026-01-06 18:46:44.456] POST   | https://dev-api-yodadiagnostics.yodaprojects.com/order_tracking/updateOrderTracking                                      |   442 ms | Status: PASS
[2026-01-06 18:46:44.842] GET    | /order/getOrderById/1b91f163-53a6-4e7d-ba2a-f81346e25403                                                                 |   368 ms | Status: PASS
[2026-01-06 18:46:45.512] GET    | /order/getOrderById/1b91f163-53a6-4e7d-ba2a-f81346e25403                                                                 |   641 ms | Status: PASS
[2026-01-06 18:46:51.486] POST   | https://dev-api-yodadiagnostics.yodaprojects.com/order/approvepayment                                                    |  5853 ms | Status: FAIL (SLA Violation)
[2026-01-06 18:46:51.650] POST   | https://dev-api-yodadiagnostics.yodaprojects.com/gateway/getPaymentById                                                  |   127 ms | Status: PASS
[2026-01-06 19:01:27.289] POST   | /otps/getOtp                                                                                                             |   988 ms | Status: PASS
[2026-01-06 19:01:27.604] POST   | /otps/getOtp                                                                                                             |   286 ms | Status: PASS
[2026-01-06 19:01:28.559] POST   | /tests/getlocations                                                                                                      |   159 ms | Status: PASS
[2026-01-06 19:01:29.823] GET    | https://dev-api-yodamembership.yodaprojects.com/brand/getAllBrands                                                       |   259 ms | Status: PASS
[2026-01-06 19:01:31.009] POST   | tests/adminTests                                                                                                         |   775 ms | Status: PASS
[2026-01-06 19:01:31.488] POST   | tests/adminTests                                                                                                         |   432 ms | Status: PASS
[2026-01-06 19:01:31.672] POST   | /carts/v2/addCart                                                                                                        |   150 ms | Status: PASS
[2026-01-06 19:01:31.876] POST   | /carts/v2/addCart                                                                                                        |   176 ms | Status: PASS
[2026-01-06 19:01:32.328] GET    | /carts/v2/getCartById/6a7b0214-b5f0-4e9b-b6c4-cd6123898ed3                                                               |   353 ms | Status: PASS
[2026-01-06 19:01:32.773] POST   | /address/addAddress                                                                                                      |   145 ms | Status: PASS
[2026-01-06 19:01:32.921] GET    | /address/getAddressByUserId/6a7b0214-b5f0-4e9b-b6c4-cd6123898ed3                                                         |   138 ms | Status: PASS
[2026-01-06 19:01:33.281] POST   | /slot/getSlotCountByTime                                                                                                 |   181 ms | Status: PASS
[2026-01-06 19:01:33.573] POST   | /carts/v2/addCart                                                                                                        |   259 ms | Status: PASS
[2026-01-06 19:01:34.169] GET    | /carts/v2/getCartById/6a7b0214-b5f0-4e9b-b6c4-cd6123898ed3                                                               |   580 ms | Status: PASS
[2026-01-06 19:01:38.285] POST   | /gateway/v2/VerifyPayment                                                                                                |  4056 ms | Status: FAIL (SLA Violation)
[2026-01-06 19:01:39.536] POST   | https://dev-api-yodadiagnostics.yodaprojects.com/gateway/getPaymentById                                                  |  1128 ms | Status: PASS
[2026-01-06 19:01:39.722] GET    | /carts/v2/getCartById/6a7b0214-b5f0-4e9b-b6c4-cd6123898ed3                                                               |   179 ms | Status: PASS
[2026-01-06 19:01:40.332] POST   | https://dev-api-yodadiagnostics.yodaprojects.com/phlebo/loginPhlebo                                                      |   552 ms | Status: PASS
[2026-01-06 19:01:41.244] POST   | https://dev-api-yodadiagnostics.yodaprojects.com/order_tracking/assignOrder                                              |   831 ms | Status: PASS
[2026-01-06 19:01:41.606] GET    | https://dev-api-yodadiagnostics.yodaprojects.com/order_tracking/getOrderTrackingStatus/ed2dfaa5-9df6-4171-95f4-8ddf1ed03ef6 |   308 ms | Status: PASS
[2026-01-06 19:01:42.044] POST   | https://dev-api-yodadiagnostics.yodaprojects.com/order_tracking/updateOrderTracking                                      |   417 ms | Status: PASS
[2026-01-06 19:01:42.191] GET    | https://dev-api-yodadiagnostics.yodaprojects.com/order_tracking/getOrderTrackingStatus/ed2dfaa5-9df6-4171-95f4-8ddf1ed03ef6 |   136 ms | Status: PASS
[2026-01-06 19:01:42.715] GET    | /order/getOrderById/c02f6cfe-183e-4577-9727-1e0743a8af63                                                                 |   507 ms | Status: PASS
[2026-01-06 19:01:43.433] POST   | https://dev-api-yodadiagnostics.yodaprojects.com/order_tracking/admin/verifyotp                                          |   689 ms | Status: PASS
[2026-01-06 19:01:43.778] GET    | https://dev-api-yodadiagnostics.yodaprojects.com/tests/getSampleType                                                     |   319 ms | Status: PASS
[2026-01-06 19:01:43.939] POST   | https://dev-api-yodadiagnostics.yodaprojects.com/order_tracking/updateOrderTracking                                      |   130 ms | Status: PASS
[2026-01-06 19:01:44.569] GET    | /order/getOrderById/c02f6cfe-183e-4577-9727-1e0743a8af63                                                                 |   603 ms | Status: PASS
[2026-01-06 19:01:45.252] GET    | /order/getOrderById/c02f6cfe-183e-4577-9727-1e0743a8af63                                                                 |   657 ms | Status: PASS
[2026-01-06 19:01:50.920] POST   | https://dev-api-yodadiagnostics.yodaprojects.com/order/approvepayment                                                    |  5588 ms | Status: FAIL (SLA Violation)
[2026-01-06 19:01:51.222] POST   | https://dev-api-yodadiagnostics.yodaprojects.com/gateway/getPaymentById                                                  |   257 ms | Status: PASS
[2026-01-07 18:01:47.611] POST   | /otps/getOtp                                                                                                             |   968 ms | Status: PASS
[2026-01-07 18:01:47.812] POST   | /otps/getOtp                                                                                                             |   182 ms | Status: PASS
[2026-01-07 18:01:48.855] POST   | /tests/getlocations                                                                                                      |   202 ms | Status: PASS
[2026-01-07 18:01:49.982] GET    | https://dev-api-yodamembership.yodaprojects.com/brand/getAllBrands                                                       |   185 ms | Status: PASS
[2026-01-07 18:01:51.099] POST   | tests/adminTests                                                                                                         |   800 ms | Status: PASS
[2026-01-07 18:01:51.748] POST   | tests/adminTests                                                                                                         |   612 ms | Status: PASS
[2026-01-07 18:01:51.926] POST   | /carts/v2/addCart                                                                                                        |   158 ms | Status: PASS
[2026-01-07 18:01:52.124] POST   | /carts/v2/addCart                                                                                                        |   186 ms | Status: PASS
[2026-01-07 18:01:52.668] GET    | /carts/v2/getCartById/6a7b0214-b5f0-4e9b-b6c4-cd6123898ed3                                                               |   461 ms | Status: PASS
[2026-01-07 18:01:52.905] POST   | /address/addAddress                                                                                                      |   153 ms | Status: PASS
[2026-01-07 18:01:53.029] GET    | /address/getAddressByUserId/6a7b0214-b5f0-4e9b-b6c4-cd6123898ed3                                                         |   118 ms | Status: PASS
[2026-01-07 18:01:53.344] POST   | /slot/getSlotCountByTime                                                                                                 |   207 ms | Status: PASS
[2026-01-07 18:01:53.537] POST   | /carts/v2/addCart                                                                                                        |   172 ms | Status: PASS
[2026-01-07 18:01:54.106] GET    | /carts/v2/getCartById/6a7b0214-b5f0-4e9b-b6c4-cd6123898ed3                                                               |   546 ms | Status: PASS
[2026-01-07 18:01:55.896] POST   | /gateway/v2/VerifyPayment                                                                                                |  1748 ms | Status: PASS
[2026-01-07 18:01:56.172] POST   | https://dev-api-yodadiagnostics.yodaprojects.com/gateway/getPaymentById                                                  |   198 ms | Status: PASS
[2026-01-07 18:01:56.402] GET    | /carts/v2/getCartById/6a7b0214-b5f0-4e9b-b6c4-cd6123898ed3                                                               |   223 ms | Status: PASS
[2026-01-07 18:01:56.705] POST   | https://dev-api-yodadiagnostics.yodaprojects.com/phlebo/loginPhlebo                                                      |   232 ms | Status: PASS
[2026-01-07 18:01:57.591] POST   | https://dev-api-yodadiagnostics.yodaprojects.com/order_tracking/assignOrder                                              |   818 ms | Status: PASS
[2026-01-07 18:01:57.869] GET    | https://dev-api-yodadiagnostics.yodaprojects.com/order_tracking/getOrderTrackingStatus/0c3f5343-1aa7-4c52-a7d4-000a0b98b311 |   228 ms | Status: PASS
[2026-01-07 18:01:58.058] POST   | https://dev-api-yodadiagnostics.yodaprojects.com/order_tracking/updateOrderTracking                                      |   152 ms | Status: PASS
[2026-01-07 18:01:58.260] GET    | https://dev-api-yodadiagnostics.yodaprojects.com/order_tracking/getOrderTrackingStatus/0c3f5343-1aa7-4c52-a7d4-000a0b98b311 |   190 ms | Status: PASS
[2026-01-07 18:01:58.639] GET    | /order/getOrderById/d82efbc5-7a08-4c66-9922-59a90d02a500                                                                 |   358 ms | Status: PASS
[2026-01-07 18:01:59.335] POST   | https://dev-api-yodadiagnostics.yodaprojects.com/order_tracking/admin/verifyotp                                          |   665 ms | Status: PASS
[2026-01-07 18:01:59.474] GET    | https://dev-api-yodadiagnostics.yodaprojects.com/tests/getSampleType                                                     |   124 ms | Status: PASS
[2026-01-07 18:01:59.770] POST   | https://dev-api-yodadiagnostics.yodaprojects.com/order_tracking/updateOrderTracking                                      |   275 ms | Status: PASS
[2026-01-07 18:02:00.188] GET    | /order/getOrderById/d82efbc5-7a08-4c66-9922-59a90d02a500                                                                 |   390 ms | Status: PASS
[2026-01-07 18:02:00.833] GET    | /order/getOrderById/d82efbc5-7a08-4c66-9922-59a90d02a500                                                                 |   600 ms | Status: PASS
[2026-01-07 18:02:09.356] POST   | https://dev-api-yodadiagnostics.yodaprojects.com/order/approvepayment                                                    |  8435 ms | Status: FAIL (SLA Violation)
[2026-01-07 18:02:09.506] POST   | https://dev-api-yodadiagnostics.yodaprojects.com/gateway/getPaymentById                                                  |   111 ms | Status: PASS
[2026-01-07 18:29:40.325] POST   | /otps/getOtp                                                                                                             |   836 ms | Status: PASS
[2026-01-07 18:29:40.517] POST   | /otps/getOtp                                                                                                             |   162 ms | Status: PASS
[2026-01-07 18:29:41.558] POST   | /tests/getlocations                                                                                                      |   141 ms | Status: PASS
[2026-01-07 18:29:43.025] GET    | https://dev-api-yodamembership.yodaprojects.com/brand/getAllBrands                                                       |   194 ms | Status: PASS
[2026-01-07 18:29:44.165] POST   | tests/adminTests                                                                                                         |   755 ms | Status: PASS
[2026-01-07 18:29:44.590] POST   | tests/adminTests                                                                                                         |   394 ms | Status: PASS
[2026-01-07 18:29:44.748] POST   | /carts/v2/addCart                                                                                                        |   140 ms | Status: PASS
[2026-01-07 18:29:44.902] POST   | /carts/v2/addCart                                                                                                        |   140 ms | Status: PASS
[2026-01-07 18:29:45.441] GET    | /carts/v2/getCartById/6a7b0214-b5f0-4e9b-b6c4-cd6123898ed3                                                               |   471 ms | Status: PASS
[2026-01-07 18:29:45.645] POST   | /address/addAddress                                                                                                      |   133 ms | Status: PASS
[2026-01-07 18:29:45.783] GET    | /address/getAddressByUserId/6a7b0214-b5f0-4e9b-b6c4-cd6123898ed3                                                         |   127 ms | Status: PASS
[2026-01-07 18:29:46.075] POST   | /slot/getSlotCountByTime                                                                                                 |   181 ms | Status: PASS
[2026-01-07 18:29:46.235] POST   | /carts/v2/addCart                                                                                                        |   134 ms | Status: PASS
[2026-01-07 18:29:46.744] GET    | /carts/v2/getCartById/6a7b0214-b5f0-4e9b-b6c4-cd6123898ed3                                                               |   484 ms | Status: PASS
[2026-01-07 18:29:48.441] POST   | /gateway/v2/VerifyPayment                                                                                                |  1644 ms | Status: PASS
[2026-01-07 18:29:48.640] POST   | https://dev-api-yodadiagnostics.yodaprojects.com/gateway/getPaymentById                                                  |   133 ms | Status: PASS
[2026-01-07 18:29:48.772] GET    | /carts/v2/getCartById/6a7b0214-b5f0-4e9b-b6c4-cd6123898ed3                                                               |   125 ms | Status: PASS
[2026-01-07 18:29:49.044] POST   | https://dev-api-yodadiagnostics.yodaprojects.com/phlebo/loginPhlebo                                                      |   211 ms | Status: PASS
[2026-01-07 18:29:49.871] POST   | https://dev-api-yodadiagnostics.yodaprojects.com/order_tracking/assignOrder                                              |   748 ms | Status: PASS
[2026-01-07 18:29:50.049] GET    | https://dev-api-yodadiagnostics.yodaprojects.com/order_tracking/getOrderTrackingStatus/c9d78f98-003f-4198-b381-63acf1781cc2 |   114 ms | Status: PASS
[2026-01-07 18:29:50.199] POST   | https://dev-api-yodadiagnostics.yodaprojects.com/order_tracking/updateOrderTracking                                      |   128 ms | Status: PASS
[2026-01-07 18:29:50.320] GET    | https://dev-api-yodadiagnostics.yodaprojects.com/order_tracking/getOrderTrackingStatus/c9d78f98-003f-4198-b381-63acf1781cc2 |   108 ms | Status: PASS
[2026-01-07 18:29:50.693] GET    | /order/getOrderById/c6b46776-f4b7-4c8d-9f49-f73c27179807                                                                 |   345 ms | Status: PASS
[2026-01-07 18:29:51.255] POST   | https://dev-api-yodadiagnostics.yodaprojects.com/order_tracking/admin/verifyotp                                          |   527 ms | Status: PASS
[2026-01-07 18:29:51.382] GET    | https://dev-api-yodadiagnostics.yodaprojects.com/tests/getSampleType                                                     |   110 ms | Status: PASS
[2026-01-07 18:29:51.530] POST   | https://dev-api-yodadiagnostics.yodaprojects.com/order_tracking/updateOrderTracking                                      |   128 ms | Status: PASS
[2026-01-07 18:29:51.894] GET    | /order/getOrderById/c6b46776-f4b7-4c8d-9f49-f73c27179807                                                                 |   342 ms | Status: PASS
[2026-01-07 18:29:52.328] GET    | /order/getOrderById/c6b46776-f4b7-4c8d-9f49-f73c27179807                                                                 |   375 ms | Status: PASS
[2026-01-07 18:29:57.858] POST   | https://dev-api-yodadiagnostics.yodaprojects.com/order/approvepayment                                                    |  5462 ms | Status: FAIL (SLA Violation)
[2026-01-07 18:29:58.035] POST   | https://dev-api-yodadiagnostics.yodaprojects.com/gateway/getPaymentById                                                  |   114 ms | Status: PASS
[2026-01-07 18:30:47.069] POST   | /otps/getOtp                                                                                                             |   844 ms | Status: PASS
[2026-01-07 18:30:47.252] POST   | /otps/getOtp                                                                                                             |   166 ms | Status: PASS
[2026-01-07 18:30:48.257] POST   | /tests/getlocations                                                                                                      |   130 ms | Status: PASS
[2026-01-07 18:30:49.388] GET    | https://dev-api-yodamembership.yodaprojects.com/brand/getAllBrands                                                       |   148 ms | Status: PASS
[2026-01-07 18:30:50.850] POST   | tests/adminTests                                                                                                         |  1100 ms | Status: PASS
[2026-01-07 18:30:51.360] POST   | tests/adminTests                                                                                                         |   468 ms | Status: PASS
[2026-01-07 18:30:51.532] POST   | /carts/v2/addCart                                                                                                        |   150 ms | Status: PASS
[2026-01-07 18:30:51.704] POST   | /carts/v2/addCart                                                                                                        |   156 ms | Status: PASS
[2026-01-07 18:30:52.317] GET    | /carts/v2/getCartById/6a7b0214-b5f0-4e9b-b6c4-cd6123898ed3                                                               |   523 ms | Status: PASS
[2026-01-07 18:30:52.805] POST   | /address/addAddress                                                                                                      |   422 ms | Status: PASS
[2026-01-07 18:30:53.290] GET    | /address/getAddressByUserId/6a7b0214-b5f0-4e9b-b6c4-cd6123898ed3                                                         |   476 ms | Status: PASS
[2026-01-07 18:30:54.603] POST   | /slot/getSlotCountByTime                                                                                                 |  1170 ms | Status: PASS
[2026-01-07 18:30:54.745] POST   | /carts/v2/addCart                                                                                                        |   124 ms | Status: PASS
[2026-01-07 18:30:55.228] GET    | /carts/v2/getCartById/6a7b0214-b5f0-4e9b-b6c4-cd6123898ed3                                                               |   468 ms | Status: PASS
[2026-01-07 18:30:56.818] POST   | /gateway/v2/VerifyPayment                                                                                                |  1542 ms | Status: PASS
[2026-01-07 18:30:57.054] POST   | https://dev-api-yodadiagnostics.yodaprojects.com/gateway/getPaymentById                                                  |   156 ms | Status: PASS
[2026-01-07 18:30:57.165] GET    | /carts/v2/getCartById/6a7b0214-b5f0-4e9b-b6c4-cd6123898ed3                                                               |   105 ms | Status: PASS
[2026-01-07 18:30:57.728] POST   | https://dev-api-yodadiagnostics.yodaprojects.com/phlebo/loginPhlebo                                                      |   505 ms | Status: PASS
[2026-01-07 18:30:58.639] POST   | https://dev-api-yodadiagnostics.yodaprojects.com/order_tracking/assignOrder                                              |   802 ms | Status: PASS
[2026-01-07 18:30:58.795] GET    | https://dev-api-yodadiagnostics.yodaprojects.com/order_tracking/getOrderTrackingStatus/73d1631e-fcef-48af-96e4-16db553f08cf |   116 ms | Status: PASS
[2026-01-07 18:30:58.946] POST   | https://dev-api-yodadiagnostics.yodaprojects.com/order_tracking/updateOrderTracking                                      |   129 ms | Status: PASS
[2026-01-07 18:30:59.065] GET    | https://dev-api-yodadiagnostics.yodaprojects.com/order_tracking/getOrderTrackingStatus/73d1631e-fcef-48af-96e4-16db553f08cf |   112 ms | Status: PASS
[2026-01-07 18:30:59.447] GET    | /order/getOrderById/168d0122-6950-499a-82e5-d3a97d4fca5a                                                                 |   352 ms | Status: PASS
[2026-01-07 18:30:59.929] POST   | https://dev-api-yodadiagnostics.yodaprojects.com/order_tracking/admin/verifyotp                                          |   441 ms | Status: PASS
[2026-01-07 18:31:00.429] GET    | https://dev-api-yodadiagnostics.yodaprojects.com/tests/getSampleType                                                     |   484 ms | Status: PASS
[2026-01-07 18:31:01.879] POST   | https://dev-api-yodadiagnostics.yodaprojects.com/order_tracking/updateOrderTracking                                      |  1422 ms | Status: PASS
[2026-01-07 18:31:02.485] GET    | /order/getOrderById/168d0122-6950-499a-82e5-d3a97d4fca5a                                                                 |   581 ms | Status: PASS
[2026-01-07 18:31:02.923] GET    | /order/getOrderById/168d0122-6950-499a-82e5-d3a97d4fca5a                                                                 |   409 ms | Status: PASS
[2026-01-07 18:31:09.431] POST   | https://dev-api-yodadiagnostics.yodaprojects.com/order/approvepayment                                                    |  6431 ms | Status: FAIL (SLA Violation)
[2026-01-07 18:31:09.833] POST   | https://dev-api-yodadiagnostics.yodaprojects.com/gateway/getPaymentById                                                  |   358 ms | Status: PASS
[2026-01-07 18:33:40.941] POST   | /otps/getOtp                                                                                                             |   609 ms | Status: PASS
[2026-01-07 18:33:41.158] POST   | /otps/getOtp                                                                                                             |   182 ms | Status: PASS
[2026-01-07 18:33:42.201] POST   | /tests/getlocations                                                                                                      |   217 ms | Status: PASS
[2026-01-07 18:33:43.322] GET    | https://dev-api-yodamembership.yodaprojects.com/brand/getAllBrands                                                       |   192 ms | Status: PASS
[2026-01-07 18:33:44.175] POST   | tests/adminTests                                                                                                         |   492 ms | Status: PASS
[2026-01-07 18:33:44.584] POST   | tests/adminTests                                                                                                         |   374 ms | Status: PASS
[2026-01-07 18:33:44.721] POST   | /carts/v2/addCart                                                                                                        |   117 ms | Status: PASS
[2026-01-07 18:33:44.862] POST   | /carts/v2/addCart                                                                                                        |   130 ms | Status: PASS
[2026-01-07 18:33:45.464] GET    | /carts/v2/getCartById/6a7b0214-b5f0-4e9b-b6c4-cd6123898ed3                                                               |   532 ms | Status: PASS
[2026-01-07 18:33:45.719] POST   | /address/addAddress                                                                                                      |   164 ms | Status: PASS
[2026-01-07 18:33:45.855] GET    | /address/getAddressByUserId/6a7b0214-b5f0-4e9b-b6c4-cd6123898ed3                                                         |   127 ms | Status: PASS
[2026-01-07 18:33:46.372] POST   | /slot/getSlotCountByTime                                                                                                 |   414 ms | Status: PASS
[2026-01-07 18:33:46.551] POST   | /carts/v2/addCart                                                                                                        |   147 ms | Status: PASS
[2026-01-07 18:33:47.089] GET    | /carts/v2/getCartById/6a7b0214-b5f0-4e9b-b6c4-cd6123898ed3                                                               |   507 ms | Status: PASS
[2026-01-07 18:33:48.732] POST   | /gateway/v2/VerifyPayment                                                                                                |  1594 ms | Status: PASS
[2026-01-07 18:33:48.966] POST   | https://dev-api-yodadiagnostics.yodaprojects.com/gateway/getPaymentById                                                  |   149 ms | Status: PASS
[2026-01-07 18:33:49.142] GET    | /carts/v2/getCartById/6a7b0214-b5f0-4e9b-b6c4-cd6123898ed3                                                               |   159 ms | Status: PASS
[2026-01-07 18:33:49.439] POST   | https://dev-api-yodadiagnostics.yodaprojects.com/phlebo/loginPhlebo                                                      |   239 ms | Status: PASS
[2026-01-07 18:33:50.141] POST   | https://dev-api-yodadiagnostics.yodaprojects.com/order_tracking/assignOrder                                              |   615 ms | Status: PASS
[2026-01-07 18:33:50.309] GET    | https://dev-api-yodadiagnostics.yodaprojects.com/order_tracking/getOrderTrackingStatus/364c5b41-d3e4-46e3-a29a-867a04987f46 |   113 ms | Status: PASS
[2026-01-07 18:33:50.465] POST   | https://dev-api-yodadiagnostics.yodaprojects.com/order_tracking/updateOrderTracking                                      |   134 ms | Status: PASS
[2026-01-07 18:33:50.615] GET    | https://dev-api-yodadiagnostics.yodaprojects.com/order_tracking/getOrderTrackingStatus/364c5b41-d3e4-46e3-a29a-867a04987f46 |   141 ms | Status: PASS
[2026-01-07 18:33:50.965] GET    | /order/getOrderById/6361b38e-6e5c-4b37-8795-8413d070f3d7                                                                 |   338 ms | Status: PASS
[2026-01-07 18:33:51.409] POST   | https://dev-api-yodadiagnostics.yodaprojects.com/order_tracking/admin/verifyotp                                          |   411 ms | Status: PASS
[2026-01-07 18:33:51.579] GET    | https://dev-api-yodadiagnostics.yodaprojects.com/tests/getSampleType                                                     |   153 ms | Status: PASS
[2026-01-07 18:33:52.747] POST   | https://dev-api-yodadiagnostics.yodaprojects.com/order_tracking/updateOrderTracking                                      |  1143 ms | Status: PASS
[2026-01-07 18:33:53.079] GET    | /order/getOrderById/6361b38e-6e5c-4b37-8795-8413d070f3d7                                                                 |   313 ms | Status: PASS
[2026-01-07 18:33:54.483] GET    | /order/getOrderById/6361b38e-6e5c-4b37-8795-8413d070f3d7                                                                 |  1379 ms | Status: PASS
[2026-01-07 18:33:59.935] POST   | https://dev-api-yodadiagnostics.yodaprojects.com/order/approvepayment                                                    |  5371 ms | Status: FAIL (SLA Violation)
[2026-01-07 18:34:00.113] POST   | https://dev-api-yodadiagnostics.yodaprojects.com/gateway/getPaymentById                                                  |   111 ms | Status: PASS
[2026-01-07 18:35:13.256] POST   | /otps/getOtp                                                                                                             |   679 ms | Status: PASS
[2026-01-07 18:35:13.437] POST   | /otps/getOtp                                                                                                             |   161 ms | Status: PASS
[2026-01-07 18:35:14.312] POST   | /tests/getlocations                                                                                                      |   131 ms | Status: PASS
[2026-01-07 18:35:15.522] GET    | https://dev-api-yodamembership.yodaprojects.com/brand/getAllBrands                                                       |   190 ms | Status: PASS
[2026-01-07 18:35:16.617] POST   | tests/adminTests                                                                                                         |   768 ms | Status: PASS
[2026-01-07 18:35:16.949] POST   | tests/adminTests                                                                                                         |   294 ms | Status: PASS
[2026-01-07 18:35:17.114] POST   | /carts/v2/addCart                                                                                                        |   139 ms | Status: PASS
[2026-01-07 18:35:17.541] POST   | /carts/v2/addCart                                                                                                        |   408 ms | Status: PASS
[2026-01-07 18:35:18.078] GET    | /carts/v2/getCartById/6a7b0214-b5f0-4e9b-b6c4-cd6123898ed3                                                               |   451 ms | Status: PASS
[2026-01-07 18:35:18.292] POST   | /address/addAddress                                                                                                      |   137 ms | Status: PASS
[2026-01-07 18:35:18.429] GET    | /address/getAddressByUserId/6a7b0214-b5f0-4e9b-b6c4-cd6123898ed3                                                         |   130 ms | Status: PASS
[2026-01-07 18:35:18.709] POST   | /slot/getSlotCountByTime                                                                                                 |   154 ms | Status: PASS
[2026-01-07 18:35:18.871] POST   | /carts/v2/addCart                                                                                                        |   137 ms | Status: PASS
[2026-01-07 18:35:19.339] GET    | /carts/v2/getCartById/6a7b0214-b5f0-4e9b-b6c4-cd6123898ed3                                                               |   452 ms | Status: PASS
[2026-01-07 18:35:21.114] POST   | /gateway/v2/VerifyPayment                                                                                                |  1735 ms | Status: PASS
[2026-01-07 18:35:21.323] POST   | https://dev-api-yodadiagnostics.yodaprojects.com/gateway/getPaymentById                                                  |   139 ms | Status: PASS
[2026-01-07 18:35:21.451] GET    | /carts/v2/getCartById/6a7b0214-b5f0-4e9b-b6c4-cd6123898ed3                                                               |   121 ms | Status: PASS
[2026-01-07 18:35:21.759] POST   | https://dev-api-yodadiagnostics.yodaprojects.com/phlebo/loginPhlebo                                                      |   249 ms | Status: PASS
[2026-01-07 18:35:22.689] POST   | https://dev-api-yodadiagnostics.yodaprojects.com/order_tracking/assignOrder                                              |   861 ms | Status: PASS
[2026-01-07 18:35:22.844] GET    | https://dev-api-yodadiagnostics.yodaprojects.com/order_tracking/getOrderTrackingStatus/63777c1c-5929-4b32-b27b-7fe7eeffd76b |   107 ms | Status: PASS
[2026-01-07 18:35:23.010] POST   | https://dev-api-yodadiagnostics.yodaprojects.com/order_tracking/updateOrderTracking                                      |   129 ms | Status: PASS
[2026-01-07 18:35:23.141] GET    | https://dev-api-yodadiagnostics.yodaprojects.com/order_tracking/getOrderTrackingStatus/63777c1c-5929-4b32-b27b-7fe7eeffd76b |   119 ms | Status: PASS
[2026-01-07 18:35:23.555] GET    | /order/getOrderById/8b228330-9be9-4aef-8027-6b619f927209                                                                 |   388 ms | Status: PASS
[2026-01-07 18:35:24.015] POST   | https://dev-api-yodadiagnostics.yodaprojects.com/order_tracking/admin/verifyotp                                          |   423 ms | Status: PASS
[2026-01-07 18:35:24.158] GET    | https://dev-api-yodadiagnostics.yodaprojects.com/tests/getSampleType                                                     |   115 ms | Status: PASS
[2026-01-07 18:35:24.366] POST   | https://dev-api-yodadiagnostics.yodaprojects.com/order_tracking/updateOrderTracking                                      |   170 ms | Status: PASS
[2026-01-07 18:35:24.718] GET    | /order/getOrderById/8b228330-9be9-4aef-8027-6b619f927209                                                                 |   322 ms | Status: PASS
[2026-01-07 18:35:25.086] GET    | /order/getOrderById/8b228330-9be9-4aef-8027-6b619f927209                                                                 |   331 ms | Status: PASS
[2026-01-07 18:35:30.931] POST   | https://dev-api-yodadiagnostics.yodaprojects.com/order/approvepayment                                                    |  5776 ms | Status: FAIL (SLA Violation)
[2026-01-07 18:35:31.125] POST   | https://dev-api-yodadiagnostics.yodaprojects.com/gateway/getPaymentById                                                  |   127 ms | Status: PASS
[2026-01-07 18:38:21.511] POST   | /otps/getOtp                                                                                                             |   688 ms | Status: PASS
[2026-01-07 18:38:21.687] POST   | /otps/getOtp                                                                                                             |   143 ms | Status: PASS
[2026-01-07 18:38:23.284] POST   | /tests/getlocations                                                                                                      |   180 ms | Status: PASS
[2026-01-07 18:38:24.645] GET    | https://dev-api-yodamembership.yodaprojects.com/brand/getAllBrands                                                       |   189 ms | Status: PASS
[2026-01-07 18:38:25.449] POST   | tests/adminTests                                                                                                         |   425 ms | Status: PASS
[2026-01-07 18:38:26.007] POST   | tests/adminTests                                                                                                         |   514 ms | Status: PASS
[2026-01-07 18:38:26.195] POST   | /carts/v2/addCart                                                                                                        |   165 ms | Status: PASS
[2026-01-07 18:38:26.340] POST   | /carts/v2/addCart                                                                                                        |   129 ms | Status: PASS
[2026-01-07 18:38:26.869] GET    | /carts/v2/getCartById/6a7b0214-b5f0-4e9b-b6c4-cd6123898ed3                                                               |   460 ms | Status: PASS
[2026-01-07 18:38:27.103] POST   | /address/addAddress                                                                                                      |   137 ms | Status: PASS
[2026-01-07 18:38:28.527] GET    | /address/getAddressByUserId/6a7b0214-b5f0-4e9b-b6c4-cd6123898ed3                                                         |  1415 ms | Status: PASS
[2026-01-07 18:38:28.951] POST   | /slot/getSlotCountByTime                                                                                                 |   326 ms | Status: PASS
[2026-01-07 18:38:29.114] POST   | /carts/v2/addCart                                                                                                        |   143 ms | Status: PASS
[2026-01-07 18:38:29.499] GET    | /carts/v2/getCartById/6a7b0214-b5f0-4e9b-b6c4-cd6123898ed3                                                               |   366 ms | Status: PASS
[2026-01-07 18:38:31.010] POST   | /gateway/v2/VerifyPayment                                                                                                |  1459 ms | Status: PASS
[2026-01-07 18:38:31.258] POST   | https://dev-api-yodadiagnostics.yodaprojects.com/gateway/getPaymentById                                                  |   154 ms | Status: PASS
[2026-01-07 18:38:31.392] GET    | /carts/v2/getCartById/6a7b0214-b5f0-4e9b-b6c4-cd6123898ed3                                                               |   126 ms | Status: PASS
[2026-01-07 18:38:31.680] POST   | https://dev-api-yodadiagnostics.yodaprojects.com/phlebo/loginPhlebo                                                      |   234 ms | Status: PASS
[2026-01-07 18:38:32.339] POST   | https://dev-api-yodadiagnostics.yodaprojects.com/order_tracking/assignOrder                                              |   592 ms | Status: PASS
[2026-01-07 18:38:32.526] GET    | https://dev-api-yodadiagnostics.yodaprojects.com/order_tracking/getOrderTrackingStatus/c1f17be6-07ce-4bbc-822b-146e177cfe48 |   126 ms | Status: PASS
[2026-01-07 18:38:32.698] POST   | https://dev-api-yodadiagnostics.yodaprojects.com/order_tracking/updateOrderTracking                                      |   142 ms | Status: PASS
[2026-01-07 18:38:32.822] GET    | https://dev-api-yodadiagnostics.yodaprojects.com/order_tracking/getOrderTrackingStatus/c1f17be6-07ce-4bbc-822b-146e177cfe48 |   113 ms | Status: PASS
[2026-01-07 18:38:33.148] GET    | /order/getOrderById/9a12b64d-ff2c-4ea5-8e1f-f97ee4859008                                                                 |   310 ms | Status: PASS
[2026-01-07 18:38:33.643] POST   | https://dev-api-yodadiagnostics.yodaprojects.com/order_tracking/admin/verifyotp                                          |   460 ms | Status: PASS
[2026-01-07 18:38:33.798] GET    | https://dev-api-yodadiagnostics.yodaprojects.com/tests/getSampleType                                                     |   136 ms | Status: PASS
[2026-01-07 18:38:33.965] POST   | https://dev-api-yodadiagnostics.yodaprojects.com/order_tracking/updateOrderTracking                                      |   141 ms | Status: PASS
[2026-01-07 18:38:34.314] GET    | /order/getOrderById/9a12b64d-ff2c-4ea5-8e1f-f97ee4859008                                                                 |   331 ms | Status: PASS
[2026-01-07 18:38:34.668] GET    | /order/getOrderById/9a12b64d-ff2c-4ea5-8e1f-f97ee4859008                                                                 |   327 ms | Status: PASS
[2026-01-07 18:38:40.134] POST   | https://dev-api-yodadiagnostics.yodaprojects.com/order/approvepayment                                                    |  5363 ms | Status: FAIL (SLA Violation)
[2026-01-07 18:38:40.399] POST   | https://dev-api-yodadiagnostics.yodaprojects.com/gateway/getPaymentById                                                  |   138 ms | Status: PASS
[2026-01-07 18:46:52.632] POST   | /otps/getOtp                                                                                                             |   593 ms | Status: PASS
[2026-01-07 18:46:52.828] POST   | /otps/getOtp                                                                                                             |   171 ms | Status: PASS
[2026-01-07 18:46:53.887] POST   | /tests/getlocations                                                                                                      |   172 ms | Status: PASS
[2026-01-07 18:46:55.277] GET    | https://dev-api-yodamembership.yodaprojects.com/brand/getAllBrands                                                       |   204 ms | Status: PASS
[2026-01-07 18:46:56.277] POST   | tests/adminTests                                                                                                         |   653 ms | Status: PASS
[2026-01-07 18:46:56.837] POST   | tests/adminTests                                                                                                         |   520 ms | Status: PASS
[2026-01-07 18:46:56.998] POST   | /carts/v2/addCart                                                                                                        |   135 ms | Status: PASS
[2026-01-07 18:46:57.145] POST   | /carts/v2/addCart                                                                                                        |   132 ms | Status: PASS
[2026-01-07 18:46:57.672] GET    | /carts/v2/getCartById/6a7b0214-b5f0-4e9b-b6c4-cd6123898ed3                                                               |   446 ms | Status: PASS
[2026-01-07 18:46:57.911] POST   | /address/addAddress                                                                                                      |   148 ms | Status: PASS
[2026-01-07 18:46:58.053] GET    | /address/getAddressByUserId/6a7b0214-b5f0-4e9b-b6c4-cd6123898ed3                                                         |   129 ms | Status: PASS
[2026-01-07 18:46:58.414] POST   | /slot/getSlotCountByTime                                                                                                 |   211 ms | Status: PASS
[2026-01-07 18:46:58.606] POST   | /carts/v2/addCart                                                                                                        |   166 ms | Status: PASS
[2026-01-07 18:46:59.099] GET    | /carts/v2/getCartById/6a7b0214-b5f0-4e9b-b6c4-cd6123898ed3                                                               |   479 ms | Status: PASS
[2026-01-07 18:47:01.143] POST   | /gateway/v2/VerifyPayment                                                                                                |  1992 ms | Status: PASS
[2026-01-07 18:47:01.354] POST   | https://dev-api-yodadiagnostics.yodaprojects.com/gateway/getPaymentById                                                  |   138 ms | Status: PASS
[2026-01-07 18:47:01.467] GET    | /carts/v2/getCartById/6a7b0214-b5f0-4e9b-b6c4-cd6123898ed3                                                               |   109 ms | Status: PASS
[2026-01-07 18:47:01.836] POST   | https://dev-api-yodadiagnostics.yodaprojects.com/phlebo/loginPhlebo                                                      |   313 ms | Status: PASS
[2026-01-07 18:47:02.620] POST   | https://dev-api-yodadiagnostics.yodaprojects.com/order_tracking/assignOrder                                              |   707 ms | Status: PASS
[2026-01-07 18:47:02.771] GET    | https://dev-api-yodadiagnostics.yodaprojects.com/order_tracking/getOrderTrackingStatus/6d9bf02a-1ca8-4939-b400-52748008ed54 |   102 ms | Status: PASS
[2026-01-07 18:47:02.992] POST   | https://dev-api-yodadiagnostics.yodaprojects.com/order_tracking/updateOrderTracking                                      |   188 ms | Status: PASS
[2026-01-07 18:47:03.124] GET    | https://dev-api-yodadiagnostics.yodaprojects.com/order_tracking/getOrderTrackingStatus/6d9bf02a-1ca8-4939-b400-52748008ed54 |   112 ms | Status: PASS
[2026-01-07 18:47:03.533] GET    | /order/getOrderById/f7a93245-a4f6-41e4-8617-2f6544975ce3                                                                 |   385 ms | Status: PASS
[2026-01-07 18:47:04.014] POST   | https://dev-api-yodadiagnostics.yodaprojects.com/order_tracking/admin/verifyotp                                          |   446 ms | Status: PASS
[2026-01-07 18:47:04.135] GET    | https://dev-api-yodadiagnostics.yodaprojects.com/tests/getSampleType                                                     |   105 ms | Status: PASS
[2026-01-07 18:47:04.287] POST   | https://dev-api-yodadiagnostics.yodaprojects.com/order_tracking/updateOrderTracking                                      |   130 ms | Status: PASS
[2026-01-07 18:47:04.667] GET    | /order/getOrderById/f7a93245-a4f6-41e4-8617-2f6544975ce3                                                                 |   361 ms | Status: PASS
[2026-01-07 18:47:05.021] GET    | /order/getOrderById/f7a93245-a4f6-41e4-8617-2f6544975ce3                                                                 |   323 ms | Status: PASS
[2026-01-07 18:47:11.525] POST   | https://dev-api-yodadiagnostics.yodaprojects.com/order/approvepayment                                                    |  6421 ms | Status: FAIL (SLA Violation)
[2026-01-07 18:47:11.709] POST   | https://dev-api-yodadiagnostics.yodaprojects.com/gateway/getPaymentById                                                  |   114 ms | Status: PASS
[2026-01-07 19:10:44.424] POST   | /otps/getOtp                                                                                                             |   789 ms | Status: PASS
[2026-01-07 19:10:44.632] POST   | /otps/getOtp                                                                                                             |   185 ms | Status: PASS
[2026-01-07 19:10:45.611] POST   | /tests/getlocations                                                                                                      |   127 ms | Status: PASS
[2026-01-07 19:10:46.775] GET    | https://dev-api-yodamembership.yodaprojects.com/brand/getAllBrands                                                       |   220 ms | Status: PASS
[2026-01-07 19:10:47.889] POST   | tests/adminTests                                                                                                         |   662 ms | Status: PASS
[2026-01-07 19:10:48.525] POST   | tests/adminTests                                                                                                         |   595 ms | Status: PASS
[2026-01-07 19:10:48.684] POST   | /carts/v2/addCart                                                                                                        |   136 ms | Status: PASS
[2026-01-07 19:10:48.862] POST   | /carts/v2/addCart                                                                                                        |   158 ms | Status: PASS
[2026-01-07 19:10:49.455] GET    | /carts/v2/getCartById/6a7b0214-b5f0-4e9b-b6c4-cd6123898ed3                                                               |   468 ms | Status: PASS
[2026-01-07 19:10:49.738] POST   | /address/addAddress                                                                                                      |   177 ms | Status: PASS
[2026-01-07 19:10:49.894] GET    | /address/getAddressByUserId/6a7b0214-b5f0-4e9b-b6c4-cd6123898ed3                                                         |   141 ms | Status: PASS
[2026-01-07 19:10:50.195] POST   | /slot/getSlotCountByTime                                                                                                 |   183 ms | Status: PASS
[2026-01-07 19:10:50.401] POST   | /carts/v2/addCart                                                                                                        |   182 ms | Status: PASS
[2026-01-07 19:10:50.876] GET    | /carts/v2/getCartById/6a7b0214-b5f0-4e9b-b6c4-cd6123898ed3                                                               |   447 ms | Status: PASS
[2026-01-07 19:10:52.599] POST   | /gateway/v2/VerifyPayment                                                                                                |  1646 ms | Status: PASS
[2026-01-07 19:10:52.867] POST   | https://dev-api-yodadiagnostics.yodaprojects.com/gateway/getPaymentById                                                  |   163 ms | Status: PASS
[2026-01-07 19:10:53.024] GET    | /carts/v2/getCartById/6a7b0214-b5f0-4e9b-b6c4-cd6123898ed3                                                               |   143 ms | Status: PASS
[2026-01-07 19:10:53.783] POST   | https://dev-api-yodadiagnostics.yodaprojects.com/phlebo/loginPhlebo                                                      |   696 ms | Status: PASS
[2026-01-07 19:10:54.666] POST   | https://dev-api-yodadiagnostics.yodaprojects.com/order_tracking/assignOrder                                              |   818 ms | Status: PASS
[2026-01-07 19:10:54.852] GET    | https://dev-api-yodadiagnostics.yodaprojects.com/order_tracking/getOrderTrackingStatus/f34d8f89-b6ec-481d-a977-934b83da1206 |   139 ms | Status: PASS
[2026-01-07 19:10:55.035] POST   | https://dev-api-yodadiagnostics.yodaprojects.com/order_tracking/updateOrderTracking                                      |   148 ms | Status: PASS
[2026-01-07 19:10:55.176] GET    | https://dev-api-yodadiagnostics.yodaprojects.com/order_tracking/getOrderTrackingStatus/f34d8f89-b6ec-481d-a977-934b83da1206 |   127 ms | Status: PASS
[2026-01-07 19:10:55.622] GET    | /order/getOrderById/88f5fad2-ec08-4934-ab38-3507ce587b48                                                                 |   417 ms | Status: PASS
[2026-01-07 19:10:56.169] POST   | https://dev-api-yodadiagnostics.yodaprojects.com/order_tracking/admin/verifyotp                                          |   509 ms | Status: PASS
[2026-01-07 19:10:56.305] GET    | https://dev-api-yodadiagnostics.yodaprojects.com/tests/getSampleType                                                     |   111 ms | Status: PASS
[2026-01-07 19:10:56.464] POST   | https://dev-api-yodadiagnostics.yodaprojects.com/order_tracking/updateOrderTracking                                      |   135 ms | Status: PASS
[2026-01-07 19:10:56.877] GET    | /order/getOrderById/88f5fad2-ec08-4934-ab38-3507ce587b48                                                                 |   377 ms | Status: PASS
[2026-01-07 19:10:57.289] GET    | /order/getOrderById/88f5fad2-ec08-4934-ab38-3507ce587b48                                                                 |   381 ms | Status: PASS
[2026-01-07 19:11:03.532] POST   | https://dev-api-yodadiagnostics.yodaprojects.com/order/approvepayment                                                    |  6165 ms | Status: FAIL (SLA Violation)
[2026-01-07 19:11:03.769] POST   | https://dev-api-yodadiagnostics.yodaprojects.com/gateway/getPaymentById                                                  |   158 ms | Status: PASS
[2026-01-07 19:17:26.171] POST   | /otps/getOtp                                                                                                             |   593 ms | Status: PASS
[2026-01-07 19:17:26.399] POST   | /otps/getOtp                                                                                                             |   203 ms | Status: PASS
[2026-01-07 19:17:27.368] POST   | /tests/getlocations                                                                                                      |   147 ms | Status: PASS
[2026-01-07 19:17:28.548] GET    | https://dev-api-yodamembership.yodaprojects.com/brand/getAllBrands                                                       |   195 ms | Status: PASS
[2026-01-07 19:17:29.487] POST   | tests/adminTests                                                                                                         |   565 ms | Status: PASS
[2026-01-07 19:17:30.026] POST   | tests/adminTests                                                                                                         |   511 ms | Status: PASS
[2026-01-07 19:17:30.194] POST   | /carts/v2/addCart                                                                                                        |   142 ms | Status: PASS
[2026-01-07 19:17:30.349] POST   | /carts/v2/addCart                                                                                                        |   144 ms | Status: PASS
[2026-01-07 19:17:30.921] GET    | /carts/v2/getCartById/6a7b0214-b5f0-4e9b-b6c4-cd6123898ed3                                                               |   500 ms | Status: PASS
[2026-01-07 19:17:31.121] POST   | /address/addAddress                                                                                                      |   130 ms | Status: PASS
[2026-01-07 19:17:31.294] GET    | /address/getAddressByUserId/6a7b0214-b5f0-4e9b-b6c4-cd6123898ed3                                                         |   150 ms | Status: PASS
[2026-01-07 19:17:31.527] POST   | /slot/getSlotCountByTime                                                                                                 |   145 ms | Status: PASS
[2026-01-07 19:17:31.695] POST   | /carts/v2/addCart                                                                                                        |   143 ms | Status: PASS
[2026-01-07 19:17:32.196] GET    | /carts/v2/getCartById/6a7b0214-b5f0-4e9b-b6c4-cd6123898ed3                                                               |   483 ms | Status: PASS
[2026-01-07 19:17:33.861] POST   | /gateway/v2/VerifyPayment                                                                                                |  1625 ms | Status: PASS
[2026-01-07 19:17:34.129] POST   | https://dev-api-yodadiagnostics.yodaprojects.com/gateway/getPaymentById                                                  |   179 ms | Status: PASS
[2026-01-07 19:17:34.260] GET    | /carts/v2/getCartById/6a7b0214-b5f0-4e9b-b6c4-cd6123898ed3                                                               |   124 ms | Status: PASS
[2026-01-07 19:17:34.612] POST   | https://dev-api-yodadiagnostics.yodaprojects.com/phlebo/loginPhlebo                                                      |   284 ms | Status: PASS
[2026-01-07 19:17:35.358] POST   | https://dev-api-yodadiagnostics.yodaprojects.com/order_tracking/assignOrder                                              |   661 ms | Status: PASS
[2026-01-07 19:17:35.514] GET    | https://dev-api-yodadiagnostics.yodaprojects.com/order_tracking/getOrderTrackingStatus/90aa979e-326d-4470-b885-3ed6e39d299f |   104 ms | Status: PASS
[2026-01-07 19:17:35.678] POST   | https://dev-api-yodadiagnostics.yodaprojects.com/order_tracking/updateOrderTracking                                      |   145 ms | Status: PASS
[2026-01-07 19:17:35.798] GET    | https://dev-api-yodadiagnostics.yodaprojects.com/order_tracking/getOrderTrackingStatus/90aa979e-326d-4470-b885-3ed6e39d299f |   105 ms | Status: PASS
[2026-01-07 19:17:36.180] GET    | /order/getOrderById/036d4b06-79ee-4426-bc22-fc2c2083a8c1                                                                 |   353 ms | Status: PASS
[2026-01-07 19:17:36.632] POST   | https://dev-api-yodadiagnostics.yodaprojects.com/order_tracking/admin/verifyotp                                          |   412 ms | Status: PASS
[2026-01-07 19:17:36.762] GET    | https://dev-api-yodadiagnostics.yodaprojects.com/tests/getSampleType                                                     |   113 ms | Status: PASS
[2026-01-07 19:17:36.902] POST   | https://dev-api-yodadiagnostics.yodaprojects.com/order_tracking/updateOrderTracking                                      |   118 ms | Status: PASS
[2026-01-07 19:17:37.263] GET    | /order/getOrderById/036d4b06-79ee-4426-bc22-fc2c2083a8c1                                                                 |   341 ms | Status: PASS
[2026-01-07 19:17:37.597] GET    | /order/getOrderById/036d4b06-79ee-4426-bc22-fc2c2083a8c1                                                                 |   306 ms | Status: PASS
[2026-01-07 19:17:43.208] POST   | https://dev-api-yodadiagnostics.yodaprojects.com/order/approvepayment                                                    |  5526 ms | Status: FAIL (SLA Violation)
[2026-01-07 19:17:43.398] POST   | https://dev-api-yodadiagnostics.yodaprojects.com/gateway/getPaymentById                                                  |   119 ms | Status: PASS
[2026-01-07 19:29:40.623] POST   | /otps/getOtp                                                                                                             |   770 ms | Status: PASS
[2026-01-07 19:29:40.914] POST   | /otps/getOtp                                                                                                             |   270 ms | Status: PASS
[2026-01-07 19:29:41.856] POST   | /tests/getlocations                                                                                                      |   177 ms | Status: PASS
[2026-01-07 19:29:43.026] GET    | https://dev-api-yodamembership.yodaprojects.com/brand/getAllBrands                                                       |   190 ms | Status: PASS
[2026-01-07 19:29:43.804] POST   | tests/adminTests                                                                                                         |   435 ms | Status: PASS
[2026-01-07 19:29:44.434] POST   | tests/adminTests                                                                                                         |   600 ms | Status: PASS
[2026-01-07 19:29:44.585] POST   | /carts/v2/addCart                                                                                                        |   130 ms | Status: PASS
[2026-01-07 19:29:44.736] POST   | /carts/v2/addCart                                                                                                        |   133 ms | Status: PASS
[2026-01-07 19:29:45.341] GET    | /carts/v2/getCartById/6a7b0214-b5f0-4e9b-b6c4-cd6123898ed3                                                               |   527 ms | Status: PASS
[2026-01-07 19:29:45.566] POST   | /address/addAddress                                                                                                      |   143 ms | Status: PASS
[2026-01-07 19:29:45.709] GET    | /address/getAddressByUserId/6a7b0214-b5f0-4e9b-b6c4-cd6123898ed3                                                         |   133 ms | Status: PASS
[2026-01-07 19:29:45.951] POST   | /slot/getSlotCountByTime                                                                                                 |   140 ms | Status: PASS
[2026-01-07 19:29:46.118] POST   | /carts/v2/addCart                                                                                                        |   138 ms | Status: PASS
[2026-01-07 19:29:46.588] GET    | /carts/v2/getCartById/6a7b0214-b5f0-4e9b-b6c4-cd6123898ed3                                                               |   455 ms | Status: PASS
[2026-01-07 19:29:48.098] POST   | /gateway/v2/VerifyPayment                                                                                                |  1458 ms | Status: PASS
[2026-01-07 19:29:48.304] POST   | https://dev-api-yodadiagnostics.yodaprojects.com/gateway/getPaymentById                                                  |   142 ms | Status: PASS
[2026-01-07 19:29:48.505] GET    | /carts/v2/getCartById/6a7b0214-b5f0-4e9b-b6c4-cd6123898ed3                                                               |   194 ms | Status: PASS
[2026-01-07 19:29:48.858] POST   | https://dev-api-yodadiagnostics.yodaprojects.com/phlebo/loginPhlebo                                                      |   292 ms | Status: PASS
[2026-01-07 19:29:49.710] POST   | https://dev-api-yodadiagnostics.yodaprojects.com/order_tracking/assignOrder                                              |   774 ms | Status: PASS
[2026-01-07 19:29:49.872] GET    | https://dev-api-yodadiagnostics.yodaprojects.com/order_tracking/getOrderTrackingStatus/c6a41b59-d80e-4a17-8838-bee93276d0d3 |   112 ms | Status: PASS
[2026-01-07 19:29:50.038] POST   | https://dev-api-yodadiagnostics.yodaprojects.com/order_tracking/updateOrderTracking                                      |   143 ms | Status: PASS
[2026-01-07 19:29:50.162] GET    | https://dev-api-yodadiagnostics.yodaprojects.com/order_tracking/getOrderTrackingStatus/c6a41b59-d80e-4a17-8838-bee93276d0d3 |   112 ms | Status: PASS
[2026-01-07 19:29:50.513] GET    | /order/getOrderById/890d996e-76a4-4642-bfc4-8fb749d7091a                                                                 |   332 ms | Status: PASS
[2026-01-07 19:29:51.065] POST   | https://dev-api-yodadiagnostics.yodaprojects.com/order_tracking/admin/verifyotp                                          |   516 ms | Status: PASS
[2026-01-07 19:29:51.231] GET    | https://dev-api-yodadiagnostics.yodaprojects.com/tests/getSampleType                                                     |   139 ms | Status: PASS
[2026-01-07 19:29:51.388] POST   | https://dev-api-yodadiagnostics.yodaprojects.com/order_tracking/updateOrderTracking                                      |   134 ms | Status: PASS
[2026-01-07 19:29:51.763] GET    | /order/getOrderById/890d996e-76a4-4642-bfc4-8fb749d7091a                                                                 |   351 ms | Status: PASS
[2026-01-07 19:29:52.104] GET    | /order/getOrderById/890d996e-76a4-4642-bfc4-8fb749d7091a                                                                 |   313 ms | Status: PASS
[2026-01-07 19:29:58.003] POST   | https://dev-api-yodadiagnostics.yodaprojects.com/order/approvepayment                                                    |  5833 ms | Status: FAIL (SLA Violation)
[2026-01-07 19:29:58.178] POST   | https://dev-api-yodadiagnostics.yodaprojects.com/gateway/getPaymentById                                                  |   112 ms | Status: PASS
[2026-01-07 19:31:36.824] POST   | /otps/getOtp                                                                                                             |   677 ms | Status: PASS
[2026-01-07 19:31:37.030] POST   | /otps/getOtp                                                                                                             |   185 ms | Status: PASS
[2026-01-07 19:31:38.136] POST   | /tests/getlocations                                                                                                      |   134 ms | Status: PASS
[2026-01-07 19:31:39.514] GET    | https://dev-api-yodamembership.yodaprojects.com/brand/getAllBrands                                                       |   181 ms | Status: PASS
[2026-01-07 19:31:40.355] POST   | tests/adminTests                                                                                                         |   470 ms | Status: PASS
[2026-01-07 19:31:40.919] POST   | tests/adminTests                                                                                                         |   505 ms | Status: PASS
[2026-01-07 19:31:41.081] POST   | /carts/v2/addCart                                                                                                        |   142 ms | Status: PASS
[2026-01-07 19:31:41.238] POST   | /carts/v2/addCart                                                                                                        |   142 ms | Status: PASS
[2026-01-07 19:31:41.831] GET    | /carts/v2/getCartById/6a7b0214-b5f0-4e9b-b6c4-cd6123898ed3                                                               |   493 ms | Status: PASS
[2026-01-07 19:31:42.058] POST   | /address/addAddress                                                                                                      |   125 ms | Status: PASS
[2026-01-07 19:31:42.210] GET    | /address/getAddressByUserId/6a7b0214-b5f0-4e9b-b6c4-cd6123898ed3                                                         |   143 ms | Status: PASS
[2026-01-07 19:31:42.455] POST   | /slot/getSlotCountByTime                                                                                                 |   151 ms | Status: PASS
[2026-01-07 19:31:42.802] POST   | /carts/v2/addCart                                                                                                        |   319 ms | Status: PASS
[2026-01-07 19:31:43.230] GET    | /carts/v2/getCartById/6a7b0214-b5f0-4e9b-b6c4-cd6123898ed3                                                               |   399 ms | Status: PASS
[2026-01-07 19:31:44.819] POST   | /gateway/v2/VerifyPayment                                                                                                |  1501 ms | Status: PASS
[2026-01-07 19:31:45.054] POST   | https://dev-api-yodadiagnostics.yodaprojects.com/gateway/getPaymentById                                                  |   162 ms | Status: PASS
[2026-01-07 19:31:45.183] GET    | /carts/v2/getCartById/6a7b0214-b5f0-4e9b-b6c4-cd6123898ed3                                                               |   122 ms | Status: PASS
[2026-01-07 19:31:45.591] POST   | https://dev-api-yodadiagnostics.yodaprojects.com/phlebo/loginPhlebo                                                      |   320 ms | Status: PASS
[2026-01-07 19:31:46.333] POST   | https://dev-api-yodadiagnostics.yodaprojects.com/order_tracking/assignOrder                                              |   644 ms | Status: PASS
[2026-01-07 19:31:46.506] GET    | https://dev-api-yodadiagnostics.yodaprojects.com/order_tracking/getOrderTrackingStatus/f4efd0a6-1d6e-4e2c-9c68-07dd074b21e6 |   115 ms | Status: PASS
[2026-01-07 19:31:46.653] POST   | https://dev-api-yodadiagnostics.yodaprojects.com/order_tracking/updateOrderTracking                                      |   124 ms | Status: PASS
[2026-01-07 19:31:46.786] GET    | https://dev-api-yodadiagnostics.yodaprojects.com/order_tracking/getOrderTrackingStatus/f4efd0a6-1d6e-4e2c-9c68-07dd074b21e6 |   116 ms | Status: PASS
[2026-01-07 19:31:47.129] GET    | /order/getOrderById/a79a496f-765f-4a13-9776-dc1d34974233                                                                 |   322 ms | Status: PASS
[2026-01-07 19:31:47.618] POST   | https://dev-api-yodadiagnostics.yodaprojects.com/order_tracking/admin/verifyotp                                          |   426 ms | Status: PASS
[2026-01-07 19:31:47.744] GET    | https://dev-api-yodadiagnostics.yodaprojects.com/tests/getSampleType                                                     |   107 ms | Status: PASS
[2026-01-07 19:31:47.938] POST   | https://dev-api-yodadiagnostics.yodaprojects.com/order_tracking/updateOrderTracking                                      |   156 ms | Status: PASS
[2026-01-07 19:31:48.309] GET    | /order/getOrderById/a79a496f-765f-4a13-9776-dc1d34974233                                                                 |   348 ms | Status: PASS
[2026-01-07 19:31:48.698] GET    | /order/getOrderById/a79a496f-765f-4a13-9776-dc1d34974233                                                                 |   330 ms | Status: PASS
[2026-01-07 19:31:54.464] POST   | https://dev-api-yodadiagnostics.yodaprojects.com/order/approvepayment                                                    |  5676 ms | Status: FAIL (SLA Violation)
[2026-01-07 19:31:54.654] POST   | https://dev-api-yodadiagnostics.yodaprojects.com/gateway/getPaymentById                                                  |   121 ms | Status: PASS
[2026-01-07 19:45:20.785] POST   | /otps/getOtp                                                                                                             |   611 ms | Status: PASS
[2026-01-07 19:45:20.970] POST   | /otps/getOtp                                                                                                             |   165 ms | Status: PASS
[2026-01-07 19:45:22.187] POST   | /tests/getlocations                                                                                                      |   157 ms | Status: PASS
[2026-01-07 19:45:23.838] GET    | https://dev-api-yodamembership.yodaprojects.com/brand/getAllBrands                                                       |   207 ms | Status: PASS
[2026-01-07 19:45:24.644] POST   | tests/adminTests                                                                                                         |   475 ms | Status: PASS
[2026-01-07 19:45:25.100] POST   | tests/adminTests                                                                                                         |   409 ms | Status: PASS
[2026-01-07 19:45:25.303] POST   | /carts/v2/addCart                                                                                                        |   154 ms | Status: PASS
[2026-01-07 19:45:25.439] POST   | /carts/v2/addCart                                                                                                        |   122 ms | Status: PASS
[2026-01-07 19:45:25.945] GET    | /carts/v2/getCartById/6a7b0214-b5f0-4e9b-b6c4-cd6123898ed3                                                               |   421 ms | Status: PASS
[2026-01-07 19:45:26.173] POST   | /address/addAddress                                                                                                      |   133 ms | Status: PASS
[2026-01-07 19:45:26.399] GET    | /address/getAddressByUserId/6a7b0214-b5f0-4e9b-b6c4-cd6123898ed3                                                         |   215 ms | Status: PASS
[2026-01-07 19:45:26.655] POST   | /slot/getSlotCountByTime                                                                                                 |   141 ms | Status: PASS
[2026-01-07 19:45:26.837] POST   | /carts/v2/addCart                                                                                                        |   151 ms | Status: PASS
[2026-01-07 19:45:27.273] GET    | /carts/v2/getCartById/6a7b0214-b5f0-4e9b-b6c4-cd6123898ed3                                                               |   420 ms | Status: PASS
[2026-01-07 19:45:28.828] POST   | /gateway/v2/VerifyPayment                                                                                                |  1510 ms | Status: PASS
[2026-01-07 19:45:29.074] POST   | https://dev-api-yodadiagnostics.yodaprojects.com/gateway/getPaymentById                                                  |   140 ms | Status: PASS
[2026-01-07 19:45:29.198] GET    | /carts/v2/getCartById/6a7b0214-b5f0-4e9b-b6c4-cd6123898ed3                                                               |   119 ms | Status: PASS
[2026-01-07 19:45:29.541] POST   | https://dev-api-yodadiagnostics.yodaprojects.com/phlebo/loginPhlebo                                                      |   283 ms | Status: PASS
[2026-01-07 19:45:30.442] POST   | https://dev-api-yodadiagnostics.yodaprojects.com/order_tracking/assignOrder                                              |   812 ms | Status: PASS
[2026-01-07 19:45:30.610] GET    | https://dev-api-yodadiagnostics.yodaprojects.com/order_tracking/getOrderTrackingStatus/b9a17d82-b631-49c2-b3b4-f2ed5eab8e65 |   106 ms | Status: PASS
[2026-01-07 19:45:30.771] POST   | https://dev-api-yodadiagnostics.yodaprojects.com/order_tracking/updateOrderTracking                                      |   139 ms | Status: PASS
[2026-01-07 19:45:30.903] GET    | https://dev-api-yodadiagnostics.yodaprojects.com/order_tracking/getOrderTrackingStatus/b9a17d82-b631-49c2-b3b4-f2ed5eab8e65 |   116 ms | Status: PASS
[2026-01-07 19:45:31.300] GET    | /order/getOrderById/8de80950-3c34-4cf3-90b5-a3040b6d9896                                                                 |   377 ms | Status: PASS
[2026-01-07 19:45:32.033] POST   | https://dev-api-yodadiagnostics.yodaprojects.com/order_tracking/admin/verifyotp                                          |   675 ms | Status: PASS
[2026-01-07 19:45:32.186] GET    | https://dev-api-yodadiagnostics.yodaprojects.com/tests/getSampleType                                                     |   124 ms | Status: PASS
[2026-01-07 19:45:32.344] POST   | https://dev-api-yodadiagnostics.yodaprojects.com/order_tracking/updateOrderTracking                                      |   134 ms | Status: PASS
[2026-01-07 19:45:32.736] GET    | /order/getOrderById/8de80950-3c34-4cf3-90b5-a3040b6d9896                                                                 |   370 ms | Status: PASS
[2026-01-07 19:45:33.161] GET    | /order/getOrderById/8de80950-3c34-4cf3-90b5-a3040b6d9896                                                                 |   387 ms | Status: PASS
[2026-01-07 19:45:39.055] POST   | https://dev-api-yodadiagnostics.yodaprojects.com/order/approvepayment                                                    |  5809 ms | Status: FAIL (SLA Violation)
[2026-01-07 19:45:39.263] POST   | https://dev-api-yodadiagnostics.yodaprojects.com/gateway/getPaymentById                                                  |   110 ms | Status: PASS
[2026-01-07 21:36:09.917] POST   | /otps/getOtp                                                                                                             |   659 ms | Status: PASS
[2026-01-07 21:36:10.184] POST   | /otps/getOtp                                                                                                             |   251 ms | Status: PASS
[2026-01-07 21:36:11.070] POST   | /tests/getlocations                                                                                                      |   131 ms | Status: PASS
[2026-01-07 21:36:12.261] GET    | https://dev-api-yodamembership.yodaprojects.com/brand/getAllBrands                                                       |   170 ms | Status: PASS
[2026-01-07 21:36:13.230] POST   | tests/adminTests                                                                                                         |   565 ms | Status: PASS
[2026-01-07 21:36:13.646] POST   | tests/adminTests                                                                                                         |   369 ms | Status: PASS
[2026-01-07 21:36:13.859] POST   | /carts/v2/addCart                                                                                                        |   167 ms | Status: PASS
[2026-01-07 21:36:14.034] POST   | /carts/v2/addCart                                                                                                        |   160 ms | Status: PASS
[2026-01-07 21:36:14.542] GET    | /carts/v2/getCartById/6a7b0214-b5f0-4e9b-b6c4-cd6123898ed3                                                               |   404 ms | Status: PASS
[2026-01-07 21:36:14.786] POST   | /address/addAddress                                                                                                      |   141 ms | Status: PASS
[2026-01-07 21:36:14.926] GET    | /address/getAddressByUserId/6a7b0214-b5f0-4e9b-b6c4-cd6123898ed3                                                         |   132 ms | Status: PASS
[2026-01-07 21:36:15.184] POST   | /slot/getSlotCountByTime                                                                                                 |   149 ms | Status: PASS
[2026-01-07 21:36:15.355] POST   | /slot/getSlotCountByTime                                                                                                 |   146 ms | Status: PASS
[2026-01-07 21:36:15.522] POST   | /carts/v2/addCart                                                                                                        |   142 ms | Status: PASS
[2026-01-07 21:36:15.813] GET    | /carts/v2/getCartById/6a7b0214-b5f0-4e9b-b6c4-cd6123898ed3                                                               |   276 ms | Status: PASS
[2026-01-07 21:36:16.751] POST   | /gateway/v2/VerifyPayment                                                                                                |   887 ms | Status: PASS
[2026-01-07 21:36:16.976] POST   | https://dev-api-yodadiagnostics.yodaprojects.com/gateway/getPaymentById                                                  |   123 ms | Status: PASS
[2026-01-07 21:36:17.099] GET    | /carts/v2/getCartById/6a7b0214-b5f0-4e9b-b6c4-cd6123898ed3                                                               |   118 ms | Status: PASS
[2026-01-07 21:36:17.552] POST   | https://dev-api-yodadiagnostics.yodaprojects.com/phlebo/loginPhlebo                                                      |   361 ms | Status: PASS
[2026-01-07 21:36:18.638] POST   | https://dev-api-yodadiagnostics.yodaprojects.com/order_tracking/assignOrder                                              |   984 ms | Status: PASS
[2026-01-07 21:36:18.790] GET    | https://dev-api-yodadiagnostics.yodaprojects.com/order_tracking/getOrderTrackingStatus/2472e7e8-f919-46a7-b03f-9826024811a7 |   102 ms | Status: PASS
[2026-01-07 21:36:18.939] POST   | https://dev-api-yodadiagnostics.yodaprojects.com/order_tracking/updateOrderTracking                                      |   124 ms | Status: PASS
[2026-01-07 21:36:19.078] GET    | https://dev-api-yodadiagnostics.yodaprojects.com/order_tracking/getOrderTrackingStatus/2472e7e8-f919-46a7-b03f-9826024811a7 |   116 ms | Status: PASS
[2026-01-07 21:36:19.381] GET    | /order/getOrderById/f2b0dece-eaa8-4dc2-be49-057ee2369ae4                                                                 |   278 ms | Status: PASS
[2026-01-07 21:36:19.950] POST   | https://dev-api-yodadiagnostics.yodaprojects.com/order_tracking/admin/verifyotp                                          |   546 ms | Status: PASS
[2026-01-07 21:36:20.125] GET    | https://dev-api-yodadiagnostics.yodaprojects.com/tests/getSampleType                                                     |   150 ms | Status: PASS
[2026-01-07 21:36:20.268] POST   | https://dev-api-yodadiagnostics.yodaprojects.com/order_tracking/updateOrderTracking                                      |   126 ms | Status: PASS
[2026-01-07 21:36:20.554] GET    | /order/getOrderById/f2b0dece-eaa8-4dc2-be49-057ee2369ae4                                                                 |   268 ms | Status: PASS
[2026-01-07 21:36:20.884] GET    | /order/getOrderById/f2b0dece-eaa8-4dc2-be49-057ee2369ae4                                                                 |   297 ms | Status: PASS
[2026-01-07 21:36:35.366] POST   | https://dev-api-yodadiagnostics.yodaprojects.com/order/approvepayment                                                    | 14397 ms | Status: FAIL (SLA Violation)
[2026-01-07 21:36:35.558] POST   | https://dev-api-yodadiagnostics.yodaprojects.com/gateway/getPaymentById                                                  |   119 ms | Status: PASS
[2026-01-07 21:42:51.619] POST   | /otps/getOtp                                                                                                             |   742 ms | Status: PASS
[2026-01-07 21:42:51.829] POST   | /otps/getOtp                                                                                                             |   184 ms | Status: PASS
[2026-01-07 21:42:52.758] POST   | /tests/getlocations                                                                                                      |   130 ms | Status: PASS
[2026-01-07 21:42:53.895] GET    | https://dev-api-yodamembership.yodaprojects.com/brand/getAllBrands                                                       |   193 ms | Status: PASS
[2026-01-07 21:42:54.716] POST   | tests/adminTests                                                                                                         |   454 ms | Status: PASS
[2026-01-07 21:42:55.241] POST   | tests/adminTests                                                                                                         |   490 ms | Status: PASS
[2026-01-07 21:42:55.408] POST   | /carts/v2/addCart                                                                                                        |   148 ms | Status: PASS
[2026-01-07 21:42:55.559] POST   | /carts/v2/addCart                                                                                                        |   141 ms | Status: PASS
[2026-01-07 21:42:55.886] GET    | /carts/v2/getCartById/6a7b0214-b5f0-4e9b-b6c4-cd6123898ed3                                                               |   254 ms | Status: PASS
[2026-01-07 21:42:56.140] POST   | /address/addAddress                                                                                                      |   164 ms | Status: PASS
[2026-01-07 21:42:56.301] GET    | /address/getAddressByUserId/6a7b0214-b5f0-4e9b-b6c4-cd6123898ed3                                                         |   152 ms | Status: PASS
[2026-01-07 21:42:56.566] POST   | /slot/getSlotCountByTime                                                                                                 |   138 ms | Status: PASS
[2026-01-07 21:42:56.733] POST   | /slot/getSlotCountByTime                                                                                                 |   146 ms | Status: PASS
[2026-01-07 21:42:56.898] POST   | /carts/v2/addCart                                                                                                        |   132 ms | Status: PASS
[2026-01-07 21:42:57.226] GET    | /carts/v2/getCartById/6a7b0214-b5f0-4e9b-b6c4-cd6123898ed3                                                               |   297 ms | Status: PASS
[2026-01-07 21:42:58.229] POST   | /gateway/v2/VerifyPayment                                                                                                |   931 ms | Status: PASS
[2026-01-07 21:42:58.413] POST   | https://dev-api-yodadiagnostics.yodaprojects.com/gateway/getPaymentById                                                  |   115 ms | Status: PASS
[2026-01-07 21:42:58.523] GET    | /carts/v2/getCartById/6a7b0214-b5f0-4e9b-b6c4-cd6123898ed3                                                               |   106 ms | Status: PASS
[2026-01-07 21:42:58.879] POST   | https://dev-api-yodadiagnostics.yodaprojects.com/phlebo/loginPhlebo                                                      |   297 ms | Status: PASS
[2026-01-07 21:42:59.635] POST   | https://dev-api-yodadiagnostics.yodaprojects.com/order_tracking/assignOrder                                              |   687 ms | Status: PASS
[2026-01-07 21:42:59.793] GET    | https://dev-api-yodadiagnostics.yodaprojects.com/order_tracking/getOrderTrackingStatus/960b03c5-0205-4ce1-acd4-2402a49ae864 |   113 ms | Status: PASS
[2026-01-07 21:43:00.042] POST   | https://dev-api-yodadiagnostics.yodaprojects.com/order_tracking/updateOrderTracking                                      |   210 ms | Status: PASS
[2026-01-07 21:43:00.174] GET    | https://dev-api-yodadiagnostics.yodaprojects.com/order_tracking/getOrderTrackingStatus/960b03c5-0205-4ce1-acd4-2402a49ae864 |   115 ms | Status: PASS
[2026-01-07 21:43:00.706] GET    | /order/getOrderById/35aca645-3b4c-44ac-b5ec-1801d4270ea6                                                                 |   508 ms | Status: PASS
[2026-01-07 21:43:01.446] POST   | https://dev-api-yodadiagnostics.yodaprojects.com/order_tracking/admin/verifyotp                                          |   704 ms | Status: PASS
[2026-01-07 21:43:01.600] GET    | https://dev-api-yodadiagnostics.yodaprojects.com/tests/getSampleType                                                     |   124 ms | Status: PASS
[2026-01-07 21:43:01.756] POST   | https://dev-api-yodadiagnostics.yodaprojects.com/order_tracking/updateOrderTracking                                      |   132 ms | Status: PASS
[2026-01-07 21:43:02.009] GET    | /order/getOrderById/35aca645-3b4c-44ac-b5ec-1801d4270ea6                                                                 |   215 ms | Status: PASS
[2026-01-07 21:43:02.232] GET    | /order/getOrderById/35aca645-3b4c-44ac-b5ec-1801d4270ea6                                                                 |   202 ms | Status: PASS
[2026-01-07 21:43:08.302] POST   | https://dev-api-yodadiagnostics.yodaprojects.com/order/approvepayment                                                    |  5979 ms | Status: FAIL (SLA Violation)
[2026-01-07 21:43:08.489] POST   | https://dev-api-yodadiagnostics.yodaprojects.com/gateway/getPaymentById                                                  |   123 ms | Status: PASS
[2026-01-07 21:57:35.374] POST   | /otps/getOtp                                                                                                             |   723 ms | Status: PASS
[2026-01-07 21:57:35.555] POST   | /otps/getOtp                                                                                                             |   160 ms | Status: PASS
[2026-01-07 21:57:36.448] POST   | /tests/getlocations                                                                                                      |   132 ms | Status: PASS
[2026-01-07 21:57:37.562] GET    | https://dev-api-yodamembership.yodaprojects.com/brand/getAllBrands                                                       |   191 ms | Status: PASS
[2026-01-07 21:57:38.359] POST   | tests/adminTests                                                                                                         |   365 ms | Status: PASS
[2026-01-07 21:57:38.888] POST   | tests/adminTests                                                                                                         |   490 ms | Status: PASS
[2026-01-07 21:57:39.064] POST   | /carts/v2/addCart                                                                                                        |   147 ms | Status: PASS
[2026-01-07 21:57:39.234] POST   | /carts/v2/addCart                                                                                                        |   154 ms | Status: PASS
[2026-01-07 21:57:39.595] GET    | /carts/v2/getCartById/6a7b0214-b5f0-4e9b-b6c4-cd6123898ed3                                                               |   282 ms | Status: PASS
[2026-01-07 21:57:39.857] POST   | /address/addAddress                                                                                                      |   177 ms | Status: PASS
[2026-01-07 21:57:39.981] GET    | /address/getAddressByUserId/6a7b0214-b5f0-4e9b-b6c4-cd6123898ed3                                                         |   112 ms | Status: PASS
[2026-01-07 21:57:40.260] POST   | /slot/getSlotCountByTime                                                                                                 |   175 ms | Status: PASS
[2026-01-07 21:57:40.433] POST   | /slot/getSlotCountByTime                                                                                                 |   138 ms | Status: PASS
[2026-01-07 21:57:40.609] POST   | /carts/v2/addCart                                                                                                        |   129 ms | Status: PASS
[2026-01-07 21:57:40.922] GET    | /carts/v2/getCartById/6a7b0214-b5f0-4e9b-b6c4-cd6123898ed3                                                               |   278 ms | Status: PASS
[2026-01-07 21:57:41.920] POST   | /gateway/v2/VerifyPayment                                                                                                |   885 ms | Status: PASS
[2026-01-07 21:57:42.108] POST   | https://dev-api-yodadiagnostics.yodaprojects.com/gateway/getPaymentById                                                  |   123 ms | Status: PASS
[2026-01-07 21:57:42.225] GET    | /carts/v2/getCartById/6a7b0214-b5f0-4e9b-b6c4-cd6123898ed3                                                               |   110 ms | Status: PASS
[2026-01-07 21:57:42.524] POST   | https://dev-api-yodadiagnostics.yodaprojects.com/phlebo/loginPhlebo                                                      |   231 ms | Status: PASS
[2026-01-07 21:57:43.364] POST   | https://dev-api-yodadiagnostics.yodaprojects.com/order_tracking/assignOrder                                              |   731 ms | Status: PASS
[2026-01-07 21:57:43.506] GET    | https://dev-api-yodadiagnostics.yodaprojects.com/order_tracking/getOrderTrackingStatus/fdcb8648-2d39-4966-84c4-3e790d8b7d6a |   100 ms | Status: PASS
[2026-01-07 21:57:43.642] POST   | https://dev-api-yodadiagnostics.yodaprojects.com/order_tracking/updateOrderTracking                                      |   115 ms | Status: PASS
[2026-01-07 21:57:43.784] GET    | https://dev-api-yodadiagnostics.yodaprojects.com/order_tracking/getOrderTrackingStatus/fdcb8648-2d39-4966-84c4-3e790d8b7d6a |   119 ms | Status: PASS
[2026-01-07 21:57:44.056] GET    | /order/getOrderById/f576aa1a-f654-476a-934a-7400e0ed8b0e                                                                 |   239 ms | Status: PASS
[2026-01-07 21:57:44.745] POST   | https://dev-api-yodadiagnostics.yodaprojects.com/order_tracking/admin/verifyotp                                          |   638 ms | Status: PASS
[2026-01-07 21:57:44.910] GET    | https://dev-api-yodadiagnostics.yodaprojects.com/tests/getSampleType                                                     |   139 ms | Status: PASS
[2026-01-07 21:57:45.114] POST   | https://dev-api-yodadiagnostics.yodaprojects.com/order_tracking/updateOrderTracking                                      |   167 ms | Status: PASS
[2026-01-07 21:57:45.411] GET    | /order/getOrderById/f576aa1a-f654-476a-934a-7400e0ed8b0e                                                                 |   257 ms | Status: PASS
[2026-01-07 21:57:45.660] GET    | /order/getOrderById/f576aa1a-f654-476a-934a-7400e0ed8b0e                                                                 |   220 ms | Status: PASS
[2026-01-07 21:57:51.603] POST   | https://dev-api-yodadiagnostics.yodaprojects.com/order/approvepayment                                                    |  5866 ms | Status: FAIL (SLA Violation)
[2026-01-07 21:57:51.781] POST   | https://dev-api-yodadiagnostics.yodaprojects.com/gateway/getPaymentById                                                  |   105 ms | Status: PASS
[2026-01-07 21:59:49.386] POST   | /otps/getOtp                                                                                                             |   623 ms | Status: PASS
[2026-01-07 21:59:49.585] POST   | /otps/getOtp                                                                                                             |   179 ms | Status: PASS
[2026-01-07 21:59:50.480] POST   | /tests/getlocations                                                                                                      |   139 ms | Status: PASS
[2026-01-07 21:59:51.587] GET    | https://dev-api-yodamembership.yodaprojects.com/brand/getAllBrands                                                       |   185 ms | Status: PASS
[2026-01-07 21:59:52.353] POST   | tests/adminTests                                                                                                         |   414 ms | Status: PASS
[2026-01-07 21:59:52.841] POST   | tests/adminTests                                                                                                         |   445 ms | Status: PASS
[2026-01-07 21:59:53.006] POST   | /carts/v2/addCart                                                                                                        |   135 ms | Status: PASS
[2026-01-07 21:59:53.151] POST   | /carts/v2/addCart                                                                                                        |   131 ms | Status: PASS
[2026-01-07 21:59:53.525] GET    | /carts/v2/getCartById/6a7b0214-b5f0-4e9b-b6c4-cd6123898ed3                                                               |   301 ms | Status: PASS
[2026-01-07 21:59:53.788] POST   | /address/addAddress                                                                                                      |   144 ms | Status: PASS
[2026-01-07 21:59:53.916] GET    | /address/getAddressByUserId/6a7b0214-b5f0-4e9b-b6c4-cd6123898ed3                                                         |   120 ms | Status: PASS
[2026-01-07 21:59:54.172] POST   | /slot/getSlotCountByTime                                                                                                 |   152 ms | Status: PASS
[2026-01-07 21:59:54.337] POST   | /slot/getSlotCountByTime                                                                                                 |   142 ms | Status: PASS
[2026-01-07 21:59:54.524] POST   | /carts/v2/addCart                                                                                                        |   145 ms | Status: PASS
[2026-01-07 21:59:54.821] GET    | /carts/v2/getCartById/6a7b0214-b5f0-4e9b-b6c4-cd6123898ed3                                                               |   276 ms | Status: PASS
[2026-01-07 21:59:55.625] POST   | /gateway/v2/VerifyPayment                                                                                                |   732 ms | Status: PASS
[2026-01-07 21:59:55.803] POST   | https://dev-api-yodadiagnostics.yodaprojects.com/gateway/getPaymentById                                                  |   115 ms | Status: PASS
[2026-01-07 21:59:55.923] GET    | /carts/v2/getCartById/6a7b0214-b5f0-4e9b-b6c4-cd6123898ed3                                                               |   112 ms | Status: PASS
[2026-01-07 21:59:56.271] POST   | https://dev-api-yodadiagnostics.yodaprojects.com/phlebo/loginPhlebo                                                      |   241 ms | Status: PASS
[2026-01-07 21:59:56.945] POST   | https://dev-api-yodadiagnostics.yodaprojects.com/order_tracking/assignOrder                                              |   579 ms | Status: PASS
[2026-01-07 21:59:57.107] GET    | https://dev-api-yodadiagnostics.yodaprojects.com/order_tracking/getOrderTrackingStatus/02630a61-9e91-45cd-b3a8-cb8f0de291be |   110 ms | Status: PASS
[2026-01-07 21:59:57.250] POST   | https://dev-api-yodadiagnostics.yodaprojects.com/order_tracking/updateOrderTracking                                      |   115 ms | Status: PASS
[2026-01-07 21:59:57.379] GET    | https://dev-api-yodadiagnostics.yodaprojects.com/order_tracking/getOrderTrackingStatus/02630a61-9e91-45cd-b3a8-cb8f0de291be |   116 ms | Status: PASS
[2026-01-07 21:59:57.650] GET    | /order/getOrderById/4b29c9ac-5317-4884-a000-1b4426aa109a                                                                 |   243 ms | Status: PASS
[2026-01-07 21:59:58.150] POST   | https://dev-api-yodadiagnostics.yodaprojects.com/order_tracking/admin/verifyotp                                          |   459 ms | Status: PASS
[2026-01-07 21:59:58.296] GET    | https://dev-api-yodadiagnostics.yodaprojects.com/tests/getSampleType                                                     |   123 ms | Status: PASS
[2026-01-07 21:59:58.488] POST   | https://dev-api-yodadiagnostics.yodaprojects.com/order_tracking/updateOrderTracking                                      |   151 ms | Status: PASS
[2026-01-07 21:59:58.737] GET    | /order/getOrderById/4b29c9ac-5317-4884-a000-1b4426aa109a                                                                 |   217 ms | Status: PASS
[2026-01-07 21:59:58.989] GET    | /order/getOrderById/4b29c9ac-5317-4884-a000-1b4426aa109a                                                                 |   226 ms | Status: PASS
[2026-01-07 22:00:09.053] POST   | https://dev-api-yodadiagnostics.yodaprojects.com/order/approvepayment                                                    |  9980 ms | Status: FAIL (SLA Violation)
[2026-01-07 22:00:09.467] POST   | https://dev-api-yodadiagnostics.yodaprojects.com/gateway/getPaymentById                                                  |   350 ms | Status: PASS
[2026-01-07 22:07:58.762] POST   | /otps/getOtp                                                                                                             |   705 ms | Status: PASS
[2026-01-07 22:07:58.940] POST   | /otps/getOtp                                                                                                             |   153 ms | Status: PASS
[2026-01-07 22:07:59.805] POST   | /tests/getlocations                                                                                                      |   145 ms | Status: PASS
[2026-01-07 22:08:01.005] GET    | https://dev-api-yodamembership.yodaprojects.com/brand/getAllBrands                                                       |   193 ms | Status: PASS
[2026-01-07 22:08:01.969] POST   | tests/adminTests                                                                                                         |   557 ms | Status: PASS
[2026-01-07 22:08:02.685] POST   | tests/adminTests                                                                                                         |   671 ms | Status: PASS
[2026-01-07 22:08:02.870] POST   | /carts/v2/addCart                                                                                                        |   153 ms | Status: PASS
[2026-01-07 22:08:03.029] POST   | /carts/v2/addCart                                                                                                        |   144 ms | Status: PASS
[2026-01-07 22:08:03.424] GET    | /carts/v2/getCartById/6a7b0214-b5f0-4e9b-b6c4-cd6123898ed3                                                               |   281 ms | Status: PASS
[2026-01-07 22:08:03.689] POST   | /address/addAddress                                                                                                      |   153 ms | Status: PASS
[2026-01-07 22:08:03.816] GET    | /address/getAddressByUserId/6a7b0214-b5f0-4e9b-b6c4-cd6123898ed3                                                         |   117 ms | Status: PASS
[2026-01-07 22:08:04.170] POST   | /slot/getSlotCountByTime                                                                                                 |   176 ms | Status: PASS
[2026-01-07 22:08:04.343] POST   | /slot/getSlotCountByTime                                                                                                 |   151 ms | Status: PASS
[2026-01-07 22:08:04.526] POST   | /carts/v2/addCart                                                                                                        |   146 ms | Status: PASS
[2026-01-07 22:08:04.862] GET    | /carts/v2/getCartById/6a7b0214-b5f0-4e9b-b6c4-cd6123898ed3                                                               |   302 ms | Status: PASS
[2026-01-07 22:08:06.073] POST   | /gateway/v2/VerifyPayment                                                                                                |  1130 ms | Status: PASS
[2026-01-07 22:08:06.266] POST   | https://dev-api-yodadiagnostics.yodaprojects.com/gateway/getPaymentById                                                  |   131 ms | Status: PASS
[2026-01-07 22:08:06.385] GET    | /carts/v2/getCartById/6a7b0214-b5f0-4e9b-b6c4-cd6123898ed3                                                               |   113 ms | Status: PASS
[2026-01-07 22:08:06.738] POST   | https://dev-api-yodadiagnostics.yodaprojects.com/phlebo/loginPhlebo                                                      |   271 ms | Status: PASS
[2026-01-07 22:08:07.743] POST   | https://dev-api-yodadiagnostics.yodaprojects.com/order_tracking/assignOrder                                              |   886 ms | Status: PASS
[2026-01-07 22:08:07.898] GET    | https://dev-api-yodadiagnostics.yodaprojects.com/order_tracking/getOrderTrackingStatus/451c4553-f8f4-475a-b71c-29ecb60d74f6 |   108 ms | Status: PASS
[2026-01-07 22:08:08.050] POST   | https://dev-api-yodadiagnostics.yodaprojects.com/order_tracking/updateOrderTracking                                      |   134 ms | Status: PASS
[2026-01-07 22:08:08.299] GET    | https://dev-api-yodadiagnostics.yodaprojects.com/order_tracking/getOrderTrackingStatus/451c4553-f8f4-475a-b71c-29ecb60d74f6 |   229 ms | Status: PASS
[2026-01-07 22:08:08.583] GET    | /order/getOrderById/7a821da6-7b4c-4b3d-af7e-1e18e5cd2d48                                                                 |   260 ms | Status: PASS
[2026-01-07 22:08:09.185] POST   | https://dev-api-yodadiagnostics.yodaprojects.com/order_tracking/admin/verifyotp                                          |   568 ms | Status: PASS
[2026-01-07 22:08:09.357] GET    | https://dev-api-yodadiagnostics.yodaprojects.com/tests/getSampleType                                                     |   138 ms | Status: PASS
[2026-01-07 22:08:09.558] POST   | https://dev-api-yodadiagnostics.yodaprojects.com/order_tracking/updateOrderTracking                                      |   157 ms | Status: PASS
[2026-01-07 22:08:09.847] GET    | /order/getOrderById/7a821da6-7b4c-4b3d-af7e-1e18e5cd2d48                                                                 |   271 ms | Status: PASS
[2026-01-07 22:08:10.117] GET    | /order/getOrderById/7a821da6-7b4c-4b3d-af7e-1e18e5cd2d48                                                                 |   243 ms | Status: PASS
[2026-01-07 22:08:16.170] POST   | https://dev-api-yodadiagnostics.yodaprojects.com/order/approvepayment                                                    |  5942 ms | Status: FAIL (SLA Violation)
[2026-01-07 22:08:16.406] POST   | https://dev-api-yodadiagnostics.yodaprojects.com/gateway/getPaymentById                                                  |   160 ms | Status: PASS
[2026-01-07 22:10:26.073] POST   | /otps/getOtp                                                                                                             |   641 ms | Status: PASS
[2026-01-07 22:10:26.298] POST   | /otps/getOtp                                                                                                             |   200 ms | Status: PASS
[2026-01-07 22:10:27.102] POST   | /tests/getlocations                                                                                                      |   102 ms | Status: PASS
[2026-01-07 22:10:28.249] GET    | https://dev-api-yodamembership.yodaprojects.com/brand/getAllBrands                                                       |   188 ms | Status: PASS
[2026-01-07 22:10:29.325] POST   | tests/adminTests                                                                                                         |   738 ms | Status: PASS
[2026-01-07 22:10:29.941] POST   | tests/adminTests                                                                                                         |   551 ms | Status: PASS
[2026-01-07 22:10:30.143] POST   | /carts/v2/addCart                                                                                                        |   184 ms | Status: PASS
[2026-01-07 22:10:30.359] POST   | /carts/v2/addCart                                                                                                        |   201 ms | Status: PASS
[2026-01-07 22:10:30.973] GET    | /carts/v2/getCartById/6a7b0214-b5f0-4e9b-b6c4-cd6123898ed3                                                               |   514 ms | Status: PASS
[2026-01-07 22:10:31.187] POST   | /address/addAddress                                                                                                      |   145 ms | Status: PASS
[2026-01-07 22:10:31.402] GET    | /address/getAddressByUserId/6a7b0214-b5f0-4e9b-b6c4-cd6123898ed3                                                         |   206 ms | Status: PASS
[2026-01-07 22:10:31.698] POST   | /slot/getSlotCountByTime                                                                                                 |   165 ms | Status: PASS
[2026-01-07 22:10:31.890] POST   | /slot/getSlotCountByTime                                                                                                 |   167 ms | Status: PASS
[2026-01-07 22:10:32.063] POST   | /carts/v2/addCart                                                                                                        |   133 ms | Status: PASS
[2026-01-07 22:10:32.644] GET    | /carts/v2/getCartById/6a7b0214-b5f0-4e9b-b6c4-cd6123898ed3                                                               |   554 ms | Status: PASS
[2026-01-07 22:10:34.116] POST   | /gateway/v2/VerifyPayment                                                                                                |  1425 ms | Status: PASS
[2026-01-07 22:10:34.286] POST   | https://dev-api-yodadiagnostics.yodaprojects.com/gateway/getPaymentById                                                  |    92 ms | Status: PASS
[2026-01-07 22:10:34.413] GET    | /carts/v2/getCartById/6a7b0214-b5f0-4e9b-b6c4-cd6123898ed3                                                               |   121 ms | Status: PASS
[2026-01-07 22:10:34.862] POST   | https://dev-api-yodadiagnostics.yodaprojects.com/phlebo/loginPhlebo                                                      |   367 ms | Status: PASS
[2026-01-07 22:10:35.559] POST   | https://dev-api-yodadiagnostics.yodaprojects.com/order_tracking/assignOrder                                              |   604 ms | Status: PASS
[2026-01-07 22:10:35.754] GET    | https://dev-api-yodadiagnostics.yodaprojects.com/order_tracking/getOrderTrackingStatus/fec1e03d-6fcf-4e97-8ee9-d683d162577e |   120 ms | Status: PASS
[2026-01-07 22:10:36.063] POST   | https://dev-api-yodadiagnostics.yodaprojects.com/order_tracking/updateOrderTracking                                      |   274 ms | Status: PASS
[2026-01-07 22:10:36.206] GET    | https://dev-api-yodadiagnostics.yodaprojects.com/order_tracking/getOrderTrackingStatus/fec1e03d-6fcf-4e97-8ee9-d683d162577e |   126 ms | Status: PASS
[2026-01-07 22:10:37.149] GET    | /order/getOrderById/64876e7f-bd29-47f4-95cb-69ae8135fd9b                                                                 |   928 ms | Status: PASS
[2026-01-07 22:10:37.778] POST   | https://dev-api-yodadiagnostics.yodaprojects.com/order_tracking/admin/verifyotp                                          |   580 ms | Status: PASS
[2026-01-07 22:10:37.977] GET    | https://dev-api-yodadiagnostics.yodaprojects.com/tests/getSampleType                                                     |   143 ms | Status: PASS
[2026-01-07 22:10:38.179] POST   | https://dev-api-yodadiagnostics.yodaprojects.com/order_tracking/updateOrderTracking                                      |   168 ms | Status: PASS
[2026-01-07 22:10:38.523] GET    | /order/getOrderById/64876e7f-bd29-47f4-95cb-69ae8135fd9b                                                                 |   312 ms | Status: PASS
[2026-01-07 22:10:38.820] GET    | /order/getOrderById/64876e7f-bd29-47f4-95cb-69ae8135fd9b                                                                 |   267 ms | Status: PASS
[2026-01-07 22:10:45.012] POST   | https://dev-api-yodadiagnostics.yodaprojects.com/order/approvepayment                                                    |  6052 ms | Status: FAIL (SLA Violation)
[2026-01-07 22:10:45.175] POST   | https://dev-api-yodadiagnostics.yodaprojects.com/gateway/getPaymentById                                                  |    84 ms | Status: PASS
[2026-01-07 22:31:06.690] POST   | /otps/getOtp                                                                                                             |  1125 ms | Status: PASS
[2026-01-07 22:31:06.893] POST   | /otps/getOtp                                                                                                             |   170 ms | Status: PASS
[2026-01-07 22:31:08.343] POST   | /tests/getlocations                                                                                                      |   315 ms | Status: PASS
[2026-01-07 22:31:10.556] GET    | https://dev-api-yodamembership.yodaprojects.com/brand/getAllBrands                                                       |   759 ms | Status: PASS
[2026-01-07 22:31:11.713] POST   | tests/adminTests                                                                                                         |   591 ms | Status: PASS
[2026-01-07 22:31:12.312] POST   | tests/adminTests                                                                                                         |   530 ms | Status: PASS
[2026-01-07 22:31:12.493] POST   | /carts/v2/addCart                                                                                                        |   149 ms | Status: PASS
[2026-01-07 22:31:12.681] POST   | /carts/v2/addCart                                                                                                        |   167 ms | Status: PASS
[2026-01-07 22:31:13.051] GET    | /carts/v2/getCartById/6a7b0214-b5f0-4e9b-b6c4-cd6123898ed3                                                               |   264 ms | Status: PASS
[2026-01-07 22:31:13.361] POST   | /address/addAddress                                                                                                      |   131 ms | Status: PASS
[2026-01-07 22:31:13.520] GET    | /address/getAddressByUserId/6a7b0214-b5f0-4e9b-b6c4-cd6123898ed3                                                         |   145 ms | Status: PASS
[2026-01-07 22:31:13.904] POST   | /slot/getSlotCountByTime                                                                                                 |   184 ms | Status: PASS
[2026-01-07 22:31:14.115] POST   | /slot/getSlotCountByTime                                                                                                 |   180 ms | Status: PASS
[2026-01-07 22:31:14.296] POST   | /carts/v2/addCart                                                                                                        |   146 ms | Status: PASS
[2026-01-07 22:31:14.693] GET    | /carts/v2/getCartById/6a7b0214-b5f0-4e9b-b6c4-cd6123898ed3                                                               |   366 ms | Status: PASS
[2026-01-07 22:31:15.671] POST   | /gateway/v2/VerifyPayment                                                                                                |   909 ms | Status: PASS
[2026-01-07 22:31:15.914] POST   | https://dev-api-yodadiagnostics.yodaprojects.com/gateway/getPaymentById                                                  |   109 ms | Status: PASS
[2026-01-07 22:31:16.046] GET    | /carts/v2/getCartById/6a7b0214-b5f0-4e9b-b6c4-cd6123898ed3                                                               |   117 ms | Status: PASS
[2026-01-07 22:31:16.818] POST   | https://dev-api-yodadiagnostics.yodaprojects.com/phlebo/loginPhlebo                                                      |   620 ms | Status: PASS
[2026-01-07 22:31:18.035] POST   | https://dev-api-yodadiagnostics.yodaprojects.com/order_tracking/assignOrder                                              |  1046 ms | Status: PASS
[2026-01-07 22:31:18.233] GET    | https://dev-api-yodadiagnostics.yodaprojects.com/order_tracking/getOrderTrackingStatus/aa17100f-cb22-40af-98b0-68ed3b4eea0c |   117 ms | Status: PASS
[2026-01-07 22:31:18.402] POST   | https://dev-api-yodadiagnostics.yodaprojects.com/order_tracking/updateOrderTracking                                      |   134 ms | Status: PASS
[2026-01-07 22:31:18.514] GET    | https://dev-api-yodadiagnostics.yodaprojects.com/order_tracking/getOrderTrackingStatus/aa17100f-cb22-40af-98b0-68ed3b4eea0c |    79 ms | Status: PASS
[2026-01-07 22:31:18.800] GET    | /order/getOrderById/a88da213-cbf4-4da7-bd80-dfb2b7534d86                                                                 |   255 ms | Status: PASS
[2026-01-07 22:31:19.584] POST   | https://dev-api-yodadiagnostics.yodaprojects.com/order_tracking/admin/verifyotp                                          |   720 ms | Status: PASS
[2026-01-07 22:31:19.735] GET    | https://dev-api-yodadiagnostics.yodaprojects.com/tests/getSampleType                                                     |   119 ms | Status: PASS
[2026-01-07 22:31:19.985] POST   | https://dev-api-yodadiagnostics.yodaprojects.com/order_tracking/updateOrderTracking                                      |   199 ms | Status: PASS
[2026-01-07 22:31:20.253] GET    | /order/getOrderById/a88da213-cbf4-4da7-bd80-dfb2b7534d86                                                                 |   227 ms | Status: PASS
[2026-01-07 22:31:20.490] GET    | /order/getOrderById/a88da213-cbf4-4da7-bd80-dfb2b7534d86                                                                 |   181 ms | Status: PASS
[2026-01-07 22:31:25.926] POST   | https://dev-api-yodadiagnostics.yodaprojects.com/order/approvepayment                                                    |  5316 ms | Status: FAIL (SLA Violation)
[2026-01-07 22:31:26.629] POST   | https://dev-api-yodadiagnostics.yodaprojects.com/gateway/getPaymentById                                                  |   594 ms | Status: PASS
[2026-01-07 22:45:40.497] POST   | /otps/getOtp                                                                                                             |   883 ms | Status: PASS
[2026-01-07 22:45:40.716] POST   | /otps/getOtp                                                                                                             |   194 ms | Status: PASS
[2026-01-07 22:45:42.348] POST   | /tests/getlocations                                                                                                      |   562 ms | Status: PASS
[2026-01-07 22:45:44.417] GET    | https://dev-api-yodamembership.yodaprojects.com/brand/getAllBrands                                                       |   582 ms | Status: PASS
[2026-01-07 22:45:45.543] POST   | tests/adminTests                                                                                                         |   545 ms | Status: PASS
[2026-01-07 22:45:46.026] POST   | tests/adminTests                                                                                                         |   431 ms | Status: PASS
[2026-01-07 22:45:46.378] POST   | /carts/v2/addCart                                                                                                        |   318 ms | Status: PASS
[2026-01-07 22:45:46.867] POST   | /carts/v2/addCart                                                                                                        |   468 ms | Status: PASS
[2026-01-07 22:45:47.589] GET    | /carts/v2/getCartById/6a7b0214-b5f0-4e9b-b6c4-cd6123898ed3                                                               |   599 ms | Status: PASS
[2026-01-07 22:45:47.942] POST   | /address/addAddress                                                                                                      |   190 ms | Status: PASS
[2026-01-07 22:45:48.099] GET    | /address/getAddressByUserId/6a7b0214-b5f0-4e9b-b6c4-cd6123898ed3                                                         |   134 ms | Status: PASS
[2026-01-07 22:45:48.494] POST   | /slot/getSlotCountByTime                                                                                                 |   194 ms | Status: PASS
[2026-01-07 22:45:48.683] POST   | /slot/getSlotCountByTime                                                                                                 |   161 ms | Status: PASS
[2026-01-07 22:45:49.026] POST   | /carts/v2/addCart                                                                                                        |   317 ms | Status: PASS
[2026-01-07 22:45:49.362] GET    | /carts/v2/getCartById/6a7b0214-b5f0-4e9b-b6c4-cd6123898ed3                                                               |   307 ms | Status: PASS
[2026-01-07 22:45:51.357] POST   | /gateway/v2/VerifyPayment                                                                                                |  1910 ms | Status: PASS
[2026-01-07 22:45:51.611] POST   | https://dev-api-yodadiagnostics.yodaprojects.com/gateway/getPaymentById                                                  |   133 ms | Status: PASS
[2026-01-07 22:45:51.976] GET    | /carts/v2/getCartById/6a7b0214-b5f0-4e9b-b6c4-cd6123898ed3                                                               |   355 ms | Status: PASS
[2026-01-07 22:45:52.864] POST   | https://dev-api-yodadiagnostics.yodaprojects.com/phlebo/loginPhlebo                                                      |   779 ms | Status: PASS
[2026-01-07 22:45:53.829] POST   | https://dev-api-yodadiagnostics.yodaprojects.com/order_tracking/assignOrder                                              |   851 ms | Status: PASS
[2026-01-07 22:45:54.026] GET    | https://dev-api-yodadiagnostics.yodaprojects.com/order_tracking/getOrderTrackingStatus/faf65574-fc03-44ac-8c32-cf3d071cc111 |   122 ms | Status: PASS
[2026-01-07 22:45:54.209] POST   | https://dev-api-yodadiagnostics.yodaprojects.com/order_tracking/updateOrderTracking                                      |   146 ms | Status: PASS
[2026-01-07 22:45:54.353] GET    | https://dev-api-yodadiagnostics.yodaprojects.com/order_tracking/getOrderTrackingStatus/faf65574-fc03-44ac-8c32-cf3d071cc111 |   121 ms | Status: PASS
[2026-01-07 22:45:54.612] GET    | /order/getOrderById/faf9d327-6f50-4c44-90ca-00e043c4cd48                                                                 |   242 ms | Status: PASS
[2026-01-07 22:45:55.064] POST   | https://dev-api-yodadiagnostics.yodaprojects.com/order_tracking/admin/verifyotp                                          |   397 ms | Status: PASS
[2026-01-07 22:45:55.226] GET    | https://dev-api-yodadiagnostics.yodaprojects.com/tests/getSampleType                                                     |   136 ms | Status: PASS
[2026-01-07 22:45:55.417] POST   | https://dev-api-yodadiagnostics.yodaprojects.com/order_tracking/updateOrderTracking                                      |   142 ms | Status: PASS
[2026-01-07 22:45:55.721] GET    | /order/getOrderById/faf9d327-6f50-4c44-90ca-00e043c4cd48                                                                 |   271 ms | Status: PASS
[2026-01-07 22:45:55.977] GET    | /order/getOrderById/faf9d327-6f50-4c44-90ca-00e043c4cd48                                                                 |   214 ms | Status: PASS
[2026-01-07 22:46:01.678] POST   | https://dev-api-yodadiagnostics.yodaprojects.com/order/approvepayment                                                    |  5573 ms | Status: FAIL (SLA Violation)
[2026-01-07 22:46:04.031] POST   | https://dev-api-yodadiagnostics.yodaprojects.com/gateway/getPaymentById                                                  |  2255 ms | Status: PASS
[2026-01-07 22:54:05.943] POST   | /otps/getOtp                                                                                                             |   913 ms | Status: PASS
[2026-01-07 22:54:06.147] POST   | /otps/getOtp                                                                                                             |   170 ms | Status: PASS
[2026-01-07 22:54:07.409] POST   | /tests/getlocations                                                                                                      |   169 ms | Status: PASS
[2026-01-07 22:54:09.319] GET    | https://dev-api-yodamembership.yodaprojects.com/brand/getAllBrands                                                       |   274 ms | Status: PASS
[2026-01-07 22:54:10.564] POST   | tests/adminTests                                                                                                         |   692 ms | Status: PASS
[2026-01-07 22:54:11.156] POST   | tests/adminTests                                                                                                         |   531 ms | Status: PASS
[2026-01-07 22:54:11.644] POST   | /carts/v2/addCart                                                                                                        |   457 ms | Status: PASS
[2026-01-07 22:54:11.819] POST   | /carts/v2/addCart                                                                                                        |   152 ms | Status: PASS
[2026-01-07 22:54:12.217] GET    | /carts/v2/getCartById/6a7b0214-b5f0-4e9b-b6c4-cd6123898ed3                                                               |   293 ms | Status: PASS
[2026-01-07 22:54:12.577] POST   | /address/addAddress                                                                                                      |   206 ms | Status: PASS
[2026-01-07 22:54:12.738] GET    | /address/getAddressByUserId/6a7b0214-b5f0-4e9b-b6c4-cd6123898ed3                                                         |   146 ms | Status: PASS
[2026-01-07 22:54:13.037] POST   | /slot/getSlotCountByTime                                                                                                 |   149 ms | Status: PASS
[2026-01-07 22:54:13.226] POST   | /slot/getSlotCountByTime                                                                                                 |   149 ms | Status: PASS
[2026-01-07 22:54:13.422] POST   | /carts/v2/addCart                                                                                                        |   155 ms | Status: PASS
[2026-01-07 22:54:13.719] GET    | /carts/v2/getCartById/6a7b0214-b5f0-4e9b-b6c4-cd6123898ed3                                                               |   273 ms | Status: PASS
[2026-01-07 22:54:14.684] POST   | /gateway/v2/VerifyPayment                                                                                                |   845 ms | Status: PASS
[2026-01-07 22:54:14.946] POST   | https://dev-api-yodadiagnostics.yodaprojects.com/gateway/getPaymentById                                                  |   129 ms | Status: PASS
[2026-01-07 22:54:15.074] GET    | /carts/v2/getCartById/6a7b0214-b5f0-4e9b-b6c4-cd6123898ed3                                                               |   116 ms | Status: PASS
[2026-01-07 22:54:15.430] POST   | https://dev-api-yodadiagnostics.yodaprojects.com/phlebo/loginPhlebo                                                      |   251 ms | Status: PASS
[2026-01-07 22:54:16.349] POST   | https://dev-api-yodadiagnostics.yodaprojects.com/order_tracking/assignOrder                                              |   817 ms | Status: PASS
[2026-01-07 22:54:16.526] GET    | https://dev-api-yodadiagnostics.yodaprojects.com/order_tracking/getOrderTrackingStatus/2342991d-9111-4490-9f44-1141a8e278d6 |   123 ms | Status: PASS
[2026-01-07 22:54:16.702] POST   | https://dev-api-yodadiagnostics.yodaprojects.com/order_tracking/updateOrderTracking                                      |   145 ms | Status: PASS
[2026-01-07 22:54:16.844] GET    | https://dev-api-yodadiagnostics.yodaprojects.com/order_tracking/getOrderTrackingStatus/2342991d-9111-4490-9f44-1141a8e278d6 |   125 ms | Status: PASS
[2026-01-07 22:54:17.126] GET    | /order/getOrderById/67274a46-3c66-4d1b-8b59-fb14cfaa1f29                                                                 |   258 ms | Status: PASS
[2026-01-07 22:54:17.858] POST   | https://dev-api-yodadiagnostics.yodaprojects.com/order_tracking/admin/verifyotp                                          |   674 ms | Status: PASS
[2026-01-07 22:54:18.017] GET    | https://dev-api-yodadiagnostics.yodaprojects.com/tests/getSampleType                                                     |   120 ms | Status: PASS
[2026-01-07 22:54:18.188] POST   | https://dev-api-yodadiagnostics.yodaprojects.com/order_tracking/updateOrderTracking                                      |   129 ms | Status: PASS
[2026-01-07 22:54:18.444] GET    | /order/getOrderById/67274a46-3c66-4d1b-8b59-fb14cfaa1f29                                                                 |   224 ms | Status: PASS
[2026-01-07 22:54:18.953] GET    | /order/getOrderById/67274a46-3c66-4d1b-8b59-fb14cfaa1f29                                                                 |   437 ms | Status: PASS
[2026-01-07 22:54:24.678] POST   | https://dev-api-yodadiagnostics.yodaprojects.com/order/approvepayment                                                    |  5595 ms | Status: FAIL (SLA Violation)
[2026-01-07 22:54:25.060] POST   | https://dev-api-yodadiagnostics.yodaprojects.com/gateway/getPaymentById                                                  |   280 ms | Status: PASS
[2026-01-07 22:58:26.193] POST   | /otps/getOtp                                                                                                             |   833 ms | Status: PASS
[2026-01-07 22:58:26.475] POST   | /otps/getOtp                                                                                                             |   259 ms | Status: PASS
[2026-01-07 22:58:28.400] POST   | /tests/getlocations                                                                                                      |   903 ms | Status: PASS
[2026-01-07 22:58:29.956] GET    | https://dev-api-yodamembership.yodaprojects.com/brand/getAllBrands                                                       |   204 ms | Status: PASS
[2026-01-07 22:58:30.800] POST   | tests/adminTests                                                                                                         |   368 ms | Status: PASS
[2026-01-07 22:58:31.167] POST   | tests/adminTests                                                                                                         |   310 ms | Status: PASS
[2026-01-07 22:58:31.340] POST   | /carts/v2/addCart                                                                                                        |   145 ms | Status: PASS
[2026-01-07 22:58:31.534] POST   | /carts/v2/addCart                                                                                                        |   174 ms | Status: PASS
[2026-01-07 22:58:31.930] GET    | /carts/v2/getCartById/6a7b0214-b5f0-4e9b-b6c4-cd6123898ed3                                                               |   300 ms | Status: PASS
[2026-01-07 22:58:32.233] POST   | /address/addAddress                                                                                                      |   173 ms | Status: PASS
[2026-01-07 22:58:32.396] GET    | /address/getAddressByUserId/6a7b0214-b5f0-4e9b-b6c4-cd6123898ed3                                                         |   152 ms | Status: PASS
[2026-01-07 22:58:32.695] POST   | /slot/getSlotCountByTime                                                                                                 |   120 ms | Status: PASS
[2026-01-07 22:58:32.835] POST   | /slot/getSlotCountByTime                                                                                                 |   112 ms | Status: PASS
[2026-01-07 22:58:33.004] POST   | /carts/v2/addCart                                                                                                        |   136 ms | Status: PASS
[2026-01-07 22:58:33.360] GET    | /carts/v2/getCartById/6a7b0214-b5f0-4e9b-b6c4-cd6123898ed3                                                               |   329 ms | Status: PASS
[2026-01-07 22:58:34.397] POST   | /gateway/v2/VerifyPayment                                                                                                |   959 ms | Status: PASS
[2026-01-07 22:58:34.641] POST   | https://dev-api-yodadiagnostics.yodaprojects.com/gateway/getPaymentById                                                  |   142 ms | Status: PASS
[2026-01-07 22:58:34.826] GET    | /carts/v2/getCartById/6a7b0214-b5f0-4e9b-b6c4-cd6123898ed3                                                               |   178 ms | Status: PASS
[2026-01-07 22:58:36.218] POST   | https://dev-api-yodadiagnostics.yodaprojects.com/phlebo/loginPhlebo                                                      |  1296 ms | Status: PASS
[2026-01-07 22:58:37.088] POST   | https://dev-api-yodadiagnostics.yodaprojects.com/order_tracking/assignOrder                                              |   781 ms | Status: PASS
[2026-01-07 22:58:37.222] GET    | https://dev-api-yodadiagnostics.yodaprojects.com/order_tracking/getOrderTrackingStatus/9da5e94f-dc6f-48b1-93a5-f384184672e0 |    73 ms | Status: PASS
[2026-01-07 22:58:37.393] POST   | https://dev-api-yodadiagnostics.yodaprojects.com/order_tracking/updateOrderTracking                                      |   144 ms | Status: PASS
[2026-01-07 22:58:37.508] GET    | https://dev-api-yodadiagnostics.yodaprojects.com/order_tracking/getOrderTrackingStatus/9da5e94f-dc6f-48b1-93a5-f384184672e0 |   104 ms | Status: PASS
[2026-01-07 22:58:37.745] GET    | /order/getOrderById/6263d006-fb23-47b7-9bd5-1e6bcc806232                                                                 |   220 ms | Status: PASS
[2026-01-07 22:58:38.315] POST   | https://dev-api-yodadiagnostics.yodaprojects.com/order_tracking/admin/verifyotp                                          |   506 ms | Status: PASS
[2026-01-07 22:58:38.435] GET    | https://dev-api-yodadiagnostics.yodaprojects.com/tests/getSampleType                                                     |    88 ms | Status: PASS
[2026-01-07 22:58:38.597] POST   | https://dev-api-yodadiagnostics.yodaprojects.com/order_tracking/updateOrderTracking                                      |   134 ms | Status: PASS
[2026-01-07 22:58:38.931] GET    | /order/getOrderById/6263d006-fb23-47b7-9bd5-1e6bcc806232                                                                 |   308 ms | Status: PASS
[2026-01-07 22:58:39.193] GET    | /order/getOrderById/6263d006-fb23-47b7-9bd5-1e6bcc806232                                                                 |   225 ms | Status: PASS
[2026-01-07 22:58:44.746] POST   | https://dev-api-yodadiagnostics.yodaprojects.com/order/approvepayment                                                    |  5464 ms | Status: FAIL (SLA Violation)
[2026-01-07 22:58:45.413] POST   | https://dev-api-yodadiagnostics.yodaprojects.com/gateway/getPaymentById                                                  |   574 ms | Status: PASS
[2026-01-07 23:00:07.634] POST   | /otps/getOtp                                                                                                             |   828 ms | Status: PASS
[2026-01-07 23:00:07.744] POST   | /otps/getOtp                                                                                                             |    93 ms | Status: PASS
[2026-01-07 23:00:08.758] POST   | /tests/getlocations                                                                                                      |   122 ms | Status: PASS
[2026-01-07 23:00:10.368] GET    | https://dev-api-yodamembership.yodaprojects.com/brand/getAllBrands                                                       |   204 ms | Status: PASS
[2026-01-07 23:00:11.131] POST   | tests/adminTests                                                                                                         |   311 ms | Status: PASS
[2026-01-07 23:00:11.499] POST   | tests/adminTests                                                                                                         |   321 ms | Status: PASS
[2026-01-07 23:00:11.901] POST   | /carts/v2/addCart                                                                                                        |   376 ms | Status: PASS
[2026-01-07 23:00:12.209] POST   | /carts/v2/addCart                                                                                                        |   289 ms | Status: PASS
[2026-01-07 23:00:12.818] GET    | /carts/v2/getCartById/6a7b0214-b5f0-4e9b-b6c4-cd6123898ed3                                                               |   498 ms | Status: PASS
[2026-01-07 23:00:13.247] POST   | /address/addAddress                                                                                                      |   306 ms | Status: PASS
[2026-01-07 23:00:13.366] GET    | /address/getAddressByUserId/6a7b0214-b5f0-4e9b-b6c4-cd6123898ed3                                                         |    98 ms | Status: PASS
[2026-01-07 23:00:13.673] POST   | /slot/getSlotCountByTime                                                                                                 |   165 ms | Status: PASS
[2026-01-07 23:00:13.815] POST   | /slot/getSlotCountByTime                                                                                                 |   108 ms | Status: PASS
[2026-01-07 23:00:13.931] POST   | /carts/v2/addCart                                                                                                        |    90 ms | Status: PASS
[2026-01-07 23:00:14.228] GET    | /carts/v2/getCartById/6a7b0214-b5f0-4e9b-b6c4-cd6123898ed3                                                               |   272 ms | Status: PASS
[2026-01-07 23:00:15.248] POST   | /gateway/v2/VerifyPayment                                                                                                |   920 ms | Status: PASS
[2026-01-07 23:00:16.326] POST   | https://dev-api-yodadiagnostics.yodaprojects.com/gateway/getPaymentById                                                  |   947 ms | Status: PASS
[2026-01-07 23:00:16.481] GET    | /carts/v2/getCartById/6a7b0214-b5f0-4e9b-b6c4-cd6123898ed3                                                               |   146 ms | Status: PASS
[2026-01-07 23:00:17.909] POST   | https://dev-api-yodadiagnostics.yodaprojects.com/phlebo/loginPhlebo                                                      |  1345 ms | Status: PASS
[2026-01-07 23:00:18.524] POST   | https://dev-api-yodadiagnostics.yodaprojects.com/order_tracking/assignOrder                                              |   518 ms | Status: PASS
[2026-01-07 23:00:18.677] GET    | https://dev-api-yodadiagnostics.yodaprojects.com/order_tracking/getOrderTrackingStatus/120d7b18-2e82-434e-9479-a2965a6a0fc9 |    90 ms | Status: PASS
[2026-01-07 23:00:18.832] POST   | https://dev-api-yodadiagnostics.yodaprojects.com/order_tracking/updateOrderTracking                                      |   128 ms | Status: PASS
[2026-01-07 23:00:18.933] GET    | https://dev-api-yodadiagnostics.yodaprojects.com/order_tracking/getOrderTrackingStatus/120d7b18-2e82-434e-9479-a2965a6a0fc9 |    85 ms | Status: PASS
[2026-01-07 23:00:19.375] GET    | /order/getOrderById/d762628f-c992-442d-b66d-7a38b1b788ff                                                                 |   417 ms | Status: PASS
[2026-01-07 23:00:19.920] POST   | https://dev-api-yodadiagnostics.yodaprojects.com/order_tracking/admin/verifyotp                                          |   494 ms | Status: PASS
[2026-01-07 23:00:20.290] GET    | https://dev-api-yodadiagnostics.yodaprojects.com/tests/getSampleType                                                     |   347 ms | Status: PASS
[2026-01-07 23:00:20.959] POST   | https://dev-api-yodadiagnostics.yodaprojects.com/order_tracking/updateOrderTracking                                      |   642 ms | Status: PASS
[2026-01-07 23:00:21.323] GET    | /order/getOrderById/d762628f-c992-442d-b66d-7a38b1b788ff                                                                 |   340 ms | Status: PASS
[2026-01-07 23:00:21.581] GET    | /order/getOrderById/d762628f-c992-442d-b66d-7a38b1b788ff                                                                 |   223 ms | Status: PASS
[2026-01-07 23:00:27.641] POST   | https://dev-api-yodadiagnostics.yodaprojects.com/order/approvepayment                                                    |  5941 ms | Status: FAIL (SLA Violation)
[2026-01-07 23:00:27.902] POST   | https://dev-api-yodadiagnostics.yodaprojects.com/gateway/getPaymentById                                                  |   176 ms | Status: PASS
[2026-01-08 14:17:53.742] POST   | /otps/getOtp                                                                                                             |  1437 ms | Status: PASS
[2026-01-08 14:17:54.027] POST   | /otps/getOtp                                                                                                             |   220 ms | Status: PASS
[2026-01-08 14:17:56.465] POST   | /tests/getlocations                                                                                                      |   382 ms | Status: PASS
[2026-01-08 14:17:58.813] GET    | https://dev-api-yodamembership.yodaprojects.com/brand/getAllBrands                                                       |   274 ms | Status: PASS
[2026-01-08 14:18:00.701] POST   | tests/adminTests                                                                                                         |   985 ms | Status: PASS
[2026-01-08 14:18:01.550] POST   | tests/adminTests                                                                                                         |   765 ms | Status: PASS
[2026-01-08 14:18:01.783] POST   | /carts/v2/addCart                                                                                                        |   196 ms | Status: PASS
[2026-01-08 14:18:02.204] POST   | /carts/v2/addCart                                                                                                        |   393 ms | Status: PASS
[2026-01-08 14:18:02.638] GET    | /carts/v2/getCartById/6a7b0214-b5f0-4e9b-b6c4-cd6123898ed3                                                               |   293 ms | Status: PASS
[2026-01-08 14:18:03.022] POST   | /address/addAddress                                                                                                      |   217 ms | Status: PASS
[2026-01-08 14:18:03.195] GET    | /address/getAddressByUserId/6a7b0214-b5f0-4e9b-b6c4-cd6123898ed3                                                         |   160 ms | Status: PASS
[2026-01-08 14:18:03.654] POST   | /slot/getSlotCountByTime                                                                                                 |   240 ms | Status: PASS
[2026-01-08 14:18:03.903] POST   | /carts/v2/addCart                                                                                                        |   207 ms | Status: PASS
[2026-01-08 14:18:04.404] GET    | /carts/v2/getCartById/6a7b0214-b5f0-4e9b-b6c4-cd6123898ed3                                                               |   469 ms | Status: PASS
[2026-01-08 14:18:05.507] POST   | /gateway/v2/VerifyPayment                                                                                                |  1016 ms | Status: PASS
[2026-01-08 14:18:05.985] POST   | https://dev-api-yodadiagnostics.yodaprojects.com/gateway/getPaymentById                                                  |   258 ms | Status: PASS
[2026-01-08 14:18:06.173] GET    | /carts/v2/getCartById/6a7b0214-b5f0-4e9b-b6c4-cd6123898ed3                                                               |   173 ms | Status: PASS
[2026-01-08 14:18:07.043] POST   | https://dev-api-yodadiagnostics.yodaprojects.com/phlebo/loginPhlebo                                                      |   739 ms | Status: PASS
[2026-01-08 14:18:08.115] POST   | https://dev-api-yodadiagnostics.yodaprojects.com/order_tracking/assignOrder                                              |   945 ms | Status: PASS
[2026-01-08 14:18:08.583] GET    | https://dev-api-yodadiagnostics.yodaprojects.com/order_tracking/getOrderTrackingStatus/2173e214-b287-4ce9-93ea-a6d81b51bc86 |   395 ms | Status: PASS
[2026-01-08 14:18:08.863] POST   | https://dev-api-yodadiagnostics.yodaprojects.com/order_tracking/updateOrderTracking                                      |   242 ms | Status: PASS
[2026-01-08 14:18:09.166] GET    | https://dev-api-yodadiagnostics.yodaprojects.com/order_tracking/getOrderTrackingStatus/2173e214-b287-4ce9-93ea-a6d81b51bc86 |   287 ms | Status: PASS
[2026-01-08 14:18:09.611] GET    | /order/getOrderById/5372ced7-f339-4327-9833-c7c891e383c7                                                                 |   420 ms | Status: PASS
[2026-01-08 14:18:10.633] POST   | https://dev-api-yodadiagnostics.yodaprojects.com/order_tracking/admin/verifyotp                                          |   971 ms | Status: PASS
[2026-01-08 14:18:10.903] GET    | https://dev-api-yodadiagnostics.yodaprojects.com/tests/getSampleType                                                     |   234 ms | Status: PASS
[2026-01-08 14:18:11.282] POST   | https://dev-api-yodadiagnostics.yodaprojects.com/order_tracking/updateOrderTracking                                      |   345 ms | Status: PASS
[2026-01-08 14:18:11.538] GET    | /order/getOrderById/5372ced7-f339-4327-9833-c7c891e383c7                                                                 |   225 ms | Status: PASS
[2026-01-08 14:18:12.327] GET    | /order/getOrderById/5372ced7-f339-4327-9833-c7c891e383c7                                                                 |   738 ms | Status: PASS
[2026-01-08 14:18:15.514] POST   | https://dev-api-yodadiagnostics.yodaprojects.com/order/approvepayment                                                    |  3051 ms | Status: FAIL (SLA Violation)
[2026-01-08 14:18:16.163] POST   | https://dev-api-yodadiagnostics.yodaprojects.com/gateway/getPaymentById                                                  |   482 ms | Status: PASS
[2026-01-08 14:25:30.114] POST   | /otps/getOtp                                                                                                             |   983 ms | Status: PASS
[2026-01-08 14:25:30.331] POST   | /otps/getOtp                                                                                                             |   191 ms | Status: PASS
[2026-01-08 14:25:31.834] POST   | /tests/getlocations                                                                                                      |   165 ms | Status: PASS
[2026-01-08 14:25:33.497] GET    | https://dev-api-yodamembership.yodaprojects.com/brand/getAllBrands                                                       |   264 ms | Status: PASS
[2026-01-08 14:25:35.152] POST   | tests/adminTests                                                                                                         |  1078 ms | Status: PASS
[2026-01-08 14:25:35.828] POST   | tests/adminTests                                                                                                         |   602 ms | Status: PASS
[2026-01-08 14:25:36.044] POST   | /carts/v2/addCart                                                                                                        |   173 ms | Status: PASS
[2026-01-08 14:25:36.255] POST   | /carts/v2/addCart                                                                                                        |   183 ms | Status: PASS
[2026-01-08 14:25:36.694] GET    | /carts/v2/getCartById/6a7b0214-b5f0-4e9b-b6c4-cd6123898ed3                                                               |   310 ms | Status: PASS
[2026-01-08 14:25:37.008] POST   | /address/addAddress                                                                                                      |   190 ms | Status: PASS
[2026-01-08 14:25:37.175] GET    | /address/getAddressByUserId/6a7b0214-b5f0-4e9b-b6c4-cd6123898ed3                                                         |   150 ms | Status: PASS
[2026-01-08 14:25:37.573] POST   | /slot/getSlotCountByTime                                                                                                 |   192 ms | Status: PASS
[2026-01-08 14:25:37.785] POST   | /carts/v2/addCart                                                                                                        |   176 ms | Status: PASS
[2026-01-08 14:25:38.065] GET    | /carts/v2/getCartById/6a7b0214-b5f0-4e9b-b6c4-cd6123898ed3                                                               |   253 ms | Status: PASS
[2026-01-08 14:25:39.121] POST   | /gateway/v2/VerifyPayment                                                                                                |   979 ms | Status: PASS
[2026-01-08 14:25:39.433] POST   | https://dev-api-yodadiagnostics.yodaprojects.com/gateway/getPaymentById                                                  |   181 ms | Status: PASS
[2026-01-08 14:25:39.589] GET    | /carts/v2/getCartById/6a7b0214-b5f0-4e9b-b6c4-cd6123898ed3                                                               |   145 ms | Status: PASS
[2026-01-08 14:25:40.789] POST   | https://dev-api-yodadiagnostics.yodaprojects.com/phlebo/loginPhlebo                                                      |  1099 ms | Status: PASS
[2026-01-08 14:25:41.802] POST   | https://dev-api-yodadiagnostics.yodaprojects.com/order_tracking/assignOrder                                              |   880 ms | Status: PASS
[2026-01-08 14:25:42.019] GET    | https://dev-api-yodadiagnostics.yodaprojects.com/order_tracking/getOrderTrackingStatus/dc5189ed-79f8-421e-8563-7a0b480207fd |   147 ms | Status: PASS
[2026-01-08 14:25:42.219] POST   | https://dev-api-yodadiagnostics.yodaprojects.com/order_tracking/updateOrderTracking                                      |   173 ms | Status: PASS
[2026-01-08 14:25:42.389] GET    | https://dev-api-yodadiagnostics.yodaprojects.com/order_tracking/getOrderTrackingStatus/dc5189ed-79f8-421e-8563-7a0b480207fd |   153 ms | Status: PASS
[2026-01-08 14:25:42.675] GET    | /order/getOrderById/53b7c37e-bd39-4e7b-bfda-6237817b5d5d                                                                 |   250 ms | Status: PASS
[2026-01-08 14:25:43.439] POST   | https://dev-api-yodadiagnostics.yodaprojects.com/order_tracking/admin/verifyotp                                          |   717 ms | Status: PASS
[2026-01-08 14:25:43.637] GET    | https://dev-api-yodadiagnostics.yodaprojects.com/tests/getSampleType                                                     |   170 ms | Status: PASS
[2026-01-08 14:25:44.657] POST   | https://dev-api-yodadiagnostics.yodaprojects.com/order_tracking/updateOrderTracking                                      |   982 ms | Status: PASS
[2026-01-08 14:25:45.572] GET    | /order/getOrderById/53b7c37e-bd39-4e7b-bfda-6237817b5d5d                                                                 |   886 ms | Status: PASS
[2026-01-08 14:25:45.852] GET    | /order/getOrderById/53b7c37e-bd39-4e7b-bfda-6237817b5d5d                                                                 |   233 ms | Status: PASS
[2026-01-08 14:25:52.768] POST   | https://dev-api-yodadiagnostics.yodaprojects.com/order/approvepayment                                                    |  6808 ms | Status: FAIL (SLA Violation)
[2026-01-08 14:25:53.558] POST   | https://dev-api-yodadiagnostics.yodaprojects.com/gateway/getPaymentById                                                  |   646 ms | Status: PASS
[2026-01-08 14:34:39.459] POST   | /otps/getOtp                                                                                                             |  1165 ms | Status: PASS
[2026-01-08 14:34:39.688] POST   | /otps/getOtp                                                                                                             |   205 ms | Status: PASS
[2026-01-08 14:34:41.655] POST   | /tests/getlocations                                                                                                      |   659 ms | Status: PASS
[2026-01-08 14:34:44.014] GET    | https://dev-api-yodamembership.yodaprojects.com/brand/getAllBrands                                                       |   635 ms | Status: PASS
[2026-01-08 14:34:45.265] POST   | tests/adminTests                                                                                                         |   710 ms | Status: PASS
[2026-01-08 14:34:46.141] POST   | tests/adminTests                                                                                                         |   814 ms | Status: PASS
[2026-01-08 14:34:46.714] POST   | /carts/v2/addCart                                                                                                        |   538 ms | Status: PASS
[2026-01-08 14:34:47.651] POST   | /carts/v2/addCart                                                                                                        |   916 ms | Status: PASS
[2026-01-08 14:34:48.034] GET    | /carts/v2/getCartById/6a7b0214-b5f0-4e9b-b6c4-cd6123898ed3                                                               |   267 ms | Status: PASS
[2026-01-08 14:34:48.371] POST   | /address/addAddress                                                                                                      |   177 ms | Status: PASS
[2026-01-08 14:34:48.575] GET    | /address/getAddressByUserId/6a7b0214-b5f0-4e9b-b6c4-cd6123898ed3                                                         |   191 ms | Status: PASS
[2026-01-08 14:34:48.993] POST   | /slot/getSlotCountByTime                                                                                                 |   227 ms | Status: PASS
[2026-01-08 14:34:49.211] POST   | /carts/v2/addCart                                                                                                        |   170 ms | Status: PASS
[2026-01-08 14:34:49.544] GET    | /carts/v2/getCartById/6a7b0214-b5f0-4e9b-b6c4-cd6123898ed3                                                               |   306 ms | Status: PASS
[2026-01-08 14:34:50.611] POST   | /gateway/v2/VerifyPayment                                                                                                |   999 ms | Status: PASS
[2026-01-08 14:34:50.986] POST   | https://dev-api-yodadiagnostics.yodaprojects.com/gateway/getPaymentById                                                  |   241 ms | Status: PASS
[2026-01-08 14:34:51.355] GET    | /carts/v2/getCartById/6a7b0214-b5f0-4e9b-b6c4-cd6123898ed3                                                               |   361 ms | Status: PASS
[2026-01-08 14:34:52.000] POST   | https://dev-api-yodadiagnostics.yodaprojects.com/phlebo/loginPhlebo                                                      |   545 ms | Status: PASS
[2026-01-08 14:34:53.071] POST   | https://dev-api-yodadiagnostics.yodaprojects.com/order_tracking/assignOrder                                              |   949 ms | Status: PASS
[2026-01-08 14:34:53.778] GET    | https://dev-api-yodadiagnostics.yodaprojects.com/order_tracking/getOrderTrackingStatus/333b1ff4-3b49-4660-a839-1647c74c97b6 |   626 ms | Status: PASS
[2026-01-08 14:34:54.063] POST   | https://dev-api-yodadiagnostics.yodaprojects.com/order_tracking/updateOrderTracking                                      |   249 ms | Status: PASS
[2026-01-08 14:34:55.497] GET    | https://dev-api-yodadiagnostics.yodaprojects.com/order_tracking/getOrderTrackingStatus/333b1ff4-3b49-4660-a839-1647c74c97b6 |  1421 ms | Status: PASS
[2026-01-08 14:34:56.023] GET    | /order/getOrderById/63c9624c-e1c8-4727-9c32-1cf9f2755dfa                                                                 |   500 ms | Status: PASS
[2026-01-08 14:34:58.202] POST   | https://dev-api-yodadiagnostics.yodaprojects.com/order_tracking/admin/verifyotp                                          |  2130 ms | Status: PASS
[2026-01-08 14:34:59.644] GET    | https://dev-api-yodadiagnostics.yodaprojects.com/tests/getSampleType                                                     |  1403 ms | Status: PASS
[2026-01-08 14:34:59.898] POST   | https://dev-api-yodadiagnostics.yodaprojects.com/order_tracking/updateOrderTracking                                      |   214 ms | Status: PASS
[2026-01-08 14:35:00.443] GET    | /order/getOrderById/63c9624c-e1c8-4727-9c32-1cf9f2755dfa                                                                 |   520 ms | Status: PASS
[2026-01-08 14:35:01.800] GET    | /order/getOrderById/63c9624c-e1c8-4727-9c32-1cf9f2755dfa                                                                 |  1299 ms | Status: PASS
[2026-01-08 14:35:11.038] POST   | https://dev-api-yodadiagnostics.yodaprojects.com/order/approvepayment                                                    |  9105 ms | Status: FAIL (SLA Violation)
[2026-01-08 14:35:11.939] POST   | https://dev-api-yodadiagnostics.yodaprojects.com/gateway/getPaymentById                                                  |   775 ms | Status: PASS
[2026-01-08 15:06:40.918] POST   | /otps/getOtp                                                                                                             |  1231 ms | Status: PASS
[2026-01-08 15:06:41.132] POST   | /otps/getOtp                                                                                                             |   197 ms | Status: PASS
[2026-01-08 15:06:42.115] POST   | /tests/getlocations                                                                                                      |   190 ms | Status: PASS
[2026-01-08 15:06:43.255] GET    | https://dev-api-yodamembership.yodaprojects.com/brand/getAllBrands                                                       |   236 ms | Status: PASS
[2026-01-08 15:06:44.564] POST   | tests/adminTests                                                                                                         |   978 ms | Status: PASS
[2026-01-08 15:06:44.881] POST   | tests/adminTests                                                                                                         |   284 ms | Status: PASS
[2026-01-08 15:06:45.098] POST   | /carts/v2/addCart                                                                                                        |   181 ms | Status: PASS
[2026-01-08 15:06:45.293] POST   | /carts/v2/addCart                                                                                                        |   176 ms | Status: PASS
[2026-01-08 15:06:45.830] GET    | /carts/v2/getCartById/6a7b0214-b5f0-4e9b-b6c4-cd6123898ed3                                                               |   446 ms | Status: PASS
[2026-01-08 15:06:46.088] POST   | /address/addAddress                                                                                                      |   156 ms | Status: PASS
[2026-01-08 15:06:46.259] GET    | /address/getAddressByUserId/6a7b0214-b5f0-4e9b-b6c4-cd6123898ed3                                                         |   160 ms | Status: PASS
[2026-01-08 15:06:46.527] POST   | /slot/getSlotCountByTime                                                                                                 |   166 ms | Status: PASS
[2026-01-08 15:06:46.761] POST   | /carts/v2/addCart                                                                                                        |   214 ms | Status: PASS
[2026-01-08 15:06:47.114] GET    | /carts/v2/getCartById/6a7b0214-b5f0-4e9b-b6c4-cd6123898ed3                                                               |   322 ms | Status: PASS
[2026-01-08 15:06:49.000] POST   | /gateway/v2/VerifyPayment                                                                                                |  1823 ms | Status: PASS
[2026-01-08 15:06:49.248] POST   | https://dev-api-yodadiagnostics.yodaprojects.com/gateway/getPaymentById                                                  |   175 ms | Status: PASS
[2026-01-08 15:06:49.416] GET    | /carts/v2/getCartById/6a7b0214-b5f0-4e9b-b6c4-cd6123898ed3                                                               |   160 ms | Status: PASS
[2026-01-08 15:06:49.749] POST   | https://dev-api-yodadiagnostics.yodaprojects.com/phlebo/loginPhlebo                                                      |   280 ms | Status: PASS
[2026-01-08 15:06:50.690] POST   | https://dev-api-yodadiagnostics.yodaprojects.com/order_tracking/assignOrder                                              |   870 ms | Status: PASS
[2026-01-08 15:06:50.923] GET    | https://dev-api-yodadiagnostics.yodaprojects.com/order_tracking/getOrderTrackingStatus/9364515b-11ba-4afb-9363-d001c53aa03a |   160 ms | Status: PASS
[2026-01-08 15:06:51.311] POST   | https://dev-api-yodadiagnostics.yodaprojects.com/order_tracking/updateOrderTracking                                      |   351 ms | Status: PASS
[2026-01-08 15:06:51.496] GET    | https://dev-api-yodadiagnostics.yodaprojects.com/order_tracking/getOrderTrackingStatus/9364515b-11ba-4afb-9363-d001c53aa03a |   167 ms | Status: PASS
[2026-01-08 15:06:51.823] GET    | /order/getOrderById/14901c23-66f1-485a-960e-8f66e73b708b                                                                 |   297 ms | Status: PASS
[2026-01-08 15:06:52.516] POST   | https://dev-api-yodadiagnostics.yodaprojects.com/order_tracking/admin/verifyotp                                          |   631 ms | Status: PASS
[2026-01-08 15:06:52.691] GET    | https://dev-api-yodadiagnostics.yodaprojects.com/tests/getSampleType                                                     |   152 ms | Status: PASS
[2026-01-08 15:06:52.920] POST   | https://dev-api-yodadiagnostics.yodaprojects.com/order_tracking/updateOrderTracking                                      |   207 ms | Status: PASS
[2026-01-08 15:06:53.459] GET    | /order/getOrderById/14901c23-66f1-485a-960e-8f66e73b708b                                                                 |   498 ms | Status: PASS
[2026-01-08 15:06:53.750] GET    | /order/getOrderById/14901c23-66f1-485a-960e-8f66e73b708b                                                                 |   262 ms | Status: PASS
[2026-01-08 15:07:15.470] POST   | https://dev-api-yodadiagnostics.yodaprojects.com/order/approvepayment                                                    | 21613 ms | Status: FAIL (SLA Violation)
[2026-01-08 15:07:15.712] POST   | https://dev-api-yodadiagnostics.yodaprojects.com/gateway/getPaymentById                                                  |   151 ms | Status: PASS
[2026-01-08 15:17:39.142] POST   | /otps/getOtp                                                                                                             |   917 ms | Status: PASS
[2026-01-08 15:17:39.402] POST   | /otps/getOtp                                                                                                             |   238 ms | Status: PASS
[2026-01-08 15:17:40.459] POST   | /tests/getlocations                                                                                                      |   166 ms | Status: PASS
[2026-01-08 15:17:41.753] GET    | https://dev-api-yodamembership.yodaprojects.com/brand/getAllBrands                                                       |   333 ms | Status: PASS
[2026-01-08 15:17:43.016] POST   | tests/adminTests                                                                                                         |   934 ms | Status: PASS
[2026-01-08 15:17:43.421] POST   | tests/adminTests                                                                                                         |   366 ms | Status: PASS
[2026-01-08 15:17:43.640] POST   | /carts/v2/addCart                                                                                                        |   179 ms | Status: PASS
[2026-01-08 15:17:43.815] POST   | /carts/v2/addCart                                                                                                        |   158 ms | Status: PASS
[2026-01-08 15:17:44.266] GET    | /carts/v2/getCartById/6a7b0214-b5f0-4e9b-b6c4-cd6123898ed3                                                               |   332 ms | Status: PASS
[2026-01-08 15:17:44.556] POST   | /address/addAddress                                                                                                      |   185 ms | Status: PASS
[2026-01-08 15:17:44.714] GET    | /address/getAddressByUserId/6a7b0214-b5f0-4e9b-b6c4-cd6123898ed3                                                         |   146 ms | Status: PASS
[2026-01-08 15:17:44.984] POST   | /slot/getSlotCountByTime                                                                                                 |   167 ms | Status: PASS
[2026-01-08 15:17:45.172] POST   | /carts/v2/addCart                                                                                                        |   166 ms | Status: PASS
[2026-01-08 15:17:45.504] GET    | /carts/v2/getCartById/6a7b0214-b5f0-4e9b-b6c4-cd6123898ed3                                                               |   301 ms | Status: PASS
[2026-01-08 15:17:46.586] POST   | /gateway/v2/VerifyPayment                                                                                                |  1030 ms | Status: PASS
[2026-01-08 15:17:46.841] POST   | https://dev-api-yodadiagnostics.yodaprojects.com/gateway/getPaymentById                                                  |   167 ms | Status: PASS
[2026-01-08 15:17:46.989] GET    | /carts/v2/getCartById/6a7b0214-b5f0-4e9b-b6c4-cd6123898ed3                                                               |   141 ms | Status: PASS
[2026-01-08 15:17:47.311] POST   | https://dev-api-yodadiagnostics.yodaprojects.com/phlebo/loginPhlebo                                                      |   265 ms | Status: PASS
[2026-01-08 15:17:48.142] POST   | https://dev-api-yodadiagnostics.yodaprojects.com/order_tracking/assignOrder                                              |   761 ms | Status: PASS
[2026-01-08 15:17:48.389] GET    | https://dev-api-yodadiagnostics.yodaprojects.com/order_tracking/getOrderTrackingStatus/c8efdd16-6c8e-46db-8b7c-973245971184 |   182 ms | Status: PASS
[2026-01-08 15:17:48.581] POST   | https://dev-api-yodadiagnostics.yodaprojects.com/order_tracking/updateOrderTracking                                      |   174 ms | Status: PASS
[2026-01-08 15:17:48.747] GET    | https://dev-api-yodadiagnostics.yodaprojects.com/order_tracking/getOrderTrackingStatus/c8efdd16-6c8e-46db-8b7c-973245971184 |   143 ms | Status: PASS
[2026-01-08 15:17:49.066] GET    | /order/getOrderById/508e00eb-ac49-491b-8b05-5c6cd0963e30                                                                 |   293 ms | Status: PASS
[2026-01-08 15:17:49.795] POST   | https://dev-api-yodadiagnostics.yodaprojects.com/order_tracking/admin/verifyotp                                          |   678 ms | Status: PASS
[2026-01-08 15:17:49.964] GET    | https://dev-api-yodadiagnostics.yodaprojects.com/tests/getSampleType                                                     |   147 ms | Status: PASS
[2026-01-08 15:17:50.181] POST   | https://dev-api-yodadiagnostics.yodaprojects.com/order_tracking/updateOrderTracking                                      |   181 ms | Status: PASS
[2026-01-08 15:17:50.455] GET    | /order/getOrderById/508e00eb-ac49-491b-8b05-5c6cd0963e30                                                                 |   235 ms | Status: PASS
[2026-01-08 15:17:50.736] GET    | /order/getOrderById/508e00eb-ac49-491b-8b05-5c6cd0963e30                                                                 |   241 ms | Status: PASS
[2026-01-08 15:17:58.160] POST   | https://dev-api-yodadiagnostics.yodaprojects.com/order/approvepayment                                                    |  7344 ms | Status: FAIL (SLA Violation)
[2026-01-08 15:17:58.355] POST   | https://dev-api-yodadiagnostics.yodaprojects.com/gateway/getPaymentById                                                  |   132 ms | Status: PASS
[2026-01-08 15:24:09.860] POST   | /otps/getOtp                                                                                                             |   847 ms | Status: PASS
[2026-01-08 15:24:10.071] POST   | /otps/getOtp                                                                                                             |   194 ms | Status: PASS
[2026-01-08 15:24:11.038] POST   | /tests/getlocations                                                                                                      |   183 ms | Status: PASS
[2026-01-08 15:24:12.213] GET    | https://dev-api-yodamembership.yodaprojects.com/brand/getAllBrands                                                       |   224 ms | Status: PASS
[2026-01-08 15:24:13.540] POST   | tests/adminTests                                                                                                         |  1000 ms | Status: PASS
[2026-01-08 15:24:13.903] POST   | tests/adminTests                                                                                                         |   315 ms | Status: PASS
[2026-01-08 15:24:14.208] POST   | /carts/v2/addCart                                                                                                        |   266 ms | Status: PASS
[2026-01-08 15:24:14.393] POST   | /carts/v2/addCart                                                                                                        |   161 ms | Status: PASS
[2026-01-08 15:24:14.740] GET    | /carts/v2/getCartById/6a7b0214-b5f0-4e9b-b6c4-cd6123898ed3                                                               |   263 ms | Status: PASS
[2026-01-08 15:24:14.995] POST   | /address/addAddress                                                                                                      |   168 ms | Status: PASS
[2026-01-08 15:24:15.161] GET    | /address/getAddressByUserId/6a7b0214-b5f0-4e9b-b6c4-cd6123898ed3                                                         |   156 ms | Status: PASS
[2026-01-08 15:24:15.449] POST   | /slot/getSlotCountByTime                                                                                                 |   156 ms | Status: PASS
[2026-01-08 15:24:15.639] POST   | /carts/v2/addCart                                                                                                        |   166 ms | Status: PASS
[2026-01-08 15:24:16.000] GET    | /carts/v2/getCartById/6a7b0214-b5f0-4e9b-b6c4-cd6123898ed3                                                               |   339 ms | Status: PASS
[2026-01-08 15:24:16.997] POST   | /gateway/v2/VerifyPayment                                                                                                |   955 ms | Status: PASS
[2026-01-08 15:24:17.239] POST   | https://dev-api-yodadiagnostics.yodaprojects.com/gateway/getPaymentById                                                  |   157 ms | Status: PASS
[2026-01-08 15:24:17.398] GET    | /carts/v2/getCartById/6a7b0214-b5f0-4e9b-b6c4-cd6123898ed3                                                               |   153 ms | Status: PASS
[2026-01-08 15:24:17.735] POST   | https://dev-api-yodadiagnostics.yodaprojects.com/phlebo/loginPhlebo                                                      |   269 ms | Status: PASS
[2026-01-08 15:24:18.549] POST   | https://dev-api-yodadiagnostics.yodaprojects.com/order_tracking/assignOrder                                              |   743 ms | Status: PASS
[2026-01-08 15:24:18.727] GET    | https://dev-api-yodadiagnostics.yodaprojects.com/order_tracking/getOrderTrackingStatus/78bb5e7a-c78d-4bb5-83ab-897438a1c201 |   136 ms | Status: PASS
[2026-01-08 15:24:19.942] POST   | https://dev-api-yodadiagnostics.yodaprojects.com/order_tracking/updateOrderTracking                                      |  1197 ms | Status: PASS
[2026-01-08 15:24:20.138] GET    | https://dev-api-yodadiagnostics.yodaprojects.com/order_tracking/getOrderTrackingStatus/78bb5e7a-c78d-4bb5-83ab-897438a1c201 |   189 ms | Status: PASS
[2026-01-08 15:24:20.404] GET    | /order/getOrderById/e234f1ef-916e-4781-8349-9bd150d8528e                                                                 |   248 ms | Status: PASS
[2026-01-08 15:24:21.107] POST   | https://dev-api-yodadiagnostics.yodaprojects.com/order_tracking/admin/verifyotp                                          |   674 ms | Status: PASS
[2026-01-08 15:24:21.260] GET    | https://dev-api-yodadiagnostics.yodaprojects.com/tests/getSampleType                                                     |   138 ms | Status: PASS
[2026-01-08 15:24:21.447] POST   | https://dev-api-yodadiagnostics.yodaprojects.com/order_tracking/updateOrderTracking                                      |   154 ms | Status: PASS
[2026-01-08 15:24:21.722] GET    | /order/getOrderById/e234f1ef-916e-4781-8349-9bd150d8528e                                                                 |   249 ms | Status: PASS
[2026-01-08 15:24:22.019] GET    | /order/getOrderById/e234f1ef-916e-4781-8349-9bd150d8528e                                                                 |   248 ms | Status: PASS
[2026-01-08 15:24:37.952] POST   | https://dev-api-yodadiagnostics.yodaprojects.com/order/approvepayment                                                    | 15854 ms | Status: FAIL (SLA Violation)
[2026-01-08 15:24:38.189] POST   | https://dev-api-yodadiagnostics.yodaprojects.com/gateway/getPaymentById                                                  |   170 ms | Status: PASS
[2026-01-08 15:32:13.993] POST   | /otps/getOtp                                                                                                             |   653 ms | Status: PASS
[2026-01-08 15:32:14.354] POST   | /otps/getOtp                                                                                                             |   342 ms | Status: PASS
[2026-01-08 15:32:15.316] POST   | /tests/getlocations                                                                                                      |   196 ms | Status: PASS
[2026-01-08 15:32:16.430] GET    | https://dev-api-yodamembership.yodaprojects.com/brand/getAllBrands                                                       |   220 ms | Status: PASS
[2026-01-08 15:32:17.938] POST   | tests/adminTests                                                                                                         |  1084 ms | Status: PASS
[2026-01-08 15:32:18.292] POST   | tests/adminTests                                                                                                         |   298 ms | Status: PASS
[2026-01-08 15:32:18.486] POST   | /carts/v2/addCart                                                                                                        |   170 ms | Status: PASS
[2026-01-08 15:32:18.671] POST   | /carts/v2/addCart                                                                                                        |   169 ms | Status: PASS
[2026-01-08 15:32:19.038] GET    | /carts/v2/getCartById/6a7b0214-b5f0-4e9b-b6c4-cd6123898ed3                                                               |   294 ms | Status: PASS
[2026-01-08 15:32:19.266] POST   | /address/addAddress                                                                                                      |   154 ms | Status: PASS
[2026-01-08 15:32:19.441] GET    | /address/getAddressByUserId/6a7b0214-b5f0-4e9b-b6c4-cd6123898ed3                                                         |   165 ms | Status: PASS
[2026-01-08 15:32:19.758] POST   | /slot/getSlotCountByTime                                                                                                 |   212 ms | Status: PASS
[2026-01-08 15:32:19.938] POST   | /carts/v2/addCart                                                                                                        |   159 ms | Status: PASS
[2026-01-08 15:32:20.257] GET    | /carts/v2/getCartById/6a7b0214-b5f0-4e9b-b6c4-cd6123898ed3                                                               |   299 ms | Status: PASS
[2026-01-08 15:32:21.299] POST   | /gateway/v2/VerifyPayment                                                                                                |   954 ms | Status: PASS
[2026-01-08 15:32:21.542] POST   | https://dev-api-yodadiagnostics.yodaprojects.com/gateway/getPaymentById                                                  |   169 ms | Status: PASS
[2026-01-08 15:32:21.698] GET    | /carts/v2/getCartById/6a7b0214-b5f0-4e9b-b6c4-cd6123898ed3                                                               |   145 ms | Status: PASS
[2026-01-08 15:32:22.068] POST   | https://dev-api-yodadiagnostics.yodaprojects.com/phlebo/loginPhlebo                                                      |   278 ms | Status: PASS
[2026-01-08 15:32:22.938] POST   | https://dev-api-yodadiagnostics.yodaprojects.com/order_tracking/assignOrder                                              |   787 ms | Status: PASS
[2026-01-08 15:32:23.137] GET    | https://dev-api-yodadiagnostics.yodaprojects.com/order_tracking/getOrderTrackingStatus/c56c8606-c886-42b2-89e7-d1a41db84a89 |   138 ms | Status: PASS
[2026-01-08 15:32:23.328] POST   | https://dev-api-yodadiagnostics.yodaprojects.com/order_tracking/updateOrderTracking                                      |   168 ms | Status: PASS
[2026-01-08 15:32:23.488] GET    | https://dev-api-yodadiagnostics.yodaprojects.com/order_tracking/getOrderTrackingStatus/c56c8606-c886-42b2-89e7-d1a41db84a89 |   150 ms | Status: PASS
[2026-01-08 15:32:23.748] GET    | /order/getOrderById/cf41b95d-7228-49ae-b762-2826801dc898                                                                 |   241 ms | Status: PASS
[2026-01-08 15:32:24.371] POST   | https://dev-api-yodadiagnostics.yodaprojects.com/order_tracking/admin/verifyotp                                          |   573 ms | Status: PASS
[2026-01-08 15:32:24.529] GET    | https://dev-api-yodadiagnostics.yodaprojects.com/tests/getSampleType                                                     |   138 ms | Status: PASS
[2026-01-08 15:32:24.718] POST   | https://dev-api-yodadiagnostics.yodaprojects.com/order_tracking/updateOrderTracking                                      |   164 ms | Status: PASS
[2026-01-08 15:32:25.019] GET    | /order/getOrderById/cf41b95d-7228-49ae-b762-2826801dc898                                                                 |   270 ms | Status: PASS
[2026-01-08 15:32:25.288] GET    | /order/getOrderById/cf41b95d-7228-49ae-b762-2826801dc898                                                                 |   239 ms | Status: PASS
[2026-01-08 15:32:59.708] POST   | https://dev-api-yodadiagnostics.yodaprojects.com/order/approvepayment                                                    | 34344 ms | Status: FAIL (SLA Violation)
[2026-01-08 15:35:50.860] POST   | /otps/getOtp                                                                                                             |   677 ms | Status: PASS
[2026-01-08 15:35:51.067] POST   | /otps/getOtp                                                                                                             |   191 ms | Status: PASS
[2026-01-08 15:35:51.985] POST   | /tests/getlocations                                                                                                      |   158 ms | Status: PASS
[2026-01-08 15:35:53.223] GET    | https://dev-api-yodamembership.yodaprojects.com/brand/getAllBrands                                                       |   208 ms | Status: PASS
[2026-01-08 15:35:54.437] POST   | tests/adminTests                                                                                                         |   870 ms | Status: PASS
[2026-01-08 15:35:54.806] POST   | tests/adminTests                                                                                                         |   341 ms | Status: PASS
[2026-01-08 15:35:55.003] POST   | /carts/v2/addCart                                                                                                        |   176 ms | Status: PASS
[2026-01-08 15:35:55.231] POST   | /carts/v2/addCart                                                                                                        |   211 ms | Status: PASS
[2026-01-08 15:35:55.602] GET    | /carts/v2/getCartById/6a7b0214-b5f0-4e9b-b6c4-cd6123898ed3                                                               |   288 ms | Status: PASS
[2026-01-08 15:35:55.889] POST   | /address/addAddress                                                                                                      |   165 ms | Status: PASS
[2026-01-08 15:35:56.056] GET    | /address/getAddressByUserId/6a7b0214-b5f0-4e9b-b6c4-cd6123898ed3                                                         |   158 ms | Status: PASS
[2026-01-08 15:35:56.344] POST   | /slot/getSlotCountByTime                                                                                                 |   169 ms | Status: PASS
[2026-01-08 15:35:56.535] POST   | /carts/v2/addCart                                                                                                        |   161 ms | Status: PASS
[2026-01-08 15:35:56.816] GET    | /carts/v2/getCartById/6a7b0214-b5f0-4e9b-b6c4-cd6123898ed3                                                               |   258 ms | Status: PASS
[2026-01-08 15:35:57.785] POST   | /gateway/v2/VerifyPayment                                                                                                |   928 ms | Status: PASS
[2026-01-08 15:35:58.018] POST   | https://dev-api-yodadiagnostics.yodaprojects.com/gateway/getPaymentById                                                  |   171 ms | Status: PASS
[2026-01-08 15:35:58.162] GET    | /carts/v2/getCartById/6a7b0214-b5f0-4e9b-b6c4-cd6123898ed3                                                               |   139 ms | Status: PASS
[2026-01-08 15:35:58.484] POST   | https://dev-api-yodadiagnostics.yodaprojects.com/phlebo/loginPhlebo                                                      |   261 ms | Status: PASS
[2026-01-08 15:35:59.268] POST   | https://dev-api-yodadiagnostics.yodaprojects.com/order_tracking/assignOrder                                              |   716 ms | Status: PASS
[2026-01-08 15:35:59.482] GET    | https://dev-api-yodadiagnostics.yodaprojects.com/order_tracking/getOrderTrackingStatus/5bde84f1-6466-499f-83ab-f8769072336c |   176 ms | Status: PASS
[2026-01-08 15:35:59.677] POST   | https://dev-api-yodadiagnostics.yodaprojects.com/order_tracking/updateOrderTracking                                      |   170 ms | Status: PASS
[2026-01-08 15:35:59.852] GET    | https://dev-api-yodadiagnostics.yodaprojects.com/order_tracking/getOrderTrackingStatus/5bde84f1-6466-499f-83ab-f8769072336c |   164 ms | Status: PASS
[2026-01-08 15:36:01.096] GET    | /order/getOrderById/ef5c2dfe-a248-4bf5-95e2-6e87bc47861a                                                                 |  1229 ms | Status: PASS
[2026-01-08 15:36:01.673] POST   | https://dev-api-yodadiagnostics.yodaprojects.com/order_tracking/admin/verifyotp                                          |   536 ms | Status: PASS
[2026-01-08 15:36:01.844] GET    | https://dev-api-yodadiagnostics.yodaprojects.com/tests/getSampleType                                                     |   148 ms | Status: PASS
[2026-01-08 15:36:02.015] POST   | https://dev-api-yodadiagnostics.yodaprojects.com/order_tracking/updateOrderTracking                                      |   150 ms | Status: PASS
[2026-01-08 15:36:02.268] GET    | /order/getOrderById/ef5c2dfe-a248-4bf5-95e2-6e87bc47861a                                                                 |   232 ms | Status: PASS
[2026-01-08 15:36:02.564] GET    | /order/getOrderById/ef5c2dfe-a248-4bf5-95e2-6e87bc47861a                                                                 |   252 ms | Status: PASS
[2026-01-08 15:36:16.522] POST   | https://dev-api-yodadiagnostics.yodaprojects.com/order/approvepayment                                                    | 13874 ms | Status: FAIL (SLA Violation)
[2026-01-08 15:36:16.732] POST   | https://dev-api-yodadiagnostics.yodaprojects.com/gateway/getPaymentById                                                  |   148 ms | Status: PASS
[2026-01-08 15:41:45.227] POST   | /otps/getOtp                                                                                                             |  1081 ms | Status: PASS
[2026-01-08 15:41:45.455] POST   | /otps/getOtp                                                                                                             |   201 ms | Status: PASS
[2026-01-08 15:41:47.376] POST   | /tests/getlocations                                                                                                      |   844 ms | Status: PASS
[2026-01-08 15:41:49.805] GET    | https://dev-api-yodamembership.yodaprojects.com/brand/getAllBrands                                                       |   893 ms | Status: PASS
[2026-01-08 15:41:51.673] POST   | tests/adminTests                                                                                                         |  1328 ms | Status: PASS
[2026-01-08 15:41:52.389] POST   | tests/adminTests                                                                                                         |   652 ms | Status: PASS
[2026-01-08 15:41:53.056] POST   | /carts/v2/addCart                                                                                                        |   634 ms | Status: PASS
[2026-01-08 15:41:54.446] POST   | /carts/v2/addCart                                                                                                        |  1366 ms | Status: PASS
[2026-01-08 15:41:55.374] GET    | /carts/v2/getCartById/6a7b0214-b5f0-4e9b-b6c4-cd6123898ed3                                                               |   811 ms | Status: PASS
[2026-01-08 15:41:55.981] POST   | /address/addAddress                                                                                                      |   463 ms | Status: PASS
[2026-01-08 15:41:56.147] GET    | /address/getAddressByUserId/6a7b0214-b5f0-4e9b-b6c4-cd6123898ed3                                                         |   153 ms | Status: PASS
[2026-01-08 15:41:56.714] POST   | /slot/getSlotCountByTime                                                                                                 |   187 ms | Status: PASS
[2026-01-08 15:41:56.900] POST   | /carts/v2/addCart                                                                                                        |   156 ms | Status: PASS
[2026-01-08 15:41:57.278] GET    | /carts/v2/getCartById/6a7b0214-b5f0-4e9b-b6c4-cd6123898ed3                                                               |   351 ms | Status: PASS
[2026-01-08 15:41:58.416] POST   | /gateway/v2/VerifyPayment                                                                                                |  1063 ms | Status: PASS
[2026-01-08 15:41:59.463] POST   | https://dev-api-yodadiagnostics.yodaprojects.com/gateway/getPaymentById                                                  |   918 ms | Status: PASS
[2026-01-08 15:41:59.779] GET    | /carts/v2/getCartById/6a7b0214-b5f0-4e9b-b6c4-cd6123898ed3                                                               |   305 ms | Status: PASS
[2026-01-08 15:42:00.132] POST   | https://dev-api-yodadiagnostics.yodaprojects.com/phlebo/loginPhlebo                                                      |   255 ms | Status: PASS
[2026-01-08 15:42:00.953] POST   | https://dev-api-yodadiagnostics.yodaprojects.com/order_tracking/assignOrder                                              |   708 ms | Status: PASS
[2026-01-08 15:42:01.190] GET    | https://dev-api-yodadiagnostics.yodaprojects.com/order_tracking/getOrderTrackingStatus/ab44573b-dee4-49e6-87dd-3f426342b6cb |   148 ms | Status: PASS
[2026-01-08 15:42:01.395] POST   | https://dev-api-yodadiagnostics.yodaprojects.com/order_tracking/updateOrderTracking                                      |   169 ms | Status: PASS
[2026-01-08 15:42:01.580] GET    | https://dev-api-yodadiagnostics.yodaprojects.com/order_tracking/getOrderTrackingStatus/ab44573b-dee4-49e6-87dd-3f426342b6cb |   168 ms | Status: PASS
[2026-01-08 15:42:01.867] GET    | /order/getOrderById/f497d5e1-76d8-4de0-8e31-ba3856ce4417                                                                 |   261 ms | Status: PASS
[2026-01-08 15:42:02.530] POST   | https://dev-api-yodadiagnostics.yodaprojects.com/order_tracking/admin/verifyotp                                          |   603 ms | Status: PASS
[2026-01-08 15:42:02.710] GET    | https://dev-api-yodadiagnostics.yodaprojects.com/tests/getSampleType                                                     |   149 ms | Status: PASS
[2026-01-08 15:42:02.905] POST   | https://dev-api-yodadiagnostics.yodaprojects.com/order_tracking/updateOrderTracking                                      |   159 ms | Status: PASS
[2026-01-08 15:42:03.200] GET    | /order/getOrderById/f497d5e1-76d8-4de0-8e31-ba3856ce4417                                                                 |   255 ms | Status: PASS
[2026-01-08 15:42:03.481] GET    | /order/getOrderById/f497d5e1-76d8-4de0-8e31-ba3856ce4417                                                                 |   233 ms | Status: PASS
[2026-01-08 15:42:09.646] POST   | https://dev-api-yodadiagnostics.yodaprojects.com/order/approvepayment                                                    |  6037 ms | Status: FAIL (SLA Violation)
[2026-01-08 15:42:10.734] POST   | https://dev-api-yodadiagnostics.yodaprojects.com/gateway/getPaymentById                                                  |   952 ms | Status: PASS
[2026-01-08 15:44:27.287] POST   | /otps/getOtp                                                                                                             |  1285 ms | Status: PASS
[2026-01-08 15:44:28.242] POST   | /otps/getOtp                                                                                                             |   930 ms | Status: PASS
[2026-01-08 15:44:30.499] POST   | /tests/getlocations                                                                                                      |  1000 ms | Status: PASS
[2026-01-08 15:44:32.537] GET    | https://dev-api-yodamembership.yodaprojects.com/brand/getAllBrands                                                       |   568 ms | Status: PASS
[2026-01-08 15:44:35.617] POST   | tests/adminTests                                                                                                         |  2364 ms | Status: PASS
[2026-01-08 15:44:36.731] POST   | tests/adminTests                                                                                                         |  1024 ms | Status: PASS
[2026-01-08 15:44:37.849] POST   | /carts/v2/addCart                                                                                                        |  1083 ms | Status: PASS
[2026-01-08 15:44:38.410] POST   | /carts/v2/addCart                                                                                                        |   545 ms | Status: PASS
[2026-01-08 15:44:39.371] GET    | /carts/v2/getCartById/6a7b0214-b5f0-4e9b-b6c4-cd6123898ed3                                                               |   843 ms | Status: PASS
[2026-01-08 15:44:40.309] POST   | /address/addAddress                                                                                                      |   794 ms | Status: PASS
[2026-01-08 15:44:40.506] GET    | /address/getAddressByUserId/6a7b0214-b5f0-4e9b-b6c4-cd6123898ed3                                                         |   185 ms | Status: PASS
[2026-01-08 15:44:40.834] POST   | /slot/getSlotCountByTime                                                                                                 |   180 ms | Status: PASS
[2026-01-08 15:44:41.053] POST   | /carts/v2/addCart                                                                                                        |   178 ms | Status: PASS
[2026-01-08 15:44:41.410] GET    | /carts/v2/getCartById/6a7b0214-b5f0-4e9b-b6c4-cd6123898ed3                                                               |   335 ms | Status: PASS
[2026-01-08 15:44:42.659] POST   | /gateway/v2/VerifyPayment                                                                                                |  1164 ms | Status: PASS
[2026-01-08 15:44:43.732] POST   | https://dev-api-yodadiagnostics.yodaprojects.com/gateway/getPaymentById                                                  |   939 ms | Status: PASS
[2026-01-08 15:44:43.923] GET    | /carts/v2/getCartById/6a7b0214-b5f0-4e9b-b6c4-cd6123898ed3                                                               |   180 ms | Status: PASS
[2026-01-08 15:44:44.395] POST   | https://dev-api-yodadiagnostics.yodaprojects.com/phlebo/loginPhlebo                                                      |   394 ms | Status: PASS
[2026-01-08 15:44:45.429] POST   | https://dev-api-yodadiagnostics.yodaprojects.com/order_tracking/assignOrder                                              |   933 ms | Status: PASS
[2026-01-08 15:44:45.678] GET    | https://dev-api-yodadiagnostics.yodaprojects.com/order_tracking/getOrderTrackingStatus/ab967e45-d1f3-44e8-9fef-a1ac858c219c |   157 ms | Status: PASS
[2026-01-08 15:44:45.888] POST   | https://dev-api-yodadiagnostics.yodaprojects.com/order_tracking/updateOrderTracking                                      |   178 ms | Status: PASS
[2026-01-08 15:44:46.055] GET    | https://dev-api-yodadiagnostics.yodaprojects.com/order_tracking/getOrderTrackingStatus/ab967e45-d1f3-44e8-9fef-a1ac858c219c |   152 ms | Status: PASS
[2026-01-08 15:44:46.394] GET    | /order/getOrderById/fd82b4e7-5c97-41da-9303-5280b9c0c7bb                                                                 |   319 ms | Status: PASS
[2026-01-08 15:44:47.134] POST   | https://dev-api-yodadiagnostics.yodaprojects.com/order_tracking/admin/verifyotp                                          |   685 ms | Status: PASS
[2026-01-08 15:44:47.305] GET    | https://dev-api-yodadiagnostics.yodaprojects.com/tests/getSampleType                                                     |   148 ms | Status: PASS
[2026-01-08 15:44:47.516] POST   | https://dev-api-yodadiagnostics.yodaprojects.com/order_tracking/updateOrderTracking                                      |   178 ms | Status: PASS
[2026-01-08 15:44:47.846] GET    | /order/getOrderById/fd82b4e7-5c97-41da-9303-5280b9c0c7bb                                                                 |   291 ms | Status: PASS
[2026-01-08 15:44:48.167] GET    | /order/getOrderById/fd82b4e7-5c97-41da-9303-5280b9c0c7bb                                                                 |   269 ms | Status: PASS
[2026-01-08 15:44:54.471] POST   | https://dev-api-yodadiagnostics.yodaprojects.com/order/approvepayment                                                    |  6160 ms | Status: FAIL (SLA Violation)
[2026-01-08 15:44:55.328] POST   | https://dev-api-yodadiagnostics.yodaprojects.com/gateway/getPaymentById                                                  |   728 ms | Status: PASS
[2026-01-08 15:47:40.249] POST   | /otps/getOtp                                                                                                             |  1766 ms | Status: PASS
[2026-01-08 15:47:41.449] POST   | /otps/getOtp                                                                                                             |  1168 ms | Status: PASS
[2026-01-08 15:47:43.181] POST   | /tests/getlocations                                                                                                      |   654 ms | Status: PASS
[2026-01-08 15:47:45.696] GET    | https://dev-api-yodamembership.yodaprojects.com/brand/getAllBrands                                                       |   996 ms | Status: PASS
[2026-01-08 15:47:47.469] POST   | tests/adminTests                                                                                                         |  1212 ms | Status: PASS
[2026-01-08 15:47:47.927] POST   | tests/adminTests                                                                                                         |   405 ms | Status: PASS
[2026-01-08 15:47:48.168] POST   | /carts/v2/addCart                                                                                                        |   193 ms | Status: PASS
[2026-01-08 15:47:48.373] POST   | /carts/v2/addCart                                                                                                        |   184 ms | Status: PASS
[2026-01-08 15:47:48.805] GET    | /carts/v2/getCartById/6a7b0214-b5f0-4e9b-b6c4-cd6123898ed3                                                               |   299 ms | Status: PASS
[2026-01-08 15:47:49.134] POST   | /address/addAddress                                                                                                      |   170 ms | Status: PASS
[2026-01-08 15:47:49.308] GET    | /address/getAddressByUserId/6a7b0214-b5f0-4e9b-b6c4-cd6123898ed3                                                         |   154 ms | Status: PASS
[2026-01-08 15:47:49.659] POST   | /slot/getSlotCountByTime                                                                                                 |   170 ms | Status: PASS
[2026-01-08 15:47:49.869] POST   | /carts/v2/addCart                                                                                                        |   175 ms | Status: PASS
[2026-01-08 15:47:50.155] GET    | /carts/v2/getCartById/6a7b0214-b5f0-4e9b-b6c4-cd6123898ed3                                                               |   257 ms | Status: PASS
[2026-01-08 15:47:51.369] POST   | /gateway/v2/VerifyPayment                                                                                                |  1132 ms | Status: PASS
[2026-01-08 15:47:52.089] POST   | https://dev-api-yodadiagnostics.yodaprojects.com/gateway/getPaymentById                                                  |   571 ms | Status: PASS
[2026-01-08 15:47:52.393] GET    | /carts/v2/getCartById/6a7b0214-b5f0-4e9b-b6c4-cd6123898ed3                                                               |   294 ms | Status: PASS
[2026-01-08 15:47:53.418] POST   | https://dev-api-yodadiagnostics.yodaprojects.com/phlebo/loginPhlebo                                                      |   943 ms | Status: PASS
[2026-01-08 15:47:54.266] POST   | https://dev-api-yodadiagnostics.yodaprojects.com/order_tracking/assignOrder                                              |   717 ms | Status: PASS
[2026-01-08 15:47:54.497] GET    | https://dev-api-yodadiagnostics.yodaprojects.com/order_tracking/getOrderTrackingStatus/bfa8d13c-69f4-49ff-a8d1-57f5f4df0433 |   153 ms | Status: PASS
[2026-01-08 15:47:54.697] POST   | https://dev-api-yodadiagnostics.yodaprojects.com/order_tracking/updateOrderTracking                                      |   163 ms | Status: PASS
[2026-01-08 15:47:54.859] GET    | https://dev-api-yodadiagnostics.yodaprojects.com/order_tracking/getOrderTrackingStatus/bfa8d13c-69f4-49ff-a8d1-57f5f4df0433 |   143 ms | Status: PASS
[2026-01-08 15:47:55.199] GET    | /order/getOrderById/9e63b839-4077-4328-a3b4-1b9f11698edf                                                                 |   312 ms | Status: PASS
[2026-01-08 15:47:55.783] POST   | https://dev-api-yodadiagnostics.yodaprojects.com/order_tracking/admin/verifyotp                                          |   525 ms | Status: PASS
[2026-01-08 15:47:55.961] GET    | https://dev-api-yodadiagnostics.yodaprojects.com/tests/getSampleType                                                     |   145 ms | Status: PASS
[2026-01-08 15:47:56.168] POST   | https://dev-api-yodadiagnostics.yodaprojects.com/order_tracking/updateOrderTracking                                      |   165 ms | Status: PASS
[2026-01-08 15:47:56.448] GET    | /order/getOrderById/9e63b839-4077-4328-a3b4-1b9f11698edf                                                                 |   243 ms | Status: PASS
[2026-01-08 15:47:56.732] GET    | /order/getOrderById/9e63b839-4077-4328-a3b4-1b9f11698edf                                                                 |   240 ms | Status: PASS
[2026-01-08 15:48:02.764] POST   | https://dev-api-yodadiagnostics.yodaprojects.com/order/approvepayment                                                    |  5879 ms | Status: FAIL (SLA Violation)
[2026-01-08 15:48:03.846] POST   | https://dev-api-yodadiagnostics.yodaprojects.com/gateway/getPaymentById                                                  |   961 ms | Status: PASS
[2026-01-08 15:59:09.640] POST   | /otps/getOtp                                                                                                             |   915 ms | Status: PASS
[2026-01-08 15:59:09.888] POST   | /otps/getOtp                                                                                                             |   224 ms | Status: PASS
[2026-01-08 15:59:10.921] POST   | /tests/getlocations                                                                                                      |   258 ms | Status: PASS
[2026-01-08 15:59:12.131] GET    | https://dev-api-yodamembership.yodaprojects.com/brand/getAllBrands                                                       |   258 ms | Status: PASS
[2026-01-08 15:59:13.043] POST   | tests/adminTests                                                                                                         |   561 ms | Status: PASS
[2026-01-08 15:59:13.713] POST   | tests/adminTests                                                                                                         |   636 ms | Status: PASS
[2026-01-08 15:59:13.923] POST   | /carts/v2/addCart                                                                                                        |   188 ms | Status: PASS
[2026-01-08 15:59:14.126] POST   | /carts/v2/addCart                                                                                                        |   191 ms | Status: PASS
[2026-01-08 15:59:14.708] GET    | /carts/v2/getCartById/6a7b0214-b5f0-4e9b-b6c4-cd6123898ed3                                                               |   472 ms | Status: PASS
[2026-01-08 15:59:15.075] POST   | /address/addAddress                                                                                                      |   298 ms | Status: PASS
[2026-01-08 15:59:15.283] GET    | /address/getAddressByUserId/6a7b0214-b5f0-4e9b-b6c4-cd6123898ed3                                                         |   198 ms | Status: PASS
[2026-01-08 15:59:15.778] POST   | /slot/getSlotCountByTime                                                                                                 |   364 ms | Status: PASS
[2026-01-08 15:59:16.031] POST   | /carts/v2/addCart                                                                                                        |   217 ms | Status: PASS
[2026-01-08 15:59:17.071] GET    | /carts/v2/getCartById/6a7b0214-b5f0-4e9b-b6c4-cd6123898ed3                                                               |  1012 ms | Status: PASS
[2026-01-08 15:59:18.943] POST   | /gateway/v2/VerifyPayment                                                                                                |  1821 ms | Status: PASS
[2026-01-08 15:59:19.253] POST   | https://dev-api-yodadiagnostics.yodaprojects.com/gateway/getPaymentById                                                  |   227 ms | Status: PASS
[2026-01-08 15:59:19.440] GET    | /carts/v2/getCartById/6a7b0214-b5f0-4e9b-b6c4-cd6123898ed3                                                               |   176 ms | Status: PASS
[2026-01-08 15:59:19.959] POST   | https://dev-api-yodadiagnostics.yodaprojects.com/phlebo/loginPhlebo                                                      |   460 ms | Status: PASS
[2026-01-08 15:59:20.901] POST   | https://dev-api-yodadiagnostics.yodaprojects.com/order_tracking/assignOrder                                              |   887 ms | Status: PASS
[2026-01-08 15:59:21.220] GET    | https://dev-api-yodadiagnostics.yodaprojects.com/order_tracking/getOrderTrackingStatus/a916450a-cde8-451e-a05a-f255229d5dbc |   274 ms | Status: PASS
[2026-01-08 15:59:21.450] POST   | https://dev-api-yodadiagnostics.yodaprojects.com/order_tracking/updateOrderTracking                                      |   213 ms | Status: PASS
[2026-01-08 15:59:21.670] GET    | https://dev-api-yodadiagnostics.yodaprojects.com/order_tracking/getOrderTrackingStatus/a916450a-cde8-451e-a05a-f255229d5dbc |   212 ms | Status: PASS
[2026-01-08 15:59:22.763] GET    | /order/getOrderById/c0e07af1-6424-4284-8370-2acf7674101f                                                                 |  1081 ms | Status: PASS
[2026-01-08 15:59:23.809] POST   | https://dev-api-yodadiagnostics.yodaprojects.com/order_tracking/admin/verifyotp                                          |  1017 ms | Status: PASS
[2026-01-08 15:59:24.198] GET    | https://dev-api-yodadiagnostics.yodaprojects.com/tests/getSampleType                                                     |   371 ms | Status: PASS
[2026-01-08 15:59:24.521] POST   | https://dev-api-yodadiagnostics.yodaprojects.com/order_tracking/updateOrderTracking                                      |   301 ms | Status: PASS
[2026-01-08 15:59:25.449] GET    | /order/getOrderById/c0e07af1-6424-4284-8370-2acf7674101f                                                                 |   907 ms | Status: PASS
[2026-01-08 15:59:25.971] GET    | /order/getOrderById/c0e07af1-6424-4284-8370-2acf7674101f                                                                 |   487 ms | Status: PASS
[2026-01-08 15:59:32.226] POST   | https://dev-api-yodadiagnostics.yodaprojects.com/order/approvepayment                                                    |  6179 ms | Status: FAIL (SLA Violation)
[2026-01-08 15:59:32.501] POST   | https://dev-api-yodadiagnostics.yodaprojects.com/gateway/getPaymentById                                                  |   219 ms | Status: PASS
[2026-01-08 16:03:21.953] POST   | /otps/getOtp                                                                                                             |   915 ms | Status: PASS
[2026-01-08 16:03:22.612] POST   | /otps/getOtp                                                                                                             |   640 ms | Status: PASS
[2026-01-08 16:03:23.712] POST   | /tests/getlocations                                                                                                      |   402 ms | Status: PASS
[2026-01-08 16:03:25.010] GET    | https://dev-api-yodamembership.yodaprojects.com/brand/getAllBrands                                                       |   377 ms | Status: PASS
[2026-01-08 16:03:25.665] POST   | tests/adminTests                                                                                                         |   316 ms | Status: PASS
[2026-01-08 16:03:26.002] POST   | tests/adminTests                                                                                                         |   290 ms | Status: PASS
[2026-01-08 16:03:27.784] POST   | /carts/v2/addCart                                                                                                        |  1764 ms | Status: PASS
[2026-01-08 16:03:28.011] POST   | /carts/v2/addCart                                                                                                        |   215 ms | Status: PASS
[2026-01-08 16:03:28.506] GET    | /carts/v2/getCartById/6a7b0214-b5f0-4e9b-b6c4-cd6123898ed3                                                               |   421 ms | Status: PASS
[2026-01-08 16:03:28.788] POST   | /address/addAddress                                                                                                      |   171 ms | Status: PASS
[2026-01-08 16:03:28.969] GET    | /address/getAddressByUserId/6a7b0214-b5f0-4e9b-b6c4-cd6123898ed3                                                         |   171 ms | Status: PASS
[2026-01-08 16:03:29.299] POST   | /slot/getSlotCountByTime                                                                                                 |   193 ms | Status: PASS
[2026-01-08 16:03:29.580] POST   | /carts/v2/addCart                                                                                                        |   255 ms | Status: PASS
[2026-01-08 16:03:30.003] GET    | /carts/v2/getCartById/6a7b0214-b5f0-4e9b-b6c4-cd6123898ed3                                                               |   402 ms | Status: PASS
[2026-01-08 16:03:32.255] POST   | /gateway/v2/VerifyPayment                                                                                                |  2199 ms | Status: PASS
[2026-01-08 16:03:32.499] POST   | https://dev-api-yodadiagnostics.yodaprojects.com/gateway/getPaymentById                                                  |   171 ms | Status: PASS
[2026-01-08 16:03:32.673] GET    | /carts/v2/getCartById/6a7b0214-b5f0-4e9b-b6c4-cd6123898ed3                                                               |   168 ms | Status: PASS
[2026-01-08 16:03:33.028] POST   | https://dev-api-yodadiagnostics.yodaprojects.com/phlebo/loginPhlebo                                                      |   283 ms | Status: PASS
[2026-01-08 16:03:33.834] POST   | https://dev-api-yodadiagnostics.yodaprojects.com/order_tracking/assignOrder                                              |   710 ms | Status: PASS
[2026-01-08 16:03:34.046] GET    | https://dev-api-yodadiagnostics.yodaprojects.com/order_tracking/getOrderTrackingStatus/3fa89620-c3d3-4088-a444-1f5be4210f8a |   159 ms | Status: PASS
[2026-01-08 16:03:34.261] POST   | https://dev-api-yodadiagnostics.yodaprojects.com/order_tracking/updateOrderTracking                                      |   191 ms | Status: PASS
[2026-01-08 16:03:34.468] GET    | https://dev-api-yodadiagnostics.yodaprojects.com/order_tracking/getOrderTrackingStatus/3fa89620-c3d3-4088-a444-1f5be4210f8a |   188 ms | Status: PASS
[2026-01-08 16:03:34.844] GET    | /order/getOrderById/c55a8f55-fa78-4bac-bd00-deb12b6514ba                                                                 |   357 ms | Status: PASS
[2026-01-08 16:03:35.848] POST   | https://dev-api-yodadiagnostics.yodaprojects.com/order_tracking/admin/verifyotp                                          |   949 ms | Status: PASS
[2026-01-08 16:03:36.081] GET    | https://dev-api-yodadiagnostics.yodaprojects.com/tests/getSampleType                                                     |   208 ms | Status: PASS
[2026-01-08 16:03:37.376] POST   | https://dev-api-yodadiagnostics.yodaprojects.com/order_tracking/updateOrderTracking                                      |  1272 ms | Status: PASS
[2026-01-08 16:03:37.678] GET    | /order/getOrderById/c55a8f55-fa78-4bac-bd00-deb12b6514ba                                                                 |   276 ms | Status: PASS
[2026-01-08 16:03:38.036] GET    | /order/getOrderById/c55a8f55-fa78-4bac-bd00-deb12b6514ba                                                                 |   332 ms | Status: PASS
[2026-01-08 16:03:43.753] POST   | https://dev-api-yodadiagnostics.yodaprojects.com/order/approvepayment                                                    |  5652 ms | Status: FAIL (SLA Violation)
[2026-01-08 16:03:43.965] POST   | https://dev-api-yodadiagnostics.yodaprojects.com/gateway/getPaymentById                                                  |   142 ms | Status: PASS
