[2026-01-05 14:49:11.611] POST   | /users/addUser                                                                                                           |  1532 ms | Status: PASS
[2026-01-05 14:49:16.970] POST   | /otps/getOtp                                                                                                             |   554 ms | Status: PASS
[2026-01-05 14:49:17.169] POST   | /otps/getOtp                                                                                                             |   185 ms | Status: PASS
[2026-01-05 14:49:17.493] POST   | /tests/getlocations                                                                                                      |   182 ms | Status: PASS
[2026-01-05 14:49:18.682] POST   | /tests/getlocations                                                                                                      |   154 ms | Status: PASS
[2026-01-05 14:49:19.974] POST   | /tests/getlocations                                                                                                      |   576 ms | Status: PASS
[2026-01-05 14:49:21.606] GET    | https://dev-api-yodamembership.yodaprojects.com/brand/getAllBrands                                                       |   672 ms | Status: PASS
[2026-01-05 14:49:22.096] GET    | https://dev-api-yodamembership.yodaprojects.com/brand/getAllBrands                                                       |   473 ms | Status: PASS
[2026-01-05 14:49:22.561] GET    | https://dev-api-yodamembership.yodaprojects.com/brand/getAllBrands                                                       |   452 ms | Status: PASS
[2026-01-05 14:49:23.631] POST   | tests/adminTests                                                                                                         |   623 ms | Status: PASS
[2026-01-05 14:49:24.352] POST   | tests/adminTests                                                                                                         |   694 ms | Status: PASS
[2026-01-05 14:49:25.171] POST   | tests/adminTests                                                                                                         |   775 ms | Status: PASS
[2026-01-05 14:49:25.491] POST   | tests/adminTests                                                                                                         |   292 ms | Status: PASS
[2026-01-05 14:49:25.808] POST   | tests/adminTests                                                                                                         |   291 ms | Status: PASS
[2026-01-05 14:49:26.085] POST   | tests/adminTests                                                                                                         |   244 ms | Status: PASS
[2026-01-05 14:49:26.335] POST   | tests/adminTests                                                                                                         |   236 ms | Status: PASS
[2026-01-05 14:49:26.667] POST   | tests/adminTests                                                                                                         |   293 ms | Status: PASS
[2026-01-05 14:49:26.961] POST   | tests/adminTests                                                                                                         |   269 ms | Status: PASS
[2026-01-05 14:49:27.136] POST   | /carts/v2/addCart                                                                                                        |   150 ms | Status: PASS
[2026-01-05 14:49:27.326] POST   | /carts/v2/addCart                                                                                                        |   177 ms | Status: PASS
[2026-01-05 14:49:27.537] POST   | /carts/v2/addCart                                                                                                        |   159 ms | Status: PASS
[2026-01-05 14:49:27.736] POST   | /carts/v2/addCart                                                                                                        |   188 ms | Status: PASS
[2026-01-05 14:49:27.966] POST   | /carts/v2/addCart                                                                                                        |   173 ms | Status: PASS
[2026-01-05 14:49:28.173] POST   | /carts/v2/addCart                                                                                                        |   193 ms | Status: PASS
[2026-01-05 14:49:28.456] GET    | https://dev-api-yodadiagnostics.yodaprojects.com/users/getUser/2d500b53-7bc7-449f-8ba6-b57ede42634c                      |   231 ms | Status: PASS
[2026-01-05 14:49:28.732] POST   | /carts/v2/addCart                                                                                                        |   253 ms | Status: PASS
[2026-01-05 14:49:29.146] GET    | /carts/v2/getCartById/2d500b53-7bc7-449f-8ba6-b57ede42634c                                                               |   384 ms | Status: PASS
[2026-01-05 14:49:29.432] POST   | /address/addAddress                                                                                                      |   152 ms | Status: PASS
[2026-01-05 14:49:29.663] POST   | /slot/getSlotCountByTime                                                                                                 |   150 ms | Status: PASS
[2026-01-05 14:49:29.850] POST   | /carts/v2/addCart                                                                                                        |   149 ms | Status: PASS
[2026-01-05 14:49:33.651] POST   | /gateway/v2/VerifyPayment                                                                                                |  3771 ms | Status: FAIL (SLA Violation)
[2026-01-05 14:49:34.171] POST   | https://dev-api-yodadiagnostics.yodaprojects.com/gateway/getPaymentById                                                  |   443 ms | Status: PASS
[2026-01-05 14:49:34.781] GET    | /order/getOrderById/6c6c4d57-3159-4a64-ab8b-0b05a711e58d                                                                 |   601 ms | Status: PASS
[2026-01-05 14:49:35.406] POST   | https://dev-api-yodadiagnostics.yodaprojects.com/phlebo/loginPhlebo                                                      |   585 ms | Status: PASS
[2026-01-05 14:49:36.617] POST   | https://dev-api-yodadiagnostics.yodaprojects.com/order_tracking/assignOrder                                              |  1138 ms | Status: PASS
[2026-01-05 14:49:37.135] GET    | https://dev-api-yodadiagnostics.yodaprojects.com/order_tracking/getOrderTrackingStatus/d30ef7f8-36e5-4440-8534-9bed3b96bc9e |   462 ms | Status: PASS
[2026-01-05 14:49:37.282] POST   | https://dev-api-yodadiagnostics.yodaprojects.com/order_tracking/updateOrderTracking                                      |   133 ms | Status: PASS
[2026-01-05 14:49:37.403] GET    | https://dev-api-yodadiagnostics.yodaprojects.com/order_tracking/getOrderTrackingStatus/d30ef7f8-36e5-4440-8534-9bed3b96bc9e |   114 ms | Status: PASS
[2026-01-05 14:49:37.676] GET    | /order/getOrderById/6c6c4d57-3159-4a64-ab8b-0b05a711e58d                                                                 |   255 ms | Status: PASS
[2026-01-05 14:49:37.966] POST   | https://dev-api-yodadiagnostics.yodaprojects.com/order_tracking/admin/verifyotp                                          |   265 ms | Status: PASS
[2026-01-05 14:49:38.104] GET    | https://dev-api-yodadiagnostics.yodaprojects.com/tests/getSampleType                                                     |   116 ms | Status: PASS
[2026-01-05 14:49:38.271] POST   | https://dev-api-yodadiagnostics.yodaprojects.com/order_tracking/updateOrderTracking                                      |   148 ms | Status: PASS
[2026-01-05 14:49:38.442] GET    | https://dev-api-yodadiagnostics.yodaprojects.com/users/getUser/6a7b0214-b5f0-4e9b-b6c4-cd6123898ed3                      |   149 ms | Status: PASS
[2026-01-05 14:49:38.588] POST   | /carts/v2/addCart                                                                                                        |   130 ms | Status: PASS
[2026-01-05 14:49:38.956] GET    | /carts/v2/getCartById/6a7b0214-b5f0-4e9b-b6c4-cd6123898ed3                                                               |   351 ms | Status: PASS
[2026-01-05 14:49:39.244] POST   | /address/addAddress                                                                                                      |   132 ms | Status: PASS
[2026-01-05 14:49:39.378] GET    | /address/getAddressByUserId/6a7b0214-b5f0-4e9b-b6c4-cd6123898ed3                                                         |   126 ms | Status: PASS
[2026-01-05 14:49:39.578] POST   | /slot/getSlotCountByTime                                                                                                 |   125 ms | Status: PASS
[2026-01-05 14:49:39.769] POST   | /carts/v2/addCart                                                                                                        |   160 ms | Status: PASS
[2026-01-05 14:49:43.227] POST   | /gateway/v2/VerifyPayment                                                                                                |  3431 ms | Status: FAIL (SLA Violation)
[2026-01-05 14:49:43.993] POST   | https://dev-api-yodadiagnostics.yodaprojects.com/gateway/getPaymentById                                                  |   718 ms | Status: PASS
[2026-01-05 14:49:44.914] GET    | /order/getOrderById/eb969bf2-9147-49e1-9baf-c97960638840                                                                 |   911 ms | Status: PASS
[2026-01-05 14:49:45.453] POST   | https://dev-api-yodadiagnostics.yodaprojects.com/phlebo/loginPhlebo                                                      |   511 ms | Status: PASS
[2026-01-05 14:49:46.754] POST   | https://dev-api-yodadiagnostics.yodaprojects.com/order_tracking/assignOrder                                              |  1231 ms | Status: PASS
[2026-01-05 14:49:47.021] GET    | https://dev-api-yodadiagnostics.yodaprojects.com/order_tracking/getOrderTrackingStatus/3738b226-d447-4d86-a5fd-33eaf23b6903 |   233 ms | Status: PASS
[2026-01-05 14:49:47.248] POST   | https://dev-api-yodadiagnostics.yodaprojects.com/order_tracking/updateOrderTracking                                      |   211 ms | Status: PASS
[2026-01-05 14:49:47.384] GET    | https://dev-api-yodadiagnostics.yodaprojects.com/order_tracking/getOrderTrackingStatus/3738b226-d447-4d86-a5fd-33eaf23b6903 |   131 ms | Status: PASS
[2026-01-05 14:49:47.652] GET    | /order/getOrderById/eb969bf2-9147-49e1-9baf-c97960638840                                                                 |   248 ms | Status: PASS
[2026-01-05 14:49:48.025] POST   | https://dev-api-yodadiagnostics.yodaprojects.com/order_tracking/admin/verifyotp                                          |   329 ms | Status: PASS
[2026-01-05 14:49:48.152] GET    | https://dev-api-yodadiagnostics.yodaprojects.com/tests/getSampleType                                                     |   111 ms | Status: PASS
[2026-01-05 14:49:48.292] POST   | https://dev-api-yodadiagnostics.yodaprojects.com/order_tracking/updateOrderTracking                                      |   127 ms | Status: PASS
[2026-01-05 14:49:48.459] GET    | https://dev-api-yodadiagnostics.yodaprojects.com/users/getUser/db682abb-31d1-44df-bf19-557b003a5c69                      |   147 ms | Status: PASS
[2026-01-05 14:49:48.590] POST   | /carts/v2/addCart                                                                                                        |   117 ms | Status: PASS
[2026-01-05 14:49:48.868] GET    | /carts/v2/getCartById/db682abb-31d1-44df-bf19-557b003a5c69                                                               |   261 ms | Status: PASS
[2026-01-05 14:49:49.128] POST   | /address/addAddress                                                                                                      |   127 ms | Status: PASS
[2026-01-05 14:49:49.263] GET    | /address/getAddressByUserId/db682abb-31d1-44df-bf19-557b003a5c69                                                         |   127 ms | Status: PASS
[2026-01-05 14:49:49.494] POST   | /slot/getSlotCountByTime                                                                                                 |   142 ms | Status: PASS
[2026-01-05 14:49:49.662] POST   | /carts/v2/addCart                                                                                                        |   144 ms | Status: PASS
[2026-01-05 14:49:53.430] POST   | /gateway/v2/VerifyPayment                                                                                                |  3743 ms | Status: FAIL (SLA Violation)
[2026-01-05 14:49:54.024] POST   | https://dev-api-yodadiagnostics.yodaprojects.com/gateway/getPaymentById                                                  |   541 ms | Status: PASS
[2026-01-05 14:49:54.443] GET    | /order/getOrderById/6b265179-bc9e-423d-9e20-0b833b7e6096                                                                 |   413 ms | Status: PASS
[2026-01-05 14:49:55.245] POST   | https://dev-api-yodadiagnostics.yodaprojects.com/phlebo/loginPhlebo                                                      |   774 ms | Status: PASS
[2026-01-05 14:49:56.482] POST   | https://dev-api-yodadiagnostics.yodaprojects.com/order_tracking/assignOrder                                              |  1188 ms | Status: PASS
[2026-01-05 14:49:57.643] GET    | https://dev-api-yodadiagnostics.yodaprojects.com/order_tracking/getOrderTrackingStatus/0b89186d-364f-47df-954d-aab182046d53 |  1120 ms | Status: PASS
[2026-01-05 14:49:57.817] POST   | https://dev-api-yodadiagnostics.yodaprojects.com/order_tracking/updateOrderTracking                                      |   158 ms | Status: PASS
[2026-01-05 14:49:57.936] GET    | https://dev-api-yodadiagnostics.yodaprojects.com/order_tracking/getOrderTrackingStatus/0b89186d-364f-47df-954d-aab182046d53 |   114 ms | Status: PASS
[2026-01-05 14:49:58.217] GET    | /order/getOrderById/6b265179-bc9e-423d-9e20-0b833b7e6096                                                                 |   261 ms | Status: PASS
[2026-01-05 14:49:58.553] POST   | https://dev-api-yodadiagnostics.yodaprojects.com/order_tracking/admin/verifyotp                                          |   309 ms | Status: PASS
[2026-01-05 14:49:58.684] GET    | https://dev-api-yodadiagnostics.yodaprojects.com/tests/getSampleType                                                     |   115 ms | Status: PASS
[2026-01-05 14:49:58.855] POST   | https://dev-api-yodadiagnostics.yodaprojects.com/order_tracking/updateOrderTracking                                      |   154 ms | Status: PASS
[2026-01-05 17:42:19.856] POST   | /users/addUser                                                                                                           |   725 ms | Status: PASS
[2026-01-05 17:43:24.450] POST   | /otps/getOtp                                                                                                             | 21173 ms | Status: FAIL (SLA Violation)
[2026-01-05 17:43:24.590] POST   | /tests/getlocations                                                                                                      |   105 ms | Status: PASS
[2026-01-05 17:43:25.514] POST   | /tests/getlocations                                                                                                      |   118 ms | Status: PASS
[2026-01-05 17:43:26.259] POST   | /tests/getlocations                                                                                                      |   118 ms | Status: PASS
[2026-01-05 17:43:27.004] GET    | https://dev-api-yodamembership.yodaprojects.com/brand/getAllBrands                                                       |   159 ms | Status: PASS
[2026-01-05 17:43:27.127] GET    | https://dev-api-yodamembership.yodaprojects.com/brand/getAllBrands                                                       |   114 ms | Status: PASS
[2026-01-05 17:43:27.265] GET    | https://dev-api-yodamembership.yodaprojects.com/brand/getAllBrands                                                       |   124 ms | Status: PASS
[2026-01-05 17:43:27.656] POST   | /carts/v2/addCart                                                                                                        |   114 ms | Status: PASS
[2026-01-05 17:43:27.788] POST   | /carts/v2/addCart                                                                                                        |   122 ms | Status: PASS
[2026-01-05 17:43:27.916] POST   | /carts/v2/addCart                                                                                                        |   114 ms | Status: PASS
[2026-01-05 17:43:28.066] POST   | https://dev-api-yodadiagnostics.yodaprojects.com/otps/getOtp                                                             |   136 ms | Status: PASS
[2026-01-05 17:43:28.187] POST   | https://dev-api-yodadiagnostics.yodaprojects.com/otps/getOtp                                                             |   110 ms | Status: PASS
[2026-01-05 17:44:34.125] POST   | /users/addUser                                                                                                           |   636 ms | Status: PASS
[2026-01-05 17:44:56.917] POST   | /otps/getOtp                                                                                                             | 21177 ms | Status: FAIL (SLA Violation)
[2026-01-05 17:44:57.089] POST   | /otps/getOtp                                                                                                             |   156 ms | Status: PASS
[2026-01-05 17:44:57.487] POST   | /tests/getlocations                                                                                                      |   226 ms | Status: PASS
[2026-01-05 17:44:58.973] POST   | /tests/getlocations                                                                                                      |   155 ms | Status: PASS
[2026-01-05 17:44:59.964] POST   | /tests/getlocations                                                                                                      |   158 ms | Status: PASS
[2026-01-05 17:45:01.340] GET    | https://dev-api-yodamembership.yodaprojects.com/brand/getAllBrands                                                       |   215 ms | Status: PASS
[2026-01-05 17:45:01.493] GET    | https://dev-api-yodamembership.yodaprojects.com/brand/getAllBrands                                                       |   131 ms | Status: PASS
[2026-01-05 17:45:01.632] GET    | https://dev-api-yodamembership.yodaprojects.com/brand/getAllBrands                                                       |   118 ms | Status: PASS
[2026-01-05 17:45:03.005] POST   | tests/adminTests                                                                                                         |   851 ms | Status: PASS
[2026-01-05 17:45:03.871] POST   | tests/adminTests                                                                                                         |   791 ms | Status: PASS
[2026-01-05 17:45:04.330] POST   | tests/adminTests                                                                                                         |   407 ms | Status: PASS
[2026-01-05 17:45:04.697] POST   | tests/adminTests                                                                                                         |   300 ms | Status: PASS
[2026-01-05 17:45:04.980] POST   | tests/adminTests                                                                                                         |   247 ms | Status: PASS
[2026-01-05 17:45:05.450] POST   | tests/adminTests                                                                                                         |   247 ms | Status: PASS
[2026-01-05 17:45:05.797] POST   | tests/adminTests                                                                                                         |   312 ms | Status: PASS
[2026-01-05 17:45:06.159] POST   | tests/adminTests                                                                                                         |   328 ms | Status: PASS
[2026-01-05 17:45:06.491] POST   | tests/adminTests                                                                                                         |   296 ms | Status: PASS
[2026-01-05 17:45:06.671] POST   | /carts/v2/addCart                                                                                                        |   142 ms | Status: PASS
[2026-01-05 17:45:06.831] POST   | /carts/v2/addCart                                                                                                        |   141 ms | Status: PASS
[2026-01-05 17:45:07.038] POST   | /carts/v2/addCart                                                                                                        |   128 ms | Status: PASS
[2026-01-05 17:45:07.194] POST   | /carts/v2/addCart                                                                                                        |   140 ms | Status: PASS
[2026-01-05 17:45:07.441] POST   | /carts/v2/addCart                                                                                                        |   124 ms | Status: PASS
[2026-01-05 17:45:07.581] POST   | /carts/v2/addCart                                                                                                        |   130 ms | Status: PASS
[2026-01-05 17:45:07.818] POST   | /carts/v2/addCart                                                                                                        |   145 ms | Status: PASS
[2026-01-05 17:45:08.195] GET    | /carts/v2/getCartById/6a7b0214-b5f0-4e9b-b6c4-cd6123898ed3                                                               |   333 ms | Status: PASS
[2026-01-05 17:45:08.504] POST   | /address/addAddress                                                                                                      |   157 ms | Status: PASS
[2026-01-05 17:45:08.662] GET    | /address/getAddressByUserId/6a7b0214-b5f0-4e9b-b6c4-cd6123898ed3                                                         |   149 ms | Status: PASS
[2026-01-05 17:45:08.935] POST   | /slot/getSlotCountByTime                                                                                                 |   153 ms | Status: PASS
[2026-01-05 17:45:09.126] POST   | /carts/v2/addCart                                                                                                        |   147 ms | Status: PASS
[2026-01-05 17:45:30.688] GET    | /carts/v2/getCartById/6a7b0214-b5f0-4e9b-b6c4-cd6123898ed3                                                               | 21520 ms | Status: FAIL (SLA Violation)
[2026-01-05 17:45:34.661] POST   | /gateway/v2/VerifyPayment                                                                                                |  3903 ms | Status: FAIL (SLA Violation)
[2026-01-05 17:45:34.921] POST   | https://dev-api-yodadiagnostics.yodaprojects.com/gateway/getPaymentById                                                  |   133 ms | Status: PASS
[2026-01-05 17:45:35.046] GET    | /carts/v2/getCartById/6a7b0214-b5f0-4e9b-b6c4-cd6123898ed3                                                               |   112 ms | Status: PASS
[2026-01-05 17:45:35.459] POST   | https://dev-api-yodadiagnostics.yodaprojects.com/phlebo/loginPhlebo                                                      |   255 ms | Status: PASS
[2026-01-05 17:45:36.641] POST   | https://dev-api-yodadiagnostics.yodaprojects.com/order_tracking/assignOrder                                              |  1007 ms | Status: PASS
[2026-01-05 17:45:36.939] GET    | https://dev-api-yodadiagnostics.yodaprojects.com/order_tracking/getOrderTrackingStatus/ef7cd8cd-8583-4a9d-af79-333ae3337f62 |   133 ms | Status: PASS
[2026-01-05 17:45:37.154] POST   | https://dev-api-yodadiagnostics.yodaprojects.com/order_tracking/updateOrderTracking                                      |   183 ms | Status: PASS
[2026-01-05 17:45:58.355] GET    | https://dev-api-yodadiagnostics.yodaprojects.com/order_tracking/getOrderTrackingStatus/ef7cd8cd-8583-4a9d-af79-333ae3337f62 | 21186 ms | Status: FAIL (SLA Violation)
[2026-01-05 17:45:58.759] GET    | /order/getOrderById/59334a08-8f01-447b-aac0-519fa9572901                                                                 |   387 ms | Status: PASS
[2026-01-05 17:45:59.422] POST   | https://dev-api-yodadiagnostics.yodaprojects.com/order_tracking/admin/verifyotp                                          |   618 ms | Status: PASS
[2026-01-05 17:45:59.603] GET    | https://dev-api-yodadiagnostics.yodaprojects.com/tests/getSampleType                                                     |   149 ms | Status: PASS
[2026-01-05 17:45:59.904] POST   | https://dev-api-yodadiagnostics.yodaprojects.com/order_tracking/updateOrderTracking                                      |   277 ms | Status: PASS
[2026-01-05 17:46:00.197] GET    | /order/getOrderById/59334a08-8f01-447b-aac0-519fa9572901                                                                 |   253 ms | Status: PASS
[2026-01-05 17:46:00.759] GET    | /order/getOrderById/59334a08-8f01-447b-aac0-519fa9572901                                                                 |   518 ms | Status: PASS
[2026-01-05 17:46:09.932] POST   | https://dev-api-yodadiagnostics.yodaprojects.com/order/approvepayment                                                    |  9078 ms | Status: FAIL (SLA Violation)
[2026-01-05 17:48:04.668] POST   | /users/addUser                                                                                                           |   744 ms | Status: PASS
[2026-01-05 17:48:27.499] POST   | /otps/getOtp                                                                                                             |   127 ms | Status: PASS
[2026-01-05 17:48:27.676] POST   | /otps/getOtp                                                                                                             |   156 ms | Status: PASS
[2026-01-05 17:48:27.896] POST   | /tests/getlocations                                                                                                      |   131 ms | Status: PASS
[2026-01-05 17:48:29.062] POST   | /tests/getlocations                                                                                                      |   459 ms | Status: PASS
[2026-01-05 17:48:29.742] POST   | /tests/getlocations                                                                                                      |   150 ms | Status: PASS
[2026-01-05 17:48:30.588] GET    | https://dev-api-yodamembership.yodaprojects.com/brand/getAllBrands                                                       |   208 ms | Status: PASS
[2026-01-05 17:48:30.815] GET    | https://dev-api-yodamembership.yodaprojects.com/brand/getAllBrands                                                       |   215 ms | Status: PASS
[2026-01-05 17:48:52.042] GET    | https://dev-api-yodamembership.yodaprojects.com/brand/getAllBrands                                                       | 21214 ms | Status: FAIL (SLA Violation)
[2026-01-05 17:48:53.452] POST   | tests/adminTests                                                                                                         |   903 ms | Status: PASS
[2026-01-05 17:48:53.894] POST   | tests/adminTests                                                                                                         |   384 ms | Status: PASS
[2026-01-05 17:48:54.223] POST   | tests/adminTests                                                                                                         |   281 ms | Status: PASS
[2026-01-05 17:48:54.551] POST   | tests/adminTests                                                                                                         |   288 ms | Status: PASS
[2026-01-05 17:48:54.856] POST   | tests/adminTests                                                                                                         |   264 ms | Status: PASS
[2026-01-05 17:48:55.180] POST   | tests/adminTests                                                                                                         |   288 ms | Status: PASS
[2026-01-05 17:48:55.470] POST   | tests/adminTests                                                                                                         |   257 ms | Status: PASS
[2026-01-05 17:48:56.079] POST   | tests/adminTests                                                                                                         |   569 ms | Status: PASS
[2026-01-05 17:49:17.427] POST   | tests/adminTests                                                                                                         | 21337 ms | Status: FAIL (SLA Violation)
[2026-01-05 17:49:17.556] POST   | /carts/v2/addCart                                                                                                        |   111 ms | Status: PASS
[2026-01-05 17:49:17.708] POST   | /carts/v2/addCart                                                                                                        |   144 ms | Status: PASS
[2026-01-05 17:49:17.889] POST   | /carts/v2/addCart                                                                                                        |   141 ms | Status: PASS
[2026-01-05 17:49:18.030] POST   | /carts/v2/addCart                                                                                                        |   131 ms | Status: PASS
[2026-01-05 17:49:18.190] POST   | /carts/v2/addCart                                                                                                        |   119 ms | Status: PASS
[2026-01-05 17:49:39.346] POST   | /carts/v2/addCart                                                                                                        | 21148 ms | Status: FAIL (SLA Violation)
[2026-01-05 17:49:39.514] POST   | /carts/v2/addCart                                                                                                        |   132 ms | Status: PASS
[2026-01-05 17:49:39.932] GET    | /carts/v2/getCartById/6a7b0214-b5f0-4e9b-b6c4-cd6123898ed3                                                               |   395 ms | Status: PASS
[2026-01-05 17:49:40.138] POST   | /address/addAddress                                                                                                      |   143 ms | Status: PASS
[2026-01-05 17:49:40.281] GET    | /address/getAddressByUserId/6a7b0214-b5f0-4e9b-b6c4-cd6123898ed3                                                         |   137 ms | Status: PASS
[2026-01-05 17:50:01.675] POST   | /slot/getSlotCountByTime                                                                                                 | 21329 ms | Status: FAIL (SLA Violation)
[2026-01-05 17:50:01.842] POST   | /carts/v2/addCart                                                                                                        |   156 ms | Status: PASS
[2026-01-05 17:50:02.619] GET    | /carts/v2/getCartById/6a7b0214-b5f0-4e9b-b6c4-cd6123898ed3                                                               |   764 ms | Status: PASS
[2026-01-05 17:50:06.010] POST   | /gateway/v2/VerifyPayment                                                                                                |  3357 ms | Status: FAIL (SLA Violation)
[2026-01-05 17:50:06.203] POST   | https://dev-api-yodadiagnostics.yodaprojects.com/gateway/getPaymentById                                                  |   138 ms | Status: PASS
[2026-01-05 17:50:06.417] GET    | /carts/v2/getCartById/6a7b0214-b5f0-4e9b-b6c4-cd6123898ed3                                                               |   210 ms | Status: PASS
[2026-01-05 17:50:06.710] POST   | https://dev-api-yodadiagnostics.yodaprojects.com/phlebo/loginPhlebo                                                      |   245 ms | Status: PASS
[2026-01-05 17:50:07.411] POST   | https://dev-api-yodadiagnostics.yodaprojects.com/order_tracking/assignOrder                                              |   657 ms | Status: PASS
[2026-01-05 17:50:07.605] GET    | https://dev-api-yodadiagnostics.yodaprojects.com/order_tracking/getOrderTrackingStatus/99b05272-240f-4289-8617-de053a28d4d4 |   157 ms | Status: PASS
[2026-01-05 17:50:07.758] POST   | https://dev-api-yodadiagnostics.yodaprojects.com/order_tracking/updateOrderTracking                                      |   138 ms | Status: PASS
[2026-01-05 17:50:07.890] GET    | https://dev-api-yodadiagnostics.yodaprojects.com/order_tracking/getOrderTrackingStatus/99b05272-240f-4289-8617-de053a28d4d4 |   121 ms | Status: PASS
[2026-01-05 17:50:08.325] GET    | /order/getOrderById/326da684-a440-4b6c-90c3-72db630688ca                                                                 |   423 ms | Status: PASS
[2026-01-05 17:50:08.888] POST   | https://dev-api-yodadiagnostics.yodaprojects.com/order_tracking/admin/verifyotp                                          |   523 ms | Status: PASS
[2026-01-05 17:50:09.056] GET    | https://dev-api-yodadiagnostics.yodaprojects.com/tests/getSampleType                                                     |   141 ms | Status: PASS
[2026-01-05 17:50:09.203] POST   | https://dev-api-yodadiagnostics.yodaprojects.com/order_tracking/updateOrderTracking                                      |   124 ms | Status: PASS
[2026-01-05 17:50:09.452] GET    | /order/getOrderById/326da684-a440-4b6c-90c3-72db630688ca                                                                 |   233 ms | Status: PASS
[2026-01-05 17:50:30.906] GET    | /order/getOrderById/326da684-a440-4b6c-90c3-72db630688ca                                                                 | 21435 ms | Status: FAIL (SLA Violation)
[2026-01-05 17:50:38.167] POST   | https://dev-api-yodadiagnostics.yodaprojects.com/order/approvepayment                                                    |  7217 ms | Status: FAIL (SLA Violation)
[2026-01-05 17:58:48.692] POST   | /users/addUser                                                                                                           |   793 ms | Status: PASS
[2026-01-05 17:58:50.403] POST   | /otps/getOtp                                                                                                             |   185 ms | Status: PASS
[2026-01-05 17:58:50.585] POST   | /otps/getOtp                                                                                                             |   171 ms | Status: PASS
[2026-01-05 17:58:50.811] POST   | /tests/getlocations                                                                                                      |   122 ms | Status: PASS
[2026-01-05 17:58:51.721] POST   | /tests/getlocations                                                                                                      |   149 ms | Status: PASS
[2026-01-05 17:58:52.446] POST   | /tests/getlocations                                                                                                      |   129 ms | Status: PASS
[2026-01-05 17:58:53.202] GET    | https://dev-api-yodamembership.yodaprojects.com/brand/getAllBrands                                                       |   157 ms | Status: PASS
[2026-01-05 17:58:53.326] GET    | https://dev-api-yodamembership.yodaprojects.com/brand/getAllBrands                                                       |   112 ms | Status: PASS
[2026-01-05 17:58:53.444] GET    | https://dev-api-yodamembership.yodaprojects.com/brand/getAllBrands                                                       |   103 ms | Status: PASS
[2026-01-05 17:58:54.619] POST   | tests/adminTests                                                                                                         |   878 ms | Status: PASS
[2026-01-05 17:58:54.973] POST   | tests/adminTests                                                                                                         |   335 ms | Status: PASS
[2026-01-05 17:58:55.258] POST   | tests/adminTests                                                                                                         |   255 ms | Status: PASS
[2026-01-05 17:58:55.503] POST   | tests/adminTests                                                                                                         |   226 ms | Status: PASS
[2026-01-05 17:58:55.739] POST   | tests/adminTests                                                                                                         |   222 ms | Status: PASS
[2026-01-05 17:58:56.000] POST   | tests/adminTests                                                                                                         |   247 ms | Status: PASS
[2026-01-05 17:58:56.234] POST   | tests/adminTests                                                                                                         |   219 ms | Status: PASS
[2026-01-05 17:58:56.479] POST   | tests/adminTests                                                                                                         |   225 ms | Status: PASS
[2026-01-05 17:59:17.967] POST   | tests/adminTests                                                                                                         | 21467 ms | Status: FAIL (SLA Violation)
[2026-01-05 17:59:18.110] POST   | /carts/v2/addCart                                                                                                        |   122 ms | Status: PASS
[2026-01-05 17:59:18.253] POST   | /carts/v2/addCart                                                                                                        |   126 ms | Status: PASS
[2026-01-05 17:59:18.417] POST   | /carts/v2/addCart                                                                                                        |   123 ms | Status: PASS
[2026-01-05 17:59:18.593] POST   | /carts/v2/addCart                                                                                                        |   165 ms | Status: PASS
[2026-01-05 17:59:18.767] POST   | /carts/v2/addCart                                                                                                        |   133 ms | Status: PASS
[2026-01-05 17:59:18.908] POST   | /carts/v2/addCart                                                                                                        |   133 ms | Status: PASS
[2026-01-05 17:59:19.108] POST   | /carts/v2/addCart                                                                                                        |   145 ms | Status: PASS
[2026-01-05 17:59:40.713] GET    | /carts/v2/getCartById/6a7b0214-b5f0-4e9b-b6c4-cd6123898ed3                                                               | 21577 ms | Status: FAIL (SLA Violation)
[2026-01-05 17:59:41.019] POST   | /address/addAddress                                                                                                      |   205 ms | Status: PASS
[2026-01-05 17:59:41.181] GET    | /address/getAddressByUserId/6a7b0214-b5f0-4e9b-b6c4-cd6123898ed3                                                         |   158 ms | Status: PASS
[2026-01-05 17:59:41.409] POST   | /slot/getSlotCountByTime                                                                                                 |   156 ms | Status: PASS
[2026-01-05 17:59:41.559] POST   | /carts/v2/addCart                                                                                                        |   131 ms | Status: PASS
[2026-01-05 17:59:41.900] GET    | /carts/v2/getCartById/6a7b0214-b5f0-4e9b-b6c4-cd6123898ed3                                                               |   327 ms | Status: PASS
[2026-01-05 18:00:06.728] POST   | /gateway/v2/VerifyPayment                                                                                                | 24786 ms | Status: FAIL (SLA Violation)
[2026-01-05 18:00:06.940] POST   | https://dev-api-yodadiagnostics.yodaprojects.com/gateway/getPaymentById                                                  |   144 ms | Status: PASS
[2026-01-05 18:00:07.120] GET    | /carts/v2/getCartById/6a7b0214-b5f0-4e9b-b6c4-cd6123898ed3                                                               |   176 ms | Status: PASS
[2026-01-05 18:00:07.494] POST   | https://dev-api-yodadiagnostics.yodaprojects.com/phlebo/loginPhlebo                                                      |   302 ms | Status: PASS
[2026-01-05 18:00:08.422] POST   | https://dev-api-yodadiagnostics.yodaprojects.com/order_tracking/assignOrder                                              |   880 ms | Status: PASS
[2026-01-05 18:00:08.617] GET    | https://dev-api-yodadiagnostics.yodaprojects.com/order_tracking/getOrderTrackingStatus/0ce6d75e-7670-4e04-b0b7-086cce29fbfe |   158 ms | Status: PASS
[2026-01-05 18:00:08.818] POST   | https://dev-api-yodadiagnostics.yodaprojects.com/order_tracking/updateOrderTracking                                      |   183 ms | Status: PASS
[2026-01-05 18:00:08.947] GET    | https://dev-api-yodadiagnostics.yodaprojects.com/order_tracking/getOrderTrackingStatus/0ce6d75e-7670-4e04-b0b7-086cce29fbfe |   123 ms | Status: PASS
[2026-01-05 18:00:09.363] GET    | /order/getOrderById/68c2c6a0-ce4d-4ea0-ac1f-9fa789cf9c23                                                                 |   403 ms | Status: PASS
[2026-01-05 18:00:10.069] POST   | https://dev-api-yodadiagnostics.yodaprojects.com/order_tracking/admin/verifyotp                                          |   678 ms | Status: PASS
[2026-01-05 18:00:10.208] GET    | https://dev-api-yodadiagnostics.yodaprojects.com/tests/getSampleType                                                     |   125 ms | Status: PASS
[2026-01-05 18:00:10.374] POST   | https://dev-api-yodadiagnostics.yodaprojects.com/order_tracking/updateOrderTracking                                      |   150 ms | Status: PASS
[2026-01-05 18:00:10.640] GET    | /order/getOrderById/68c2c6a0-ce4d-4ea0-ac1f-9fa789cf9c23                                                                 |   247 ms | Status: PASS
[2026-01-05 18:00:10.920] GET    | /order/getOrderById/68c2c6a0-ce4d-4ea0-ac1f-9fa789cf9c23                                                                 |   247 ms | Status: PASS
[2026-01-05 18:00:18.204] POST   | https://dev-api-yodadiagnostics.yodaprojects.com/order/approvepayment                                                    |  7209 ms | Status: FAIL (SLA Violation)
[2026-01-05 18:01:44.782] POST   | /users/addUser                                                                                                           |   699 ms | Status: PASS
[2026-01-05 18:01:46.496] POST   | /otps/getOtp                                                                                                             |   158 ms | Status: PASS
[2026-01-05 18:01:46.676] POST   | /otps/getOtp                                                                                                             |   159 ms | Status: PASS
[2026-01-05 18:01:46.899] POST   | /tests/getlocations                                                                                                      |   134 ms | Status: PASS
[2026-01-05 18:01:48.003] POST   | /tests/getlocations                                                                                                      |   143 ms | Status: PASS
[2026-01-05 18:02:09.669] POST   | /tests/getlocations                                                                                                      | 21169 ms | Status: FAIL (SLA Violation)
[2026-01-05 18:02:10.389] GET    | https://dev-api-yodamembership.yodaprojects.com/brand/getAllBrands                                                       |   199 ms | Status: PASS
[2026-01-05 18:02:10.537] GET    | https://dev-api-yodamembership.yodaprojects.com/brand/getAllBrands                                                       |   139 ms | Status: PASS
[2026-01-05 18:02:10.655] GET    | https://dev-api-yodamembership.yodaprojects.com/brand/getAllBrands                                                       |   106 ms | Status: PASS
[2026-01-05 18:02:12.167] POST   | tests/adminTests                                                                                                         |  1176 ms | Status: PASS
[2026-01-05 18:02:12.545] POST   | tests/adminTests                                                                                                         |   341 ms | Status: PASS
[2026-01-05 18:02:12.878] POST   | tests/adminTests                                                                                                         |   299 ms | Status: PASS
[2026-01-05 18:02:13.136] POST   | tests/adminTests                                                                                                         |   231 ms | Status: PASS
[2026-01-05 18:02:13.447] POST   | tests/adminTests                                                                                                         |   289 ms | Status: PASS
[2026-01-05 18:02:13.688] POST   | tests/adminTests                                                                                                         |   211 ms | Status: PASS
[2026-01-05 18:02:14.036] POST   | tests/adminTests                                                                                                         |   335 ms | Status: PASS
[2026-01-05 18:02:14.500] POST   | tests/adminTests                                                                                                         |   434 ms | Status: PASS
[2026-01-05 18:02:14.759] POST   | tests/adminTests                                                                                                         |   245 ms | Status: PASS
[2026-01-05 18:02:14.917] POST   | /carts/v2/addCart                                                                                                        |   120 ms | Status: PASS
[2026-01-05 18:02:15.060] POST   | /carts/v2/addCart                                                                                                        |   131 ms | Status: PASS
[2026-01-05 18:02:36.277] POST   | /carts/v2/addCart                                                                                                        | 21178 ms | Status: FAIL (SLA Violation)
[2026-01-05 18:02:36.423] POST   | /carts/v2/addCart                                                                                                        |   132 ms | Status: PASS
[2026-01-05 18:02:36.614] POST   | /carts/v2/addCart                                                                                                        |   152 ms | Status: PASS
[2026-01-05 18:02:36.761] POST   | /carts/v2/addCart                                                                                                        |   143 ms | Status: PASS
[2026-01-05 18:02:36.975] POST   | /carts/v2/addCart                                                                                                        |   174 ms | Status: PASS
[2026-01-05 18:02:37.626] GET    | /carts/v2/getCartById/6a7b0214-b5f0-4e9b-b6c4-cd6123898ed3                                                               |   626 ms | Status: PASS
[2026-01-05 18:02:37.883] POST   | /address/addAddress                                                                                                      |   203 ms | Status: PASS
[2026-01-05 18:02:38.030] GET    | /address/getAddressByUserId/6a7b0214-b5f0-4e9b-b6c4-cd6123898ed3                                                         |   140 ms | Status: PASS
[2026-01-05 18:02:38.293] POST   | /slot/getSlotCountByTime                                                                                                 |   170 ms | Status: PASS
[2026-01-05 18:02:38.488] POST   | /carts/v2/addCart                                                                                                        |   181 ms | Status: PASS
[2026-01-05 18:02:38.807] GET    | /carts/v2/getCartById/6a7b0214-b5f0-4e9b-b6c4-cd6123898ed3                                                               |   304 ms | Status: PASS
[2026-01-05 18:03:03.922] POST   | /gateway/v2/VerifyPayment                                                                                                | 25066 ms | Status: FAIL (SLA Violation)
[2026-01-05 18:03:04.097] POST   | https://dev-api-yodadiagnostics.yodaprojects.com/gateway/getPaymentById                                                  |   103 ms | Status: PASS
[2026-01-05 18:03:04.214] GET    | /carts/v2/getCartById/6a7b0214-b5f0-4e9b-b6c4-cd6123898ed3                                                               |   112 ms | Status: PASS
[2026-01-05 18:03:04.521] POST   | https://dev-api-yodadiagnostics.yodaprojects.com/phlebo/loginPhlebo                                                      |   264 ms | Status: PASS
[2026-01-05 18:03:05.395] POST   | https://dev-api-yodadiagnostics.yodaprojects.com/order_tracking/assignOrder                                              |   796 ms | Status: PASS
[2026-01-05 18:03:05.545] GET    | https://dev-api-yodadiagnostics.yodaprojects.com/order_tracking/getOrderTrackingStatus/c7024c0f-a4e2-401b-be75-f7d69eb4df83 |   106 ms | Status: PASS
[2026-01-05 18:03:05.704] POST   | https://dev-api-yodadiagnostics.yodaprojects.com/order_tracking/updateOrderTracking                                      |   138 ms | Status: PASS
[2026-01-05 18:03:05.857] GET    | https://dev-api-yodadiagnostics.yodaprojects.com/order_tracking/getOrderTrackingStatus/c7024c0f-a4e2-401b-be75-f7d69eb4df83 |   125 ms | Status: PASS
[2026-01-05 18:03:06.149] GET    | /order/getOrderById/6f88a7cc-0989-4967-9f21-a57188279b82                                                                 |   280 ms | Status: PASS
[2026-01-05 18:03:27.938] POST   | https://dev-api-yodadiagnostics.yodaprojects.com/order_tracking/admin/verifyotp                                          | 21747 ms | Status: FAIL (SLA Violation)
[2026-01-05 18:03:28.115] GET    | https://dev-api-yodadiagnostics.yodaprojects.com/tests/getSampleType                                                     |   157 ms | Status: PASS
[2026-01-05 18:05:48.033] POST   | /users/addUser                                                                                                           |   620 ms | Status: PASS
[2026-01-05 18:05:49.908] POST   | /otps/getOtp                                                                                                             |   131 ms | Status: PASS
[2026-01-05 18:05:50.060] POST   | /otps/getOtp                                                                                                             |   140 ms | Status: PASS
[2026-01-05 18:05:50.275] POST   | /tests/getlocations                                                                                                      |   127 ms | Status: PASS
[2026-01-05 18:05:51.360] POST   | /tests/getlocations                                                                                                      |   149 ms | Status: PASS
[2026-01-05 18:05:52.004] POST   | /tests/getlocations                                                                                                      |   153 ms | Status: PASS
[2026-01-05 18:05:53.075] GET    | https://dev-api-yodamembership.yodaprojects.com/brand/getAllBrands                                                       |   480 ms | Status: PASS
[2026-01-05 18:05:53.202] GET    | https://dev-api-yodamembership.yodaprojects.com/brand/getAllBrands                                                       |   120 ms | Status: PASS
[2026-01-05 18:05:53.330] GET    | https://dev-api-yodamembership.yodaprojects.com/brand/getAllBrands                                                       |   118 ms | Status: PASS
[2026-01-05 18:05:54.016] POST   | tests/adminTests                                                                                                         |   442 ms | Status: PASS
[2026-01-05 18:05:54.362] POST   | tests/adminTests                                                                                                         |   310 ms | Status: PASS
[2026-01-05 18:05:54.621] POST   | tests/adminTests                                                                                                         |   234 ms | Status: PASS
[2026-01-05 18:06:16.029] POST   | tests/adminTests                                                                                                         | 21389 ms | Status: FAIL (SLA Violation)
[2026-01-05 18:06:16.281] POST   | tests/adminTests                                                                                                         |   231 ms | Status: PASS
[2026-01-05 18:06:16.517] POST   | tests/adminTests                                                                                                         |   218 ms | Status: PASS
[2026-01-05 18:06:16.719] POST   | tests/adminTests                                                                                                         |   186 ms | Status: PASS
[2026-01-05 18:06:16.973] POST   | tests/adminTests                                                                                                         |   218 ms | Status: PASS
[2026-01-05 18:06:17.231] POST   | tests/adminTests                                                                                                         |   219 ms | Status: PASS
[2026-01-05 18:06:17.411] POST   | /carts/v2/addCart                                                                                                        |   162 ms | Status: PASS
[2026-01-05 18:06:17.561] POST   | /carts/v2/addCart                                                                                                        |   139 ms | Status: PASS
[2026-01-05 18:06:17.727] POST   | /carts/v2/addCart                                                                                                        |   111 ms | Status: PASS
[2026-01-05 18:06:17.850] POST   | /carts/v2/addCart                                                                                                        |   116 ms | Status: PASS
[2026-01-05 18:06:18.018] POST   | /carts/v2/addCart                                                                                                        |   115 ms | Status: PASS
[2026-01-05 18:06:18.145] POST   | /carts/v2/addCart                                                                                                        |   121 ms | Status: PASS
[2026-01-05 18:06:18.311] POST   | /carts/v2/addCart                                                                                                        |   131 ms | Status: PASS
[2026-01-05 18:06:39.809] GET    | /carts/v2/getCartById/6a7b0214-b5f0-4e9b-b6c4-cd6123898ed3                                                               | 21471 ms | Status: FAIL (SLA Violation)
[2026-01-05 18:06:39.979] POST   | /address/addAddress                                                                                                      |   118 ms | Status: PASS
[2026-01-05 18:06:40.110] GET    | /address/getAddressByUserId/6a7b0214-b5f0-4e9b-b6c4-cd6123898ed3                                                         |   125 ms | Status: PASS
[2026-01-05 18:07:01.380] POST   | /slot/getSlotCountByTime                                                                                                 | 21192 ms | Status: FAIL (SLA Violation)
[2026-01-05 18:07:01.696] POST   | /carts/v2/addCart                                                                                                        |   294 ms | Status: PASS
[2026-01-05 18:07:02.155] GET    | /carts/v2/getCartById/6a7b0214-b5f0-4e9b-b6c4-cd6123898ed3                                                               |   442 ms | Status: PASS
[2026-01-05 18:07:05.336] POST   | /gateway/v2/VerifyPayment                                                                                                |  3143 ms | Status: FAIL (SLA Violation)
[2026-01-05 18:07:05.530] POST   | https://dev-api-yodadiagnostics.yodaprojects.com/gateway/getPaymentById                                                  |   132 ms | Status: PASS
[2026-01-05 18:07:05.641] GET    | /carts/v2/getCartById/6a7b0214-b5f0-4e9b-b6c4-cd6123898ed3                                                               |   106 ms | Status: PASS
[2026-01-05 18:07:05.952] POST   | https://dev-api-yodadiagnostics.yodaprojects.com/phlebo/loginPhlebo                                                      |   272 ms | Status: PASS
[2026-01-05 18:07:06.666] POST   | https://dev-api-yodadiagnostics.yodaprojects.com/order_tracking/assignOrder                                              |   626 ms | Status: PASS
[2026-01-05 18:07:06.827] GET    | https://dev-api-yodadiagnostics.yodaprojects.com/order_tracking/getOrderTrackingStatus/60e7f4be-2964-427e-9cbb-7807b74932fd |   127 ms | Status: PASS
[2026-01-05 18:07:07.010] POST   | https://dev-api-yodadiagnostics.yodaprojects.com/order_tracking/updateOrderTracking                                      |   160 ms | Status: PASS
[2026-01-05 18:07:07.157] GET    | https://dev-api-yodadiagnostics.yodaprojects.com/order_tracking/getOrderTrackingStatus/60e7f4be-2964-427e-9cbb-7807b74932fd |   134 ms | Status: PASS
[2026-01-05 18:07:07.660] GET    | /order/getOrderById/c9e11a64-ad73-437e-8aae-764b473909a3                                                                 |   480 ms | Status: PASS
[2026-01-05 18:07:08.367] POST   | https://dev-api-yodadiagnostics.yodaprojects.com/order_tracking/admin/verifyotp                                          |   661 ms | Status: PASS
[2026-01-05 18:07:08.512] GET    | https://dev-api-yodadiagnostics.yodaprojects.com/tests/getSampleType                                                     |   127 ms | Status: PASS
[2026-01-05 18:07:08.664] POST   | https://dev-api-yodadiagnostics.yodaprojects.com/order_tracking/updateOrderTracking                                      |   135 ms | Status: PASS
[2026-01-05 18:07:09.230] GET    | /order/getOrderById/c9e11a64-ad73-437e-8aae-764b473909a3                                                                 |   551 ms | Status: PASS
[2026-01-05 18:07:51.377] POST   | /users/addUser                                                                                                           |   590 ms | Status: PASS
[2026-01-05 18:07:53.196] POST   | /otps/getOtp                                                                                                             |   158 ms | Status: PASS
[2026-01-05 18:07:53.366] POST   | /otps/getOtp                                                                                                             |   164 ms | Status: PASS
[2026-01-05 18:07:53.609] POST   | /tests/getlocations                                                                                                      |   144 ms | Status: PASS
[2026-01-05 18:07:54.400] POST   | /tests/getlocations                                                                                                      |   140 ms | Status: PASS
[2026-01-05 18:07:54.946] POST   | /tests/getlocations                                                                                                      |   145 ms | Status: PASS
[2026-01-05 18:07:55.739] GET    | https://dev-api-yodamembership.yodaprojects.com/brand/getAllBrands                                                       |   196 ms | Status: PASS
[2026-01-05 18:07:55.879] GET    | https://dev-api-yodamembership.yodaprojects.com/brand/getAllBrands                                                       |   126 ms | Status: PASS
[2026-01-05 18:07:56.022] GET    | https://dev-api-yodamembership.yodaprojects.com/brand/getAllBrands                                                       |   126 ms | Status: PASS
[2026-01-05 18:07:56.874] POST   | tests/adminTests                                                                                                         |   518 ms | Status: PASS
[2026-01-05 18:07:57.369] POST   | tests/adminTests                                                                                                         |   468 ms | Status: PASS
[2026-01-05 18:07:57.648] POST   | tests/adminTests                                                                                                         |   250 ms | Status: PASS
[2026-01-05 18:07:57.880] POST   | tests/adminTests                                                                                                         |   215 ms | Status: PASS
[2026-01-05 18:07:58.143] POST   | tests/adminTests                                                                                                         |   245 ms | Status: PASS
[2026-01-05 18:07:58.394] POST   | tests/adminTests                                                                                                         |   221 ms | Status: PASS
[2026-01-05 18:07:58.626] POST   | tests/adminTests                                                                                                         |   208 ms | Status: PASS
[2026-01-05 18:07:58.862] POST   | tests/adminTests                                                                                                         |   223 ms | Status: PASS
[2026-01-05 18:07:59.123] POST   | tests/adminTests                                                                                                         |   245 ms | Status: PASS
[2026-01-05 18:07:59.254] POST   | /carts/v2/addCart                                                                                                        |   116 ms | Status: PASS
[2026-01-05 18:07:59.645] POST   | /carts/v2/addCart                                                                                                        |   385 ms | Status: PASS
[2026-01-05 18:07:59.829] POST   | /carts/v2/addCart                                                                                                        |   147 ms | Status: PASS
[2026-01-05 18:08:00.000] POST   | /carts/v2/addCart                                                                                                        |   163 ms | Status: PASS
[2026-01-05 18:08:00.167] POST   | /carts/v2/addCart                                                                                                        |   122 ms | Status: PASS
[2026-01-05 18:08:00.391] POST   | /carts/v2/addCart                                                                                                        |   218 ms | Status: PASS
[2026-01-05 18:08:00.579] POST   | /carts/v2/addCart                                                                                                        |   143 ms | Status: PASS
[2026-01-05 18:08:00.919] GET    | /carts/v2/getCartById/6a7b0214-b5f0-4e9b-b6c4-cd6123898ed3                                                               |   315 ms | Status: PASS
[2026-01-05 18:08:01.108] POST   | /address/addAddress                                                                                                      |   121 ms | Status: PASS
[2026-01-05 18:08:01.230] GET    | /address/getAddressByUserId/6a7b0214-b5f0-4e9b-b6c4-cd6123898ed3                                                         |   117 ms | Status: PASS
[2026-01-05 18:08:01.459] POST   | /slot/getSlotCountByTime                                                                                                 |   169 ms | Status: PASS
[2026-01-05 18:08:01.593] POST   | /carts/v2/addCart                                                                                                        |   119 ms | Status: PASS
[2026-01-05 18:08:01.899] GET    | /carts/v2/getCartById/6a7b0214-b5f0-4e9b-b6c4-cd6123898ed3                                                               |   286 ms | Status: PASS
[2026-01-05 18:08:05.227] POST   | /gateway/v2/VerifyPayment                                                                                                |  3292 ms | Status: FAIL (SLA Violation)
[2026-01-05 18:08:26.488] POST   | https://dev-api-yodadiagnostics.yodaprojects.com/gateway/getPaymentById                                                  | 21183 ms | Status: FAIL (SLA Violation)
[2026-01-05 18:08:26.651] GET    | /carts/v2/getCartById/6a7b0214-b5f0-4e9b-b6c4-cd6123898ed3                                                               |   156 ms | Status: PASS
[2026-01-05 18:08:27.044] POST   | https://dev-api-yodadiagnostics.yodaprojects.com/phlebo/loginPhlebo                                                      |   304 ms | Status: PASS
[2026-01-05 18:08:27.930] POST   | https://dev-api-yodadiagnostics.yodaprojects.com/order_tracking/assignOrder                                              |   772 ms | Status: PASS
[2026-01-05 18:08:28.131] GET    | https://dev-api-yodadiagnostics.yodaprojects.com/order_tracking/getOrderTrackingStatus/c3f4d2cc-1a34-421a-a36b-2e286c3e4515 |   119 ms | Status: PASS
[2026-01-05 18:08:28.440] POST   | https://dev-api-yodadiagnostics.yodaprojects.com/order_tracking/updateOrderTracking                                      |   285 ms | Status: PASS
[2026-01-05 18:08:28.569] GET    | https://dev-api-yodadiagnostics.yodaprojects.com/order_tracking/getOrderTrackingStatus/c3f4d2cc-1a34-421a-a36b-2e286c3e4515 |   117 ms | Status: PASS
[2026-01-05 18:08:28.965] GET    | /order/getOrderById/7c99af6e-13b2-4270-abfe-70669191460e                                                                 |   373 ms | Status: PASS
[2026-01-05 18:08:29.489] POST   | https://dev-api-yodadiagnostics.yodaprojects.com/order_tracking/admin/verifyotp                                          |   463 ms | Status: PASS
[2026-01-05 18:08:29.651] GET    | https://dev-api-yodadiagnostics.yodaprojects.com/tests/getSampleType                                                     |   122 ms | Status: PASS
[2026-01-05 18:08:29.835] POST   | https://dev-api-yodadiagnostics.yodaprojects.com/order_tracking/updateOrderTracking                                      |   155 ms | Status: PASS
[2026-01-05 18:08:30.143] GET    | /order/getOrderById/7c99af6e-13b2-4270-abfe-70669191460e                                                                 |   274 ms | Status: PASS
[2026-01-05 18:14:34.822] POST   | /users/addUser                                                                                                           |   722 ms | Status: PASS
[2026-01-05 18:14:36.727] POST   | /otps/getOtp                                                                                                             |   134 ms | Status: PASS
[2026-01-05 18:14:36.870] POST   | /otps/getOtp                                                                                                             |   129 ms | Status: PASS
[2026-01-05 18:14:37.118] POST   | /tests/getlocations                                                                                                      |   134 ms | Status: PASS
[2026-01-05 18:14:38.108] POST   | /tests/getlocations                                                                                                      |   127 ms | Status: PASS
[2026-01-05 18:14:38.843] POST   | /tests/getlocations                                                                                                      |   135 ms | Status: PASS
[2026-01-05 18:15:00.836] GET    | https://dev-api-yodamembership.yodaprojects.com/brand/getAllBrands                                                       | 21259 ms | Status: FAIL (SLA Violation)
[2026-01-05 18:15:00.964] GET    | https://dev-api-yodamembership.yodaprojects.com/brand/getAllBrands                                                       |   115 ms | Status: PASS
[2026-01-05 18:15:01.109] GET    | https://dev-api-yodamembership.yodaprojects.com/brand/getAllBrands                                                       |   127 ms | Status: PASS
[2026-01-05 18:15:01.718] POST   | tests/adminTests                                                                                                         |   351 ms | Status: PASS
[2026-01-05 18:15:02.036] POST   | tests/adminTests                                                                                                         |   286 ms | Status: PASS
[2026-01-05 18:15:02.319] POST   | tests/adminTests                                                                                                         |   241 ms | Status: PASS
[2026-01-05 18:15:02.591] POST   | tests/adminTests                                                                                                         |   242 ms | Status: PASS
[2026-01-05 18:15:02.870] POST   | tests/adminTests                                                                                                         |   240 ms | Status: PASS
[2026-01-05 18:15:03.212] POST   | tests/adminTests                                                                                                         |   315 ms | Status: PASS
[2026-01-05 18:15:03.490] POST   | tests/adminTests                                                                                                         |   247 ms | Status: PASS
[2026-01-05 18:15:03.758] POST   | tests/adminTests                                                                                                         |   241 ms | Status: PASS
[2026-01-05 18:15:04.093] POST   | tests/adminTests                                                                                                         |   305 ms | Status: PASS
[2026-01-05 18:15:04.277] POST   | /carts/v2/addCart                                                                                                        |   150 ms | Status: PASS
[2026-01-05 18:15:04.424] POST   | /carts/v2/addCart                                                                                                        |   132 ms | Status: PASS
[2026-01-05 18:15:04.634] POST   | /carts/v2/addCart                                                                                                        |   146 ms | Status: PASS
[2026-01-05 18:15:04.772] POST   | /carts/v2/addCart                                                                                                        |   132 ms | Status: PASS
[2026-01-05 18:15:05.021] POST   | /carts/v2/addCart                                                                                                        |   144 ms | Status: PASS
[2026-01-05 18:15:05.151] POST   | /carts/v2/addCart                                                                                                        |   123 ms | Status: PASS
[2026-01-05 18:15:05.366] POST   | /carts/v2/addCart                                                                                                        |   142 ms | Status: PASS
[2026-01-05 18:15:05.792] GET    | /carts/v2/getCartById/6a7b0214-b5f0-4e9b-b6c4-cd6123898ed3                                                               |   391 ms | Status: PASS
[2026-01-05 18:15:06.004] POST   | /address/addAddress                                                                                                      |   152 ms | Status: PASS
[2026-01-05 18:15:06.150] GET    | /address/getAddressByUserId/6a7b0214-b5f0-4e9b-b6c4-cd6123898ed3                                                         |   136 ms | Status: PASS
[2026-01-05 18:15:06.383] POST   | /slot/getSlotCountByTime                                                                                                 |   146 ms | Status: PASS
[2026-01-05 18:15:06.550] POST   | /carts/v2/addCart                                                                                                        |   142 ms | Status: PASS
[2026-01-05 18:15:06.885] GET    | /carts/v2/getCartById/6a7b0214-b5f0-4e9b-b6c4-cd6123898ed3                                                               |   320 ms | Status: PASS
[2026-01-05 18:15:09.986] POST   | /gateway/v2/VerifyPayment                                                                                                |  3063 ms | Status: FAIL (SLA Violation)
[2026-01-05 18:15:10.161] POST   | https://dev-api-yodadiagnostics.yodaprojects.com/gateway/getPaymentById                                                  |   115 ms | Status: PASS
[2026-01-05 18:15:10.282] GET    | /carts/v2/getCartById/6a7b0214-b5f0-4e9b-b6c4-cd6123898ed3                                                               |   118 ms | Status: PASS
[2026-01-05 18:15:10.801] POST   | https://dev-api-yodadiagnostics.yodaprojects.com/phlebo/loginPhlebo                                                      |   472 ms | Status: PASS
[2026-01-05 18:15:11.528] POST   | https://dev-api-yodadiagnostics.yodaprojects.com/order_tracking/assignOrder                                              |   676 ms | Status: PASS
[2026-01-05 18:15:11.686] GET    | https://dev-api-yodadiagnostics.yodaprojects.com/order_tracking/getOrderTrackingStatus/bcf4a638-fc66-441e-9a31-0a4425a6af15 |   117 ms | Status: PASS
[2026-01-05 18:15:32.908] POST   | https://dev-api-yodadiagnostics.yodaprojects.com/order_tracking/updateOrderTracking                                      | 21204 ms | Status: FAIL (SLA Violation)
[2026-01-05 18:15:33.027] GET    | https://dev-api-yodadiagnostics.yodaprojects.com/order_tracking/getOrderTrackingStatus/bcf4a638-fc66-441e-9a31-0a4425a6af15 |   109 ms | Status: PASS
[2026-01-05 18:15:33.372] GET    | /order/getOrderById/33272c54-bb7e-4c91-880f-68a516373f64                                                                 |   332 ms | Status: PASS
[2026-01-05 18:15:34.016] POST   | https://dev-api-yodadiagnostics.yodaprojects.com/order_tracking/admin/verifyotp                                          |   590 ms | Status: PASS
[2026-01-05 18:15:34.151] GET    | https://dev-api-yodadiagnostics.yodaprojects.com/tests/getSampleType                                                     |   121 ms | Status: PASS
[2026-01-05 18:15:34.315] POST   | https://dev-api-yodadiagnostics.yodaprojects.com/order_tracking/updateOrderTracking                                      |   144 ms | Status: PASS
[2026-01-05 18:15:34.606] GET    | /order/getOrderById/33272c54-bb7e-4c91-880f-68a516373f64                                                                 |   272 ms | Status: PASS
[2026-01-05 18:15:34.863] GET    | /order/getOrderById/33272c54-bb7e-4c91-880f-68a516373f64                                                                 |   208 ms | Status: PASS
[2026-01-05 18:15:42.238] POST   | https://dev-api-yodadiagnostics.yodaprojects.com/order/approvepayment                                                    |  7308 ms | Status: FAIL (SLA Violation)
[2026-01-05 18:15:42.371] POST   | https://dev-api-yodadiagnostics.yodaprojects.com/gateway/getPaymentById                                                  |   114 ms | Status: PASS
[2026-01-05 18:17:53.112] POST   | /users/addUser                                                                                                           |   662 ms | Status: PASS
[2026-01-05 18:17:54.579] POST   | /otps/getOtp                                                                                                             |   110 ms | Status: PASS
[2026-01-05 18:17:54.699] POST   | /otps/getOtp                                                                                                             |   113 ms | Status: PASS
[2026-01-05 18:18:15.967] POST   | /tests/getlocations                                                                                                      | 21176 ms | Status: FAIL (SLA Violation)
[2026-01-05 18:18:16.697] POST   | /tests/getlocations                                                                                                      |   104 ms | Status: PASS
[2026-01-05 18:18:38.297] POST   | /tests/getlocations                                                                                                      | 21148 ms | Status: FAIL (SLA Violation)
[2026-01-05 18:18:39.051] GET    | https://dev-api-yodamembership.yodaprojects.com/brand/getAllBrands                                                       |   255 ms | Status: PASS
[2026-01-05 18:18:39.185] GET    | https://dev-api-yodamembership.yodaprojects.com/brand/getAllBrands                                                       |   117 ms | Status: PASS
[2026-01-05 18:18:39.332] GET    | https://dev-api-yodamembership.yodaprojects.com/brand/getAllBrands                                                       |   122 ms | Status: PASS
[2026-01-05 18:18:40.309] POST   | tests/adminTests                                                                                                         |   715 ms | Status: PASS
[2026-01-05 18:18:40.617] POST   | tests/adminTests                                                                                                         |   286 ms | Status: PASS
[2026-01-05 18:18:40.938] POST   | tests/adminTests                                                                                                         |   275 ms | Status: PASS
[2026-01-05 18:19:02.439] POST   | tests/adminTests                                                                                                         | 21463 ms | Status: FAIL (SLA Violation)
[2026-01-05 18:19:02.732] POST   | tests/adminTests                                                                                                         |   251 ms | Status: PASS
[2026-01-05 18:19:03.072] POST   | tests/adminTests                                                                                                         |   298 ms | Status: PASS
[2026-01-05 18:19:03.340] POST   | tests/adminTests                                                                                                         |   236 ms | Status: PASS
[2026-01-05 18:19:03.645] POST   | tests/adminTests                                                                                                         |   259 ms | Status: PASS
[2026-01-05 18:19:03.920] POST   | tests/adminTests                                                                                                         |   249 ms | Status: PASS
[2026-01-05 18:19:04.091] POST   | /carts/v2/addCart                                                                                                        |   135 ms | Status: PASS
[2026-01-05 18:19:04.255] POST   | /carts/v2/addCart                                                                                                        |   149 ms | Status: PASS
[2026-01-05 18:19:25.575] POST   | /carts/v2/addCart                                                                                                        | 21169 ms | Status: FAIL (SLA Violation)
[2026-01-05 18:19:25.716] POST   | /carts/v2/addCart                                                                                                        |   134 ms | Status: PASS
[2026-01-05 18:19:25.872] POST   | /carts/v2/addCart                                                                                                        |   110 ms | Status: PASS
[2026-01-05 18:20:08.121] POST   | /carts/v2/addCart                                                                                                        |   135 ms | Status: PASS
[2026-01-05 18:20:09.073] GET    | /carts/v2/getCartById/6a7b0214-b5f0-4e9b-b6c4-cd6123898ed3                                                               |   928 ms | Status: PASS
[2026-01-05 18:20:30.281] POST   | /address/addAddress                                                                                                      | 21132 ms | Status: FAIL (SLA Violation)
[2026-01-05 18:20:51.467] GET    | /address/getAddressByUserId/6a7b0214-b5f0-4e9b-b6c4-cd6123898ed3                                                         | 21182 ms | Status: FAIL (SLA Violation)
[2026-01-05 18:20:51.685] POST   | /slot/getSlotCountByTime                                                                                                 |   145 ms | Status: PASS
[2026-01-05 18:20:51.820] POST   | /carts/v2/addCart                                                                                                        |   118 ms | Status: PASS
[2026-01-05 18:20:52.347] GET    | /carts/v2/getCartById/6a7b0214-b5f0-4e9b-b6c4-cd6123898ed3                                                               |   496 ms | Status: PASS
[2026-01-05 18:20:55.516] POST   | /gateway/v2/VerifyPayment                                                                                                |  3129 ms | Status: FAIL (SLA Violation)
[2026-01-05 18:20:55.694] POST   | https://dev-api-yodadiagnostics.yodaprojects.com/gateway/getPaymentById                                                  |   114 ms | Status: PASS
[2026-01-05 18:20:55.800] GET    | /carts/v2/getCartById/6a7b0214-b5f0-4e9b-b6c4-cd6123898ed3                                                               |   100 ms | Status: PASS
[2026-01-05 18:20:56.063] POST   | https://dev-api-yodadiagnostics.yodaprojects.com/phlebo/loginPhlebo                                                      |   217 ms | Status: PASS
[2026-01-05 18:20:56.850] POST   | https://dev-api-yodadiagnostics.yodaprojects.com/order_tracking/assignOrder                                              |   718 ms | Status: PASS
[2026-01-05 18:20:56.980] GET    | https://dev-api-yodadiagnostics.yodaprojects.com/order_tracking/getOrderTrackingStatus/7c9b1e5c-2e49-4210-9e86-4fb6680296d3 |    94 ms | Status: PASS
[2026-01-05 18:20:57.140] POST   | https://dev-api-yodadiagnostics.yodaprojects.com/order_tracking/updateOrderTracking                                      |   140 ms | Status: PASS
[2026-01-05 18:20:57.258] GET    | https://dev-api-yodadiagnostics.yodaprojects.com/order_tracking/getOrderTrackingStatus/7c9b1e5c-2e49-4210-9e86-4fb6680296d3 |   105 ms | Status: PASS
[2026-01-05 18:20:57.611] GET    | /order/getOrderById/083c05a6-b6eb-4d37-a037-84d619cec903                                                                 |   329 ms | Status: PASS
[2026-01-05 18:20:58.185] POST   | https://dev-api-yodadiagnostics.yodaprojects.com/order_tracking/admin/verifyotp                                          |   543 ms | Status: PASS
[2026-01-05 18:20:58.323] GET    | https://dev-api-yodadiagnostics.yodaprojects.com/tests/getSampleType                                                     |   115 ms | Status: PASS
[2026-01-05 18:20:58.455] POST   | https://dev-api-yodadiagnostics.yodaprojects.com/order_tracking/updateOrderTracking                                      |   116 ms | Status: PASS
[2026-01-05 18:20:58.711] GET    | /order/getOrderById/083c05a6-b6eb-4d37-a037-84d619cec903                                                                 |   238 ms | Status: PASS
[2026-01-05 18:20:58.940] GET    | /order/getOrderById/083c05a6-b6eb-4d37-a037-84d619cec903                                                                 |   207 ms | Status: PASS
[2026-01-05 18:25:20.841] POST   | /users/addUser                                                                                                           |   610 ms | Status: PASS
[2026-01-05 18:25:22.568] POST   | /otps/getOtp                                                                                                             |   125 ms | Status: PASS
[2026-01-05 18:25:22.733] POST   | /otps/getOtp                                                                                                             |   158 ms | Status: PASS
[2026-01-05 18:25:22.954] POST   | /tests/getlocations                                                                                                      |   125 ms | Status: PASS
[2026-01-05 18:25:24.205] POST   | /tests/getlocations                                                                                                      |   121 ms | Status: PASS
[2026-01-05 18:25:46.071] POST   | /tests/getlocations                                                                                                      | 21181 ms | Status: FAIL (SLA Violation)
[2026-01-05 18:25:46.858] GET    | https://dev-api-yodamembership.yodaprojects.com/brand/getAllBrands                                                       |   176 ms | Status: PASS
[2026-01-05 18:25:46.982] GET    | https://dev-api-yodamembership.yodaprojects.com/brand/getAllBrands                                                       |   112 ms | Status: PASS
[2026-01-05 18:25:47.124] GET    | https://dev-api-yodamembership.yodaprojects.com/brand/getAllBrands                                                       |   124 ms | Status: PASS
[2026-01-05 18:25:47.665] POST   | tests/adminTests                                                                                                         |   309 ms | Status: PASS
[2026-01-05 18:25:47.970] POST   | tests/adminTests                                                                                                         |   273 ms | Status: PASS
[2026-01-05 18:25:48.434] POST   | tests/adminTests                                                                                                         |   436 ms | Status: PASS
[2026-01-05 18:26:09.847] POST   | tests/adminTests                                                                                                         | 21394 ms | Status: FAIL (SLA Violation)
[2026-01-05 18:26:10.174] POST   | tests/adminTests                                                                                                         |   279 ms | Status: PASS
[2026-01-05 18:26:10.405] POST   | tests/adminTests                                                                                                         |   215 ms | Status: PASS
[2026-01-05 18:26:10.607] POST   | tests/adminTests                                                                                                         |   189 ms | Status: PASS
[2026-01-05 18:26:10.856] POST   | tests/adminTests                                                                                                         |   226 ms | Status: PASS
[2026-01-05 18:26:11.102] POST   | tests/adminTests                                                                                                         |   230 ms | Status: PASS
[2026-01-05 18:26:11.255] POST   | /carts/v2/addCart                                                                                                        |   138 ms | Status: PASS
[2026-01-05 18:26:11.388] POST   | /carts/v2/addCart                                                                                                        |   122 ms | Status: PASS
[2026-01-05 18:26:11.533] POST   | /carts/v2/addCart                                                                                                        |   111 ms | Status: PASS
[2026-01-05 18:26:11.662] POST   | /carts/v2/addCart                                                                                                        |   123 ms | Status: PASS
[2026-01-05 18:26:11.840] POST   | /carts/v2/addCart                                                                                                        |   129 ms | Status: PASS
[2026-01-05 18:26:11.999] POST   | /carts/v2/addCart                                                                                                        |   148 ms | Status: PASS
[2026-01-05 18:26:12.160] POST   | /carts/v2/addCart                                                                                                        |   114 ms | Status: PASS
[2026-01-05 18:26:12.593] GET    | /carts/v2/getCartById/6a7b0214-b5f0-4e9b-b6c4-cd6123898ed3                                                               |   410 ms | Status: PASS
[2026-01-05 18:26:12.790] POST   | /address/addAddress                                                                                                      |   137 ms | Status: PASS
[2026-01-05 18:26:33.972] GET    | /address/getAddressByUserId/6a7b0214-b5f0-4e9b-b6c4-cd6123898ed3                                                         | 21177 ms | Status: FAIL (SLA Violation)
[2026-01-05 18:26:34.176] POST   | /slot/getSlotCountByTime                                                                                                 |   138 ms | Status: PASS
[2026-01-05 18:26:34.336] POST   | /carts/v2/addCart                                                                                                        |   134 ms | Status: PASS
[2026-01-05 18:26:34.716] GET    | /carts/v2/getCartById/6a7b0214-b5f0-4e9b-b6c4-cd6123898ed3                                                               |   365 ms | Status: PASS
[2026-01-05 18:26:37.897] POST   | /gateway/v2/VerifyPayment                                                                                                |  3140 ms | Status: FAIL (SLA Violation)
[2026-01-05 18:26:38.093] POST   | https://dev-api-yodadiagnostics.yodaprojects.com/gateway/getPaymentById                                                  |   128 ms | Status: PASS
[2026-01-05 18:26:38.245] GET    | /carts/v2/getCartById/6a7b0214-b5f0-4e9b-b6c4-cd6123898ed3                                                               |   147 ms | Status: PASS
[2026-01-05 18:26:38.522] POST   | https://dev-api-yodadiagnostics.yodaprojects.com/phlebo/loginPhlebo                                                      |   224 ms | Status: PASS
[2026-01-05 18:26:39.434] POST   | https://dev-api-yodadiagnostics.yodaprojects.com/order_tracking/assignOrder                                              |   860 ms | Status: PASS
[2026-01-05 18:26:39.612] GET    | https://dev-api-yodadiagnostics.yodaprojects.com/order_tracking/getOrderTrackingStatus/16d87917-3e4c-44c8-a39e-6e8f9e12bccc |   137 ms | Status: PASS
[2026-01-05 18:27:00.849] POST   | https://dev-api-yodadiagnostics.yodaprojects.com/order_tracking/updateOrderTracking                                      | 21208 ms | Status: FAIL (SLA Violation)
[2026-01-05 18:27:00.971] GET    | https://dev-api-yodadiagnostics.yodaprojects.com/order_tracking/getOrderTrackingStatus/16d87917-3e4c-44c8-a39e-6e8f9e12bccc |   111 ms | Status: PASS
[2026-01-05 18:27:01.474] GET    | /order/getOrderById/bfcd1c16-ddc2-4710-bc65-97b3cb3c9ef0                                                                 |   484 ms | Status: PASS
[2026-01-05 18:27:02.243] POST   | https://dev-api-yodadiagnostics.yodaprojects.com/order_tracking/admin/verifyotp                                          |   744 ms | Status: PASS
[2026-01-05 18:27:02.362] GET    | https://dev-api-yodadiagnostics.yodaprojects.com/tests/getSampleType                                                     |   103 ms | Status: PASS
[2026-01-05 18:27:02.514] POST   | https://dev-api-yodadiagnostics.yodaprojects.com/order_tracking/updateOrderTracking                                      |   133 ms | Status: PASS
[2026-01-05 18:27:02.764] GET    | /order/getOrderById/bfcd1c16-ddc2-4710-bc65-97b3cb3c9ef0                                                                 |   234 ms | Status: PASS
[2026-01-05 18:27:02.994] GET    | /order/getOrderById/bfcd1c16-ddc2-4710-bc65-97b3cb3c9ef0                                                                 |   210 ms | Status: PASS
[2026-01-05 18:27:30.930] POST   | https://dev-api-yodadiagnostics.yodaprojects.com/order/approvepayment                                                    | 27875 ms | Status: FAIL (SLA Violation)
[2026-01-05 18:27:31.046] POST   | https://dev-api-yodadiagnostics.yodaprojects.com/gateway/getPaymentById                                                  |   104 ms | Status: PASS
[2026-01-05 18:42:31.072] POST   | /users/addUser                                                                                                           |   625 ms | Status: PASS
[2026-01-05 18:42:31.925] POST   | /otps/getOtp                                                                                                             |   160 ms | Status: PASS
[2026-01-05 18:42:32.144] POST   | /otps/getOtp                                                                                                             |   191 ms | Status: PASS
[2026-01-05 18:42:32.372] POST   | /tests/getlocations                                                                                                      |   118 ms | Status: PASS
[2026-01-05 18:42:33.669] GET    | https://dev-api-yodamembership.yodaprojects.com/brand/getAllBrands                                                       |   121 ms | Status: PASS
[2026-01-05 18:42:34.374] POST   | tests/adminTests                                                                                                         |   326 ms | Status: PASS
[2026-01-05 18:42:34.686] POST   | tests/adminTests                                                                                                         |   286 ms | Status: PASS
[2026-01-05 18:42:35.019] POST   | tests/adminTests                                                                                                         |   292 ms | Status: PASS
[2026-01-05 18:42:35.196] POST   | /carts/v2/addCart                                                                                                        |   155 ms | Status: PASS
[2026-01-05 18:42:35.342] POST   | /carts/v2/addCart                                                                                                        |   128 ms | Status: PASS
[2026-01-05 18:42:35.549] POST   | /carts/v2/addCart                                                                                                        |   122 ms | Status: PASS
[2026-01-05 18:42:35.927] GET    | /carts/v2/getCartById/c5bfa012-ed48-4409-8046-a881629259c6                                                               |   347 ms | Status: PASS
[2026-01-05 18:42:36.138] POST   | /address/addAddress                                                                                                      |   140 ms | Status: PASS
[2026-01-05 18:42:36.398] POST   | /slot/getSlotCountByTime                                                                                                 |   157 ms | Status: PASS
[2026-01-05 18:42:36.562] POST   | /carts/v2/addCart                                                                                                        |   140 ms | Status: PASS
[2026-01-05 18:42:36.902] GET    | /carts/v2/getCartById/c5bfa012-ed48-4409-8046-a881629259c6                                                               |   307 ms | Status: PASS
[2026-01-05 18:42:40.148] POST   | /gateway/v2/VerifyPayment                                                                                                |  3197 ms | Status: FAIL (SLA Violation)
[2026-01-05 18:42:40.756] POST   | https://dev-api-yodadiagnostics.yodaprojects.com/gateway/getPaymentById                                                  |   547 ms | Status: PASS
[2026-01-05 18:42:41.372] GET    | /carts/v2/getCartById/c5bfa012-ed48-4409-8046-a881629259c6                                                               |   609 ms | Status: PASS
[2026-01-05 18:42:42.365] POST   | https://dev-api-yodadiagnostics.yodaprojects.com/phlebo/loginPhlebo                                                      |   946 ms | Status: PASS
[2026-01-05 18:42:43.524] POST   | https://dev-api-yodadiagnostics.yodaprojects.com/order_tracking/assignOrder                                              |  1089 ms | Status: PASS
[2026-01-05 18:42:44.236] GET    | https://dev-api-yodadiagnostics.yodaprojects.com/order_tracking/getOrderTrackingStatus/5ee3049c-2838-4ac0-840e-6d44a99bfb35 |   671 ms | Status: PASS
[2026-01-05 18:42:44.599] POST   | https://dev-api-yodadiagnostics.yodaprojects.com/order_tracking/updateOrderTracking                                      |   316 ms | Status: PASS
[2026-01-05 18:43:06.416] GET    | https://dev-api-yodadiagnostics.yodaprojects.com/order_tracking/getOrderTrackingStatus/5ee3049c-2838-4ac0-840e-6d44a99bfb35 | 21807 ms | Status: FAIL (SLA Violation)
[2026-01-05 18:43:07.379] GET    | /order/getOrderById/d7630262-b08d-44d0-9050-acc531bbd1cb                                                                 |   950 ms | Status: PASS
[2026-01-05 18:43:08.232] POST   | https://dev-api-yodadiagnostics.yodaprojects.com/order_tracking/admin/verifyotp                                          |   826 ms | Status: PASS
[2026-01-05 18:43:08.635] GET    | https://dev-api-yodadiagnostics.yodaprojects.com/tests/getSampleType                                                     |   385 ms | Status: PASS
[2026-01-05 18:43:08.812] POST   | https://dev-api-yodadiagnostics.yodaprojects.com/order_tracking/updateOrderTracking                                      |   161 ms | Status: PASS
[2026-01-05 18:43:09.069] GET    | /order/getOrderById/d7630262-b08d-44d0-9050-acc531bbd1cb                                                                 |   235 ms | Status: PASS
[2026-01-05 18:43:09.319] GET    | /order/getOrderById/d7630262-b08d-44d0-9050-acc531bbd1cb                                                                 |   219 ms | Status: PASS
[2026-01-05 18:43:12.347] POST   | https://dev-api-yodadiagnostics.yodaprojects.com/order/approvepayment                                                    |  2952 ms | Status: PASS
[2026-01-05 18:43:12.557] POST   | https://dev-api-yodadiagnostics.yodaprojects.com/gateway/getPaymentById                                                  |   193 ms | Status: PASS
[2026-01-05 19:19:51.376] POST   | /users/addUser                                                                                                           |  2556 ms | Status: PASS
[2026-01-05 19:19:54.938] POST   | /otps/getOtp                                                                                                             |   145 ms | Status: PASS
[2026-01-05 19:19:55.114] POST   | /otps/getOtp                                                                                                             |   159 ms | Status: PASS
[2026-01-05 19:19:55.434] POST   | /tests/getlocations                                                                                                      |   142 ms | Status: PASS
[2026-01-05 19:19:56.949] POST   | /tests/getlocations                                                                                                      |   143 ms | Status: PASS
[2026-01-05 19:19:58.096] POST   | /tests/getlocations                                                                                                      |   209 ms | Status: PASS
[2026-01-05 19:20:00.344] GET    | https://dev-api-yodamembership.yodaprojects.com/brand/getAllBrands                                                       |   516 ms | Status: PASS
[2026-01-05 19:20:00.488] GET    | https://dev-api-yodamembership.yodaprojects.com/brand/getAllBrands                                                       |   123 ms | Status: PASS
[2026-01-05 19:20:00.629] GET    | https://dev-api-yodamembership.yodaprojects.com/brand/getAllBrands                                                       |   124 ms | Status: PASS
[2026-01-05 19:20:01.535] POST   | tests/adminTests                                                                                                         |   418 ms | Status: PASS
[2026-01-05 19:20:01.949] POST   | tests/adminTests                                                                                                         |   373 ms | Status: PASS
[2026-01-05 19:20:02.397] POST   | tests/adminTests                                                                                                         |   410 ms | Status: PASS
[2026-01-05 19:20:02.791] POST   | tests/adminTests                                                                                                         |   361 ms | Status: PASS
[2026-01-05 19:20:24.907] POST   | tests/adminTests                                                                                                         | 22081 ms | Status: FAIL (SLA Violation)
[2026-01-05 19:20:25.277] POST   | tests/adminTests                                                                                                         |   349 ms | Status: PASS
[2026-01-05 19:20:40.528] POST   | /carts/v2/addCart                                                                                                        |   141 ms | Status: PASS
[2026-01-05 19:20:40.724] POST   | /carts/v2/addCart                                                                                                        |   180 ms | Status: PASS
[2026-01-05 19:20:41.160] POST   | /carts/v2/addCart                                                                                                        |   355 ms | Status: PASS
[2026-01-05 19:20:41.503] POST   | /carts/v2/addCart                                                                                                        |   330 ms | Status: PASS
[2026-01-05 19:20:42.524] POST   | /carts/v2/addCart                                                                                                        |   958 ms | Status: PASS
[2026-01-05 19:20:42.732] POST   | /carts/v2/addCart                                                                                                        |   192 ms | Status: PASS
[2026-01-05 19:20:42.986] GET    | https://dev-api-yodadiagnostics.yodaprojects.com/users/getUser/2eba087d-06b8-4aa1-8edd-873db3fcb659                      |   189 ms | Status: PASS
[2026-01-05 19:20:43.140] POST   | /carts/v2/addCart                                                                                                        |   128 ms | Status: PASS
[2026-01-05 19:20:43.545] GET    | /carts/v2/getCartById/2eba087d-06b8-4aa1-8edd-873db3fcb659                                                               |   372 ms | Status: PASS
[2026-01-05 19:20:43.866] POST   | /address/addAddress                                                                                                      |   159 ms | Status: PASS
[2026-01-05 19:21:05.210] POST   | /slot/getSlotCountByTime                                                                                                 | 21230 ms | Status: FAIL (SLA Violation)
[2026-01-05 19:21:05.407] POST   | /carts/v2/addCart                                                                                                        |   140 ms | Status: PASS
[2026-01-05 19:21:08.900] POST   | /gateway/v2/VerifyPayment                                                                                                |  3458 ms | Status: FAIL (SLA Violation)
[2026-01-05 19:21:09.392] POST   | https://dev-api-yodadiagnostics.yodaprojects.com/gateway/getPaymentById                                                  |   330 ms | Status: PASS
[2026-01-05 19:21:10.192] GET    | /order/getOrderById/080fa348-44d4-486f-9072-76fa03dfd6a8                                                                 |   787 ms | Status: PASS
[2026-01-05 19:21:10.926] POST   | https://dev-api-yodadiagnostics.yodaprojects.com/phlebo/loginPhlebo                                                      |   628 ms | Status: PASS
[2026-01-05 19:21:11.842] POST   | https://dev-api-yodadiagnostics.yodaprojects.com/order_tracking/assignOrder                                              |   808 ms | Status: PASS
[2026-01-05 19:21:12.499] GET    | https://dev-api-yodadiagnostics.yodaprojects.com/order_tracking/getOrderTrackingStatus/c4471f61-6274-40eb-b866-c66a791c6bec |   582 ms | Status: PASS
[2026-01-05 19:21:12.841] POST   | https://dev-api-yodadiagnostics.yodaprojects.com/order_tracking/updateOrderTracking                                      |   314 ms | Status: PASS
[2026-01-05 19:21:12.973] GET    | https://dev-api-yodadiagnostics.yodaprojects.com/order_tracking/getOrderTrackingStatus/c4471f61-6274-40eb-b866-c66a791c6bec |   125 ms | Status: PASS
[2026-01-05 19:21:13.288] GET    | /order/getOrderById/080fa348-44d4-486f-9072-76fa03dfd6a8                                                                 |   290 ms | Status: PASS
[2026-01-05 19:21:13.953] POST   | https://dev-api-yodadiagnostics.yodaprojects.com/order_tracking/admin/verifyotp                                          |   618 ms | Status: PASS
[2026-01-05 19:21:14.209] GET    | https://dev-api-yodadiagnostics.yodaprojects.com/tests/getSampleType                                                     |   231 ms | Status: PASS
[2026-01-05 19:21:14.389] POST   | https://dev-api-yodadiagnostics.yodaprojects.com/order_tracking/updateOrderTracking                                      |   152 ms | Status: PASS
[2026-01-05 19:21:14.635] GET    | https://dev-api-yodadiagnostics.yodaprojects.com/users/getUser/6a7b0214-b5f0-4e9b-b6c4-cd6123898ed3                      |   214 ms | Status: PASS
[2026-01-05 19:21:14.856] POST   | /carts/v2/addCart                                                                                                        |   194 ms | Status: PASS
[2026-01-05 19:21:15.277] GET    | /carts/v2/getCartById/6a7b0214-b5f0-4e9b-b6c4-cd6123898ed3                                                               |   399 ms | Status: PASS
[2026-01-05 19:21:15.852] POST   | /address/addAddress                                                                                                      |   178 ms | Status: PASS
[2026-01-05 19:21:16.007] GET    | /address/getAddressByUserId/6a7b0214-b5f0-4e9b-b6c4-cd6123898ed3                                                         |   146 ms | Status: PASS
[2026-01-05 19:21:16.438] POST   | /slot/getSlotCountByTime                                                                                                 |   242 ms | Status: PASS
[2026-01-05 19:21:16.655] POST   | /carts/v2/addCart                                                                                                        |   186 ms | Status: PASS
[2026-01-05 19:21:20.251] POST   | /gateway/v2/VerifyPayment                                                                                                |  3560 ms | Status: FAIL (SLA Violation)
[2026-01-05 19:21:42.036] POST   | https://dev-api-yodadiagnostics.yodaprojects.com/gateway/getPaymentById                                                  | 21681 ms | Status: FAIL (SLA Violation)
[2026-01-05 19:21:42.956] GET    | /order/getOrderById/d52b1e20-4d8d-4f65-b8e8-117a4e0288c8                                                                 |   907 ms | Status: PASS
[2026-01-05 19:21:43.665] POST   | https://dev-api-yodadiagnostics.yodaprojects.com/phlebo/loginPhlebo                                                      |   659 ms | Status: PASS
[2026-01-05 19:21:44.528] POST   | https://dev-api-yodadiagnostics.yodaprojects.com/order_tracking/assignOrder                                              |   759 ms | Status: PASS
[2026-01-05 19:21:44.918] GET    | https://dev-api-yodadiagnostics.yodaprojects.com/order_tracking/getOrderTrackingStatus/316404a4-297c-4cd9-ae09-f98387c2cabc |   336 ms | Status: PASS
[2026-01-05 19:21:45.077] POST   | https://dev-api-yodadiagnostics.yodaprojects.com/order_tracking/updateOrderTracking                                      |   139 ms | Status: PASS
[2026-01-05 19:21:45.202] GET    | https://dev-api-yodadiagnostics.yodaprojects.com/order_tracking/getOrderTrackingStatus/316404a4-297c-4cd9-ae09-f98387c2cabc |   120 ms | Status: PASS
[2026-01-05 19:21:45.515] GET    | /order/getOrderById/d52b1e20-4d8d-4f65-b8e8-117a4e0288c8                                                                 |   294 ms | Status: PASS
[2026-01-05 19:21:46.075] POST   | https://dev-api-yodadiagnostics.yodaprojects.com/order_tracking/admin/verifyotp                                          |   527 ms | Status: PASS
[2026-01-05 19:21:46.231] GET    | https://dev-api-yodadiagnostics.yodaprojects.com/tests/getSampleType                                                     |   124 ms | Status: PASS
[2026-01-05 19:21:46.397] POST   | https://dev-api-yodadiagnostics.yodaprojects.com/order_tracking/updateOrderTracking                                      |   146 ms | Status: PASS
[2026-01-05 19:22:08.331] GET    | https://dev-api-yodadiagnostics.yodaprojects.com/users/getUser/db682abb-31d1-44df-bf19-557b003a5c69                      | 21907 ms | Status: FAIL (SLA Violation)
[2026-01-05 19:22:08.498] POST   | /carts/v2/addCart                                                                                                        |   147 ms | Status: PASS
[2026-01-05 19:22:08.938] GET    | /carts/v2/getCartById/db682abb-31d1-44df-bf19-557b003a5c69                                                               |   419 ms | Status: PASS
[2026-01-05 19:22:09.276] POST   | /address/addAddress                                                                                                      |   152 ms | Status: PASS
[2026-01-05 19:22:09.424] GET    | /address/getAddressByUserId/db682abb-31d1-44df-bf19-557b003a5c69                                                         |   141 ms | Status: PASS
[2026-01-05 19:22:09.672] POST   | /slot/getSlotCountByTime                                                                                                 |   132 ms | Status: PASS
[2026-01-05 19:22:09.829] POST   | /carts/v2/addCart                                                                                                        |   132 ms | Status: PASS
[2026-01-05 19:22:13.820] POST   | /gateway/v2/VerifyPayment                                                                                                |  3957 ms | Status: FAIL (SLA Violation)
[2026-01-05 19:22:14.064] POST   | https://dev-api-yodadiagnostics.yodaprojects.com/gateway/getPaymentById                                                  |   175 ms | Status: PASS
[2026-01-05 19:22:14.349] GET    | /order/getOrderById/a762be44-cfbb-4ece-94ba-fe8cbbfdbd5b                                                                 |   279 ms | Status: PASS
[2026-01-05 19:22:14.781] POST   | https://dev-api-yodadiagnostics.yodaprojects.com/phlebo/loginPhlebo                                                      |   396 ms | Status: PASS
[2026-01-05 19:22:15.880] POST   | https://dev-api-yodadiagnostics.yodaprojects.com/order_tracking/assignOrder                                              |  1025 ms | Status: PASS
[2026-01-05 19:22:16.640] GET    | https://dev-api-yodadiagnostics.yodaprojects.com/order_tracking/getOrderTrackingStatus/5767ee32-5838-4ef1-9df9-7ecafa18a14b |   707 ms | Status: PASS
[2026-01-05 19:22:17.279] POST   | https://dev-api-yodadiagnostics.yodaprojects.com/order_tracking/updateOrderTracking                                      |   623 ms | Status: PASS
[2026-01-05 19:22:18.683] GET    | https://dev-api-yodadiagnostics.yodaprojects.com/order_tracking/getOrderTrackingStatus/5767ee32-5838-4ef1-9df9-7ecafa18a14b |  1398 ms | Status: PASS
[2026-01-05 19:22:19.406] GET    | /order/getOrderById/a762be44-cfbb-4ece-94ba-fe8cbbfdbd5b                                                                 |   706 ms | Status: PASS
[2026-01-05 19:22:20.531] POST   | https://dev-api-yodadiagnostics.yodaprojects.com/order_tracking/admin/verifyotp                                          |  1097 ms | Status: PASS
[2026-01-05 19:22:41.956] GET    | https://dev-api-yodadiagnostics.yodaprojects.com/tests/getSampleType                                                     | 21409 ms | Status: FAIL (SLA Violation)
[2026-01-05 19:22:42.587] POST   | https://dev-api-yodadiagnostics.yodaprojects.com/order_tracking/updateOrderTracking                                      |   609 ms | Status: PASS
[2026-01-06 15:20:25.602] POST   | /users/addUser                                                                                                           |   729 ms | Status: PASS
[2026-01-06 15:20:26.423] POST   | /otps/getOtp                                                                                                             |   138 ms | Status: PASS
[2026-01-06 15:20:26.636] POST   | /tests/getlocations                                                                                                      |   135 ms | Status: PASS
[2026-01-06 15:20:28.267] POST   | /tests/getlocations                                                                                                      |   138 ms | Status: PASS
[2026-01-06 15:20:28.974] POST   | /tests/getlocations                                                                                                      |   178 ms | Status: PASS
[2026-01-06 15:20:29.940] GET    | https://dev-api-yodamembership.yodaprojects.com/brand/getAllBrands                                                       |   190 ms | Status: PASS
[2026-01-06 15:20:30.284] GET    | https://dev-api-yodamembership.yodaprojects.com/brand/getAllBrands                                                       |   332 ms | Status: PASS
[2026-01-06 15:20:30.410] GET    | https://dev-api-yodamembership.yodaprojects.com/brand/getAllBrands                                                       |   116 ms | Status: PASS
[2026-01-06 15:20:30.920] POST   | /carts/v2/addCart                                                                                                        |   109 ms | Status: PASS
[2026-01-06 15:20:31.092] POST   | /carts/v2/addCart                                                                                                        |   156 ms | Status: PASS
[2026-01-06 15:20:31.324] POST   | /carts/v2/addCart                                                                                                        |   217 ms | Status: PASS
[2026-01-06 15:20:31.559] POST   | https://dev-api-yodadiagnostics.yodaprojects.com/otps/getOtp                                                             |   208 ms | Status: PASS
[2026-01-06 15:20:31.758] POST   | https://dev-api-yodadiagnostics.yodaprojects.com/otps/getOtp                                                             |   192 ms | Status: PASS
[2026-01-06 15:22:21.500] POST   | /users/addUser                                                                                                           |   749 ms | Status: PASS
[2026-01-06 15:22:23.138] POST   | /otps/getOtp                                                                                                             |   133 ms | Status: PASS
[2026-01-06 15:22:23.286] POST   | /otps/getOtp                                                                                                             |   141 ms | Status: PASS
[2026-01-06 15:22:23.551] POST   | /tests/getlocations                                                                                                      |   169 ms | Status: PASS
[2026-01-06 15:22:24.507] POST   | /tests/getlocations                                                                                                      |   133 ms | Status: PASS
[2026-01-06 15:22:25.350] POST   | /tests/getlocations                                                                                                      |   252 ms | Status: PASS
[2026-01-06 15:22:26.332] GET    | https://dev-api-yodamembership.yodaprojects.com/brand/getAllBrands                                                       |   121 ms | Status: PASS
[2026-01-06 15:22:26.451] GET    | https://dev-api-yodamembership.yodaprojects.com/brand/getAllBrands                                                       |   106 ms | Status: PASS
[2026-01-06 15:22:26.561] GET    | https://dev-api-yodamembership.yodaprojects.com/brand/getAllBrands                                                       |    99 ms | Status: PASS
[2026-01-06 15:22:27.355] POST   | tests/adminTests                                                                                                         |   472 ms | Status: PASS
[2026-01-06 15:22:27.705] POST   | tests/adminTests                                                                                                         |   322 ms | Status: PASS
[2026-01-06 15:22:27.992] POST   | tests/adminTests                                                                                                         |   246 ms | Status: PASS
[2026-01-06 15:22:28.281] POST   | tests/adminTests                                                                                                         |   254 ms | Status: PASS
[2026-01-06 15:22:28.719] POST   | tests/adminTests                                                                                                         |   408 ms | Status: PASS
[2026-01-06 15:22:28.958] POST   | tests/adminTests                                                                                                         |   218 ms | Status: PASS
[2026-01-06 15:22:29.200] POST   | tests/adminTests                                                                                                         |   227 ms | Status: PASS
[2026-01-06 15:22:29.746] POST   | tests/adminTests                                                                                                         |   528 ms | Status: PASS
[2026-01-06 15:22:30.057] POST   | tests/adminTests                                                                                                         |   297 ms | Status: PASS
[2026-01-06 15:22:30.202] POST   | /carts/v2/addCart                                                                                                        |   131 ms | Status: PASS
[2026-01-06 15:22:30.353] POST   | /carts/v2/addCart                                                                                                        |   140 ms | Status: PASS
[2026-01-06 15:22:30.561] POST   | /carts/v2/addCart                                                                                                        |   161 ms | Status: PASS
[2026-01-06 15:22:30.729] POST   | /carts/v2/addCart                                                                                                        |   155 ms | Status: PASS
[2026-01-06 15:22:30.931] POST   | /carts/v2/addCart                                                                                                        |   144 ms | Status: PASS
[2026-01-06 15:22:31.087] POST   | /carts/v2/addCart                                                                                                        |   149 ms | Status: PASS
[2026-01-06 15:22:31.269] POST   | /carts/v2/addCart                                                                                                        |   116 ms | Status: PASS
[2026-01-06 15:22:31.644] GET    | /carts/v2/getCartById/6a7b0214-b5f0-4e9b-b6c4-cd6123898ed3                                                               |   349 ms | Status: PASS
[2026-01-06 15:22:31.833] POST   | /address/addAddress                                                                                                      |   133 ms | Status: PASS
[2026-01-06 15:22:31.963] GET    | /address/getAddressByUserId/6a7b0214-b5f0-4e9b-b6c4-cd6123898ed3                                                         |   123 ms | Status: PASS
[2026-01-06 15:23:01.749] POST   | /slot/getSlotCountByTime                                                                                                 | 29701 ms | Status: FAIL (SLA Violation)
[2026-01-06 15:23:01.914] POST   | /carts/v2/addCart                                                                                                        |   152 ms | Status: PASS
[2026-01-06 15:23:02.444] GET    | /carts/v2/getCartById/6a7b0214-b5f0-4e9b-b6c4-cd6123898ed3                                                               |   505 ms | Status: PASS
[2026-01-06 15:23:05.557] POST   | /gateway/v2/VerifyPayment                                                                                                |  3058 ms | Status: FAIL (SLA Violation)
[2026-01-06 15:23:05.746] POST   | https://dev-api-yodadiagnostics.yodaprojects.com/gateway/getPaymentById                                                  |   117 ms | Status: PASS
[2026-01-06 15:23:05.897] GET    | /carts/v2/getCartById/6a7b0214-b5f0-4e9b-b6c4-cd6123898ed3                                                               |   145 ms | Status: PASS
[2026-01-06 15:23:06.191] POST   | https://dev-api-yodadiagnostics.yodaprojects.com/phlebo/loginPhlebo                                                      |   253 ms | Status: PASS
[2026-01-06 15:23:07.102] POST   | https://dev-api-yodadiagnostics.yodaprojects.com/order_tracking/assignOrder                                              |   855 ms | Status: PASS
[2026-01-06 15:23:07.282] GET    | https://dev-api-yodadiagnostics.yodaprojects.com/order_tracking/getOrderTrackingStatus/3f8dd763-3f68-4740-88ca-bb9e20c2d92d |   143 ms | Status: PASS
[2026-01-06 15:23:07.438] POST   | https://dev-api-yodadiagnostics.yodaprojects.com/order_tracking/updateOrderTracking                                      |   141 ms | Status: PASS
[2026-01-06 15:23:07.556] GET    | https://dev-api-yodadiagnostics.yodaprojects.com/order_tracking/getOrderTrackingStatus/3f8dd763-3f68-4740-88ca-bb9e20c2d92d |   107 ms | Status: PASS
[2026-01-06 15:23:07.879] GET    | /order/getOrderById/1b7d8d37-e40e-4091-824b-a2908792d8b3                                                                 |   312 ms | Status: PASS
[2026-01-06 15:23:08.634] POST   | https://dev-api-yodadiagnostics.yodaprojects.com/order_tracking/admin/verifyotp                                          |   724 ms | Status: PASS
[2026-01-06 15:23:08.762] GET    | https://dev-api-yodadiagnostics.yodaprojects.com/tests/getSampleType                                                     |   114 ms | Status: PASS
[2026-01-06 15:23:08.909] POST   | https://dev-api-yodadiagnostics.yodaprojects.com/order_tracking/updateOrderTracking                                      |   129 ms | Status: PASS
[2026-01-06 15:23:09.185] GET    | /order/getOrderById/1b7d8d37-e40e-4091-824b-a2908792d8b3                                                                 |   258 ms | Status: PASS
[2026-01-06 15:23:09.445] GET    | /order/getOrderById/1b7d8d37-e40e-4091-824b-a2908792d8b3                                                                 |   236 ms | Status: PASS
[2026-01-06 15:23:18.607] POST   | https://dev-api-yodadiagnostics.yodaprojects.com/order/approvepayment                                                    |  9055 ms | Status: FAIL (SLA Violation)
[2026-01-06 15:23:18.756] POST   | https://dev-api-yodadiagnostics.yodaprojects.com/gateway/getPaymentById                                                  |   134 ms | Status: PASS
[2026-01-06 15:24:11.591] POST   | /users/addUser                                                                                                           |   673 ms | Status: PASS
[2026-01-06 15:24:13.301] POST   | /otps/getOtp                                                                                                             |   130 ms | Status: PASS
[2026-01-06 15:24:13.476] POST   | /otps/getOtp                                                                                                             |   165 ms | Status: PASS
[2026-01-06 15:24:13.749] POST   | /tests/getlocations                                                                                                      |   133 ms | Status: PASS
[2026-01-06 15:24:14.944] POST   | /tests/getlocations                                                                                                      |   162 ms | Status: PASS
[2026-01-06 15:24:15.529] POST   | /tests/getlocations                                                                                                      |   119 ms | Status: PASS
[2026-01-06 15:24:16.428] GET    | https://dev-api-yodamembership.yodaprojects.com/brand/getAllBrands                                                       |   156 ms | Status: PASS
[2026-01-06 15:24:16.537] GET    | https://dev-api-yodamembership.yodaprojects.com/brand/getAllBrands                                                       |   100 ms | Status: PASS
[2026-01-06 15:24:16.651] GET    | https://dev-api-yodamembership.yodaprojects.com/brand/getAllBrands                                                       |   103 ms | Status: PASS
[2026-01-06 15:24:17.450] POST   | tests/adminTests                                                                                                         |   431 ms | Status: PASS
[2026-01-06 15:24:17.811] POST   | tests/adminTests                                                                                                         |   332 ms | Status: PASS
[2026-01-06 15:24:18.100] POST   | tests/adminTests                                                                                                         |   268 ms | Status: PASS
[2026-01-06 15:24:18.372] POST   | tests/adminTests                                                                                                         |   257 ms | Status: PASS
[2026-01-06 15:24:18.626] POST   | tests/adminTests                                                                                                         |   237 ms | Status: PASS
[2026-01-06 15:24:18.876] POST   | tests/adminTests                                                                                                         |   234 ms | Status: PASS
[2026-01-06 15:24:19.112] POST   | tests/adminTests                                                                                                         |   220 ms | Status: PASS
[2026-01-06 15:24:19.368] POST   | tests/adminTests                                                                                                         |   237 ms | Status: PASS
[2026-01-06 15:24:19.590] POST   | tests/adminTests                                                                                                         |   206 ms | Status: PASS
[2026-01-06 15:24:19.804] POST   | /carts/v2/addCart                                                                                                        |   179 ms | Status: PASS
[2026-01-06 15:24:20.003] POST   | /carts/v2/addCart                                                                                                        |   188 ms | Status: PASS
[2026-01-06 15:24:20.165] POST   | /carts/v2/addCart                                                                                                        |   112 ms | Status: PASS
[2026-01-06 15:24:20.329] POST   | /carts/v2/addCart                                                                                                        |   154 ms | Status: PASS
[2026-01-06 15:24:20.496] POST   | /carts/v2/addCart                                                                                                        |   132 ms | Status: PASS
[2026-01-06 15:24:20.686] POST   | /carts/v2/addCart                                                                                                        |   176 ms | Status: PASS
[2026-01-06 15:24:20.853] POST   | /carts/v2/addCart                                                                                                        |   127 ms | Status: PASS
[2026-01-06 15:24:21.279] GET    | /carts/v2/getCartById/6a7b0214-b5f0-4e9b-b6c4-cd6123898ed3                                                               |   408 ms | Status: PASS
[2026-01-06 15:24:21.558] POST   | /address/addAddress                                                                                                      |   229 ms | Status: PASS
[2026-01-06 15:24:21.681] GET    | /address/getAddressByUserId/6a7b0214-b5f0-4e9b-b6c4-cd6123898ed3                                                         |   120 ms | Status: PASS
[2026-01-06 15:24:21.863] POST   | /slot/getSlotCountByTime                                                                                                 |   119 ms | Status: PASS
[2026-01-06 15:24:22.036] POST   | /carts/v2/addCart                                                                                                        |   133 ms | Status: PASS
[2026-01-06 15:24:22.345] GET    | /carts/v2/getCartById/6a7b0214-b5f0-4e9b-b6c4-cd6123898ed3                                                               |   290 ms | Status: PASS
[2026-01-06 15:24:25.570] POST   | /gateway/v2/VerifyPayment                                                                                                |  3163 ms | Status: FAIL (SLA Violation)
[2026-01-06 15:24:25.797] POST   | https://dev-api-yodadiagnostics.yodaprojects.com/gateway/getPaymentById                                                  |   167 ms | Status: PASS
[2026-01-06 15:24:25.917] GET    | /carts/v2/getCartById/6a7b0214-b5f0-4e9b-b6c4-cd6123898ed3                                                               |   116 ms | Status: PASS
[2026-01-06 15:24:26.218] POST   | https://dev-api-yodadiagnostics.yodaprojects.com/phlebo/loginPhlebo                                                      |   254 ms | Status: PASS
[2026-01-06 15:24:26.989] POST   | https://dev-api-yodadiagnostics.yodaprojects.com/order_tracking/assignOrder                                              |   721 ms | Status: PASS
[2026-01-06 15:24:27.286] GET    | https://dev-api-yodadiagnostics.yodaprojects.com/order_tracking/getOrderTrackingStatus/aa99b8bc-c7d3-485d-836c-6a0bfaa7d2b4 |   258 ms | Status: PASS
[2026-01-06 15:24:27.514] POST   | https://dev-api-yodadiagnostics.yodaprojects.com/order_tracking/updateOrderTracking                                      |   212 ms | Status: PASS
[2026-01-06 15:24:27.670] GET    | https://dev-api-yodadiagnostics.yodaprojects.com/order_tracking/getOrderTrackingStatus/aa99b8bc-c7d3-485d-836c-6a0bfaa7d2b4 |   147 ms | Status: PASS
[2026-01-06 15:24:28.155] GET    | /order/getOrderById/4269902f-a6ba-4ef6-aa9d-30e102200652                                                                 |   465 ms | Status: PASS
[2026-01-06 15:24:28.731] POST   | https://dev-api-yodadiagnostics.yodaprojects.com/order_tracking/admin/verifyotp                                          |   553 ms | Status: PASS
[2026-01-06 15:24:28.858] GET    | https://dev-api-yodadiagnostics.yodaprojects.com/tests/getSampleType                                                     |   105 ms | Status: PASS
[2026-01-06 15:24:29.010] POST   | https://dev-api-yodadiagnostics.yodaprojects.com/order_tracking/updateOrderTracking                                      |   134 ms | Status: PASS
[2026-01-06 15:24:29.259] GET    | /order/getOrderById/4269902f-a6ba-4ef6-aa9d-30e102200652                                                                 |   232 ms | Status: PASS
[2026-01-06 15:24:29.553] GET    | /order/getOrderById/4269902f-a6ba-4ef6-aa9d-30e102200652                                                                 |   272 ms | Status: PASS
[2026-01-06 15:24:36.734] POST   | https://dev-api-yodadiagnostics.yodaprojects.com/order/approvepayment                                                    |  7080 ms | Status: FAIL (SLA Violation)
[2026-01-06 15:24:36.890] POST   | https://dev-api-yodadiagnostics.yodaprojects.com/gateway/getPaymentById                                                  |   145 ms | Status: PASS
[2026-01-06 15:29:19.509] POST   | /users/addUser                                                                                                           |   580 ms | Status: PASS
[2026-01-06 15:29:20.564] POST   | /otps/getOtp                                                                                                             |   263 ms | Status: PASS
[2026-01-06 15:29:20.847] POST   | /otps/getOtp                                                                                                             |   245 ms | Status: PASS
[2026-01-06 15:29:21.143] POST   | /tests/getlocations                                                                                                      |   187 ms | Status: PASS
[2026-01-06 15:29:22.012] GET    | https://dev-api-yodamembership.yodaprojects.com/brand/getAllBrands                                                       |   131 ms | Status: PASS
[2026-01-06 15:29:22.680] POST   | tests/adminTests                                                                                                         |   331 ms | Status: PASS
[2026-01-06 15:29:23.157] POST   | tests/adminTests                                                                                                         |   440 ms | Status: PASS
[2026-01-06 15:29:23.473] POST   | tests/adminTests                                                                                                         |   285 ms | Status: PASS
[2026-01-06 15:29:23.610] POST   | /carts/v2/addCart                                                                                                        |   114 ms | Status: PASS
[2026-01-06 15:29:23.774] POST   | /carts/v2/addCart                                                                                                        |   147 ms | Status: PASS
[2026-01-06 15:29:24.014] POST   | /carts/v2/addCart                                                                                                        |   143 ms | Status: PASS
[2026-01-06 15:29:24.976] GET    | /carts/v2/getCartById/f5bfb214-3d9e-49c0-908c-d425437f0beb                                                               |   928 ms | Status: PASS
[2026-01-06 15:29:25.229] POST   | /address/addAddress                                                                                                      |   156 ms | Status: PASS
[2026-01-06 15:29:25.509] POST   | /slot/getSlotCountByTime                                                                                                 |   218 ms | Status: PASS
[2026-01-06 15:29:25.659] POST   | /carts/v2/addCart                                                                                                        |   133 ms | Status: PASS
[2026-01-06 15:29:25.949] GET    | /carts/v2/getCartById/f5bfb214-3d9e-49c0-908c-d425437f0beb                                                               |   268 ms | Status: PASS
[2026-01-06 15:29:29.163] POST   | /gateway/v2/VerifyPayment                                                                                                |  3175 ms | Status: FAIL (SLA Violation)
[2026-01-06 15:29:29.406] POST   | https://dev-api-yodadiagnostics.yodaprojects.com/gateway/getPaymentById                                                  |   123 ms | Status: PASS
[2026-01-06 15:29:29.539] GET    | /carts/v2/getCartById/f5bfb214-3d9e-49c0-908c-d425437f0beb                                                               |   118 ms | Status: PASS
[2026-01-06 15:29:29.835] POST   | https://dev-api-yodadiagnostics.yodaprojects.com/phlebo/loginPhlebo                                                      |   221 ms | Status: PASS
[2026-01-06 15:29:30.531] POST   | https://dev-api-yodadiagnostics.yodaprojects.com/order_tracking/assignOrder                                              |   617 ms | Status: PASS
[2026-01-06 15:29:30.681] GET    | https://dev-api-yodadiagnostics.yodaprojects.com/order_tracking/getOrderTrackingStatus/077b4055-fa6d-40ed-a442-f75860e1f8a3 |   112 ms | Status: PASS
[2026-01-06 15:29:30.870] POST   | https://dev-api-yodadiagnostics.yodaprojects.com/order_tracking/updateOrderTracking                                      |   154 ms | Status: PASS
[2026-01-06 15:29:31.002] GET    | https://dev-api-yodadiagnostics.yodaprojects.com/order_tracking/getOrderTrackingStatus/077b4055-fa6d-40ed-a442-f75860e1f8a3 |   112 ms | Status: PASS
[2026-01-06 15:29:31.292] GET    | /order/getOrderById/951171ad-adfa-4916-9a82-17bc665c3159                                                                 |   259 ms | Status: PASS
[2026-01-06 15:29:31.904] POST   | https://dev-api-yodadiagnostics.yodaprojects.com/order_tracking/admin/verifyotp                                          |   571 ms | Status: PASS
[2026-01-06 15:29:32.053] GET    | https://dev-api-yodadiagnostics.yodaprojects.com/tests/getSampleType                                                     |   120 ms | Status: PASS
[2026-01-06 15:29:32.189] POST   | https://dev-api-yodadiagnostics.yodaprojects.com/order_tracking/updateOrderTracking                                      |   118 ms | Status: PASS
[2026-01-06 15:29:32.412] GET    | /order/getOrderById/951171ad-adfa-4916-9a82-17bc665c3159                                                                 |   207 ms | Status: PASS
[2026-01-06 15:29:32.664] GET    | /order/getOrderById/951171ad-adfa-4916-9a82-17bc665c3159                                                                 |   222 ms | Status: PASS
[2026-01-06 15:29:35.561] POST   | https://dev-api-yodadiagnostics.yodaprojects.com/order/approvepayment                                                    |  2786 ms | Status: PASS
[2026-01-06 15:29:35.689] POST   | https://dev-api-yodadiagnostics.yodaprojects.com/gateway/getPaymentById                                                  |   109 ms | Status: PASS
[2026-01-06 16:38:54.240] POST   | /users/addUser                                                                                                           |  1263 ms | Status: PASS
[2026-01-06 16:38:55.970] POST   | /otps/getOtp                                                                                                             |   320 ms | Status: PASS
[2026-01-06 16:38:56.396] POST   | /otps/getOtp                                                                                                             |   391 ms | Status: PASS
[2026-01-06 16:38:56.907] POST   | /tests/getlocations                                                                                                      |   347 ms | Status: PASS
[2026-01-06 16:38:58.844] GET    | https://dev-api-yodamembership.yodaprojects.com/brand/getAllBrands                                                       |   345 ms | Status: PASS
[2026-01-06 16:39:00.417] POST   | tests/adminTests                                                                                                         |  1070 ms | Status: PASS
[2026-01-06 16:39:00.969] POST   | tests/adminTests                                                                                                         |   506 ms | Status: PASS
[2026-01-06 16:39:01.157] POST   | /carts/v2/addCart                                                                                                        |   157 ms | Status: PASS
[2026-01-06 16:39:01.318] POST   | /carts/v2/addCart                                                                                                        |   147 ms | Status: PASS
[2026-01-06 16:39:01.554] POST   | /carts/v2/addCart                                                                                                        |   139 ms | Status: PASS
[2026-01-06 16:39:01.990] GET    | /carts/v2/getCartById/eba0933d-a164-47dd-873a-c5dd24525565                                                               |   377 ms | Status: PASS
[2026-01-06 16:39:02.346] POST   | /address/addAddress                                                                                                      |   184 ms | Status: PASS
[2026-01-06 16:39:03.046] POST   | /slot/getSlotCountByTime                                                                                                 |   462 ms | Status: PASS
[2026-01-06 16:39:03.780] POST   | /carts/v2/addCart                                                                                                        |   703 ms | Status: PASS
[2026-01-06 16:39:04.583] GET    | /carts/v2/getCartById/eba0933d-a164-47dd-873a-c5dd24525565                                                               |   782 ms | Status: PASS
[2026-01-06 16:39:08.474] POST   | /gateway/v2/VerifyPayment                                                                                                |  3799 ms | Status: FAIL (SLA Violation)
[2026-01-06 16:39:08.805] POST   | https://dev-api-yodadiagnostics.yodaprojects.com/gateway/getPaymentById                                                  |   245 ms | Status: PASS
[2026-01-06 16:39:09.339] GET    | /carts/v2/getCartById/eba0933d-a164-47dd-873a-c5dd24525565                                                               |   522 ms | Status: PASS
[2026-01-06 16:39:09.706] POST   | https://dev-api-yodadiagnostics.yodaprojects.com/phlebo/loginPhlebo                                                      |   279 ms | Status: PASS
[2026-01-06 16:39:11.686] POST   | https://dev-api-yodadiagnostics.yodaprojects.com/order_tracking/assignOrder                                              |  1894 ms | Status: PASS
[2026-01-06 16:39:11.902] GET    | https://dev-api-yodadiagnostics.yodaprojects.com/order_tracking/getOrderTrackingStatus/faf26909-b600-4b39-bfce-9090f77b63d6 |   146 ms | Status: PASS
[2026-01-06 16:39:12.096] POST   | https://dev-api-yodadiagnostics.yodaprojects.com/order_tracking/updateOrderTracking                                      |   154 ms | Status: PASS
[2026-01-06 16:39:12.237] GET    | https://dev-api-yodadiagnostics.yodaprojects.com/order_tracking/getOrderTrackingStatus/faf26909-b600-4b39-bfce-9090f77b63d6 |   122 ms | Status: PASS
[2026-01-06 16:39:12.539] GET    | /order/getOrderById/137281b8-ef96-42e6-8f43-71d0c17e9e61                                                                 |   275 ms | Status: PASS
[2026-01-06 16:39:13.225] POST   | https://dev-api-yodadiagnostics.yodaprojects.com/order_tracking/admin/verifyotp                                          |   626 ms | Status: PASS
[2026-01-06 16:39:13.397] GET    | https://dev-api-yodadiagnostics.yodaprojects.com/tests/getSampleType                                                     |   139 ms | Status: PASS
[2026-01-06 16:39:13.551] POST   | https://dev-api-yodadiagnostics.yodaprojects.com/order_tracking/updateOrderTracking                                      |   127 ms | Status: PASS
[2026-01-06 16:39:13.897] GET    | /order/getOrderById/137281b8-ef96-42e6-8f43-71d0c17e9e61                                                                 |   317 ms | Status: PASS
[2026-01-06 16:39:14.373] GET    | /order/getOrderById/137281b8-ef96-42e6-8f43-71d0c17e9e61                                                                 |   423 ms | Status: PASS
[2026-01-06 16:39:17.790] POST   | https://dev-api-yodadiagnostics.yodaprojects.com/order/approvepayment                                                    |  3275 ms | Status: FAIL (SLA Violation)
[2026-01-06 16:39:18.200] POST   | https://dev-api-yodadiagnostics.yodaprojects.com/gateway/getPaymentById                                                  |   376 ms | Status: PASS
[2026-01-06 18:40:56.500] POST   | /users/addUser                                                                                                           |   263 ms | Status: PASS
[2026-01-06 18:40:56.758] POST   | /otps/getOtp                                                                                                             |   145 ms | Status: PASS
[2026-01-06 18:40:56.958] POST   | /otps/getOtp                                                                                                             |   195 ms | Status: PASS
[2026-01-06 18:40:57.142] POST   | /tests/getlocations                                                                                                      |   121 ms | Status: PASS
[2026-01-06 18:40:57.834] GET    | https://dev-api-yodamembership.yodaprojects.com/brand/getAllBrands                                                       |   238 ms | Status: PASS
[2026-01-06 18:40:58.324] POST   | tests/adminTests                                                                                                         |   474 ms | Status: PASS
[2026-01-06 18:40:58.723] POST   | tests/adminTests                                                                                                         |   388 ms | Status: PASS
[2026-01-06 18:40:59.186] POST   | /carts/v2/addCart                                                                                                        |   453 ms | Status: PASS
[2026-01-06 18:40:59.475] POST   | /carts/v2/addCart                                                                                                        |   283 ms | Status: PASS
[2026-01-06 18:41:00.631] GET    | /carts/v2/getCartById/b23e9675-a8d0-4b84-8532-a142d7409111                                                               |  1125 ms | Status: PASS
[2026-01-06 18:41:00.897] POST   | /address/addAddress                                                                                                      |   211 ms | Status: PASS
[2026-01-06 18:41:01.367] POST   | /slot/getSlotCountByTime                                                                                                 |   390 ms | Status: PASS
[2026-01-06 18:41:01.692] POST   | /carts/v2/addCart                                                                                                        |   298 ms | Status: PASS
[2026-01-06 18:41:02.282] GET    | /carts/v2/getCartById/b23e9675-a8d0-4b84-8532-a142d7409111                                                               |   579 ms | Status: PASS
[2026-01-06 18:41:06.130] POST   | /gateway/v2/VerifyPayment                                                                                                |  3816 ms | Status: FAIL (SLA Violation)
[2026-01-06 18:41:06.451] POST   | https://dev-api-yodadiagnostics.yodaprojects.com/gateway/getPaymentById                                                  |   269 ms | Status: PASS
[2026-01-06 18:41:06.578] GET    | /carts/v2/getCartById/b23e9675-a8d0-4b84-8532-a142d7409111                                                               |   122 ms | Status: PASS
[2026-01-06 18:41:07.384] POST   | https://dev-api-yodadiagnostics.yodaprojects.com/phlebo/loginPhlebo                                                      |   760 ms | Status: PASS
[2026-01-06 18:41:08.228] POST   | https://dev-api-yodadiagnostics.yodaprojects.com/order_tracking/assignOrder                                              |   802 ms | Status: PASS
[2026-01-06 18:41:08.547] GET    | https://dev-api-yodadiagnostics.yodaprojects.com/order_tracking/getOrderTrackingStatus/a1d6b0f1-93c7-4e89-8b13-caa9309ed92f |   279 ms | Status: PASS
[2026-01-06 18:41:09.053] POST   | https://dev-api-yodadiagnostics.yodaprojects.com/order_tracking/updateOrderTracking                                      |   489 ms | Status: PASS
[2026-01-06 18:41:09.281] GET    | https://dev-api-yodadiagnostics.yodaprojects.com/order_tracking/getOrderTrackingStatus/a1d6b0f1-93c7-4e89-8b13-caa9309ed92f |   216 ms | Status: PASS
[2026-01-06 18:41:10.046] GET    | /order/getOrderById/3eee6d0e-3e77-489a-9026-f8de9c6f6832                                                                 |   756 ms | Status: PASS
[2026-01-06 18:41:10.607] POST   | https://dev-api-yodadiagnostics.yodaprojects.com/order_tracking/admin/verifyotp                                          |   530 ms | Status: PASS
[2026-01-06 18:41:11.109] GET    | https://dev-api-yodadiagnostics.yodaprojects.com/tests/getSampleType                                                     |   488 ms | Status: PASS
[2026-01-06 18:41:11.388] POST   | https://dev-api-yodadiagnostics.yodaprojects.com/order_tracking/updateOrderTracking                                      |   263 ms | Status: PASS
[2026-01-06 18:41:11.741] GET    | /order/getOrderById/3eee6d0e-3e77-489a-9026-f8de9c6f6832                                                                 |   336 ms | Status: PASS
[2026-01-06 18:41:12.707] GET    | /order/getOrderById/3eee6d0e-3e77-489a-9026-f8de9c6f6832                                                                 |   926 ms | Status: PASS
[2026-01-06 18:41:15.794] POST   | https://dev-api-yodadiagnostics.yodaprojects.com/order/approvepayment                                                    |  3044 ms | Status: FAIL (SLA Violation)
[2026-01-06 18:41:16.059] POST   | https://dev-api-yodadiagnostics.yodaprojects.com/gateway/getPaymentById                                                  |   239 ms | Status: PASS
[2026-01-06 18:47:15.149] POST   | /users/addUser                                                                                                           |   128 ms | Status: PASS
[2026-01-06 18:47:15.520] POST   | /otps/getOtp                                                                                                             |   264 ms | Status: PASS
[2026-01-06 18:47:15.697] POST   | /otps/getOtp                                                                                                             |   173 ms | Status: PASS
[2026-01-06 18:47:16.133] POST   | /tests/getlocations                                                                                                      |   379 ms | Status: PASS
[2026-01-06 18:47:16.875] GET    | https://dev-api-yodamembership.yodaprojects.com/brand/getAllBrands                                                       |   257 ms | Status: PASS
[2026-01-06 18:47:17.436] POST   | tests/adminTests                                                                                                         |   546 ms | Status: PASS
[2026-01-06 18:47:17.909] POST   | tests/adminTests                                                                                                         |   456 ms | Status: PASS
[2026-01-06 18:47:18.252] POST   | /carts/v2/addCart                                                                                                        |   334 ms | Status: PASS
[2026-01-06 18:47:18.570] POST   | /carts/v2/addCart                                                                                                        |   311 ms | Status: PASS
[2026-01-06 18:47:19.052] GET    | /carts/v2/getCartById/058587b6-c5d0-4d5c-9f39-c5b2f36bbe26                                                               |   444 ms | Status: PASS
[2026-01-06 18:47:19.404] POST   | /address/addAddress                                                                                                      |   315 ms | Status: PASS
[2026-01-06 18:47:19.614] POST   | /slot/getSlotCountByTime                                                                                                 |   159 ms | Status: PASS
[2026-01-06 18:47:19.960] POST   | /carts/v2/addCart                                                                                                        |   329 ms | Status: PASS
[2026-01-06 18:47:20.549] GET    | /carts/v2/getCartById/058587b6-c5d0-4d5c-9f39-c5b2f36bbe26                                                               |   570 ms | Status: PASS
[2026-01-06 18:47:24.503] POST   | /gateway/v2/VerifyPayment                                                                                                |  3918 ms | Status: FAIL (SLA Violation)
[2026-01-06 18:47:24.934] POST   | https://dev-api-yodadiagnostics.yodaprojects.com/gateway/getPaymentById                                                  |   392 ms | Status: PASS
[2026-01-06 18:47:25.053] GET    | /carts/v2/getCartById/058587b6-c5d0-4d5c-9f39-c5b2f36bbe26                                                               |   117 ms | Status: PASS
[2026-01-06 18:47:25.530] POST   | https://dev-api-yodadiagnostics.yodaprojects.com/phlebo/loginPhlebo                                                      |   447 ms | Status: PASS
[2026-01-06 18:47:26.360] POST   | https://dev-api-yodadiagnostics.yodaprojects.com/order_tracking/assignOrder                                              |   779 ms | Status: PASS
[2026-01-06 18:47:26.653] GET    | https://dev-api-yodadiagnostics.yodaprojects.com/order_tracking/getOrderTrackingStatus/c9ab78e0-44ff-4d96-a3cb-6b9f9f2a5cb1 |   258 ms | Status: PASS
[2026-01-06 18:47:26.826] POST   | https://dev-api-yodadiagnostics.yodaprojects.com/order_tracking/updateOrderTracking                                      |   158 ms | Status: PASS
[2026-01-06 18:47:27.074] GET    | https://dev-api-yodadiagnostics.yodaprojects.com/order_tracking/getOrderTrackingStatus/c9ab78e0-44ff-4d96-a3cb-6b9f9f2a5cb1 |   241 ms | Status: PASS
[2026-01-06 18:47:27.564] GET    | /order/getOrderById/56887a22-f1de-40de-a5c7-ca6457efac98                                                                 |   482 ms | Status: PASS
[2026-01-06 18:47:28.349] POST   | https://dev-api-yodadiagnostics.yodaprojects.com/order_tracking/admin/verifyotp                                          |   745 ms | Status: PASS
[2026-01-06 18:47:28.501] GET    | https://dev-api-yodadiagnostics.yodaprojects.com/tests/getSampleType                                                     |   136 ms | Status: PASS
[2026-01-06 18:47:28.645] POST   | https://dev-api-yodadiagnostics.yodaprojects.com/order_tracking/updateOrderTracking                                      |   130 ms | Status: PASS
[2026-01-06 18:47:29.086] GET    | /order/getOrderById/56887a22-f1de-40de-a5c7-ca6457efac98                                                                 |   428 ms | Status: PASS
[2026-01-06 18:47:29.396] GET    | /order/getOrderById/56887a22-f1de-40de-a5c7-ca6457efac98                                                                 |   290 ms | Status: PASS
[2026-01-06 18:47:32.663] POST   | https://dev-api-yodadiagnostics.yodaprojects.com/order/approvepayment                                                    |  3231 ms | Status: FAIL (SLA Violation)
[2026-01-06 18:47:32.801] POST   | https://dev-api-yodadiagnostics.yodaprojects.com/gateway/getPaymentById                                                  |   110 ms | Status: PASS
[2026-01-06 19:02:15.918] POST   | /users/addUser                                                                                                           |   417 ms | Status: PASS
[2026-01-06 19:02:16.133] POST   | /otps/getOtp                                                                                                             |   124 ms | Status: PASS
[2026-01-06 19:02:16.336] POST   | /otps/getOtp                                                                                                             |   194 ms | Status: PASS
[2026-01-06 19:02:16.878] POST   | /tests/getlocations                                                                                                      |   485 ms | Status: PASS
[2026-01-06 19:02:17.576] GET    | https://dev-api-yodamembership.yodaprojects.com/brand/getAllBrands                                                       |   240 ms | Status: PASS
[2026-01-06 19:02:18.031] POST   | tests/adminTests                                                                                                         |   443 ms | Status: PASS
[2026-01-06 19:02:18.707] POST   | tests/adminTests                                                                                                         |   662 ms | Status: PASS
[2026-01-06 19:02:19.105] POST   | /carts/v2/addCart                                                                                                        |   378 ms | Status: PASS
[2026-01-06 19:02:19.488] POST   | /carts/v2/addCart                                                                                                        |   376 ms | Status: PASS
[2026-01-06 19:02:20.224] GET    | /carts/v2/getCartById/9366cd92-a8f1-46cd-ab87-0f2df3183945                                                               |   682 ms | Status: PASS
[2026-01-06 19:02:20.703] POST   | /address/addAddress                                                                                                      |   435 ms | Status: PASS
[2026-01-06 19:02:21.102] POST   | /slot/getSlotCountByTime                                                                                                 |   326 ms | Status: PASS
[2026-01-06 19:02:21.526] POST   | /carts/v2/addCart                                                                                                        |   412 ms | Status: PASS
[2026-01-06 19:02:22.228] GET    | /carts/v2/getCartById/9366cd92-a8f1-46cd-ab87-0f2df3183945                                                               |   691 ms | Status: PASS
[2026-01-06 19:02:25.807] POST   | /gateway/v2/VerifyPayment                                                                                                |  3549 ms | Status: FAIL (SLA Violation)
[2026-01-06 19:02:26.161] POST   | https://dev-api-yodadiagnostics.yodaprojects.com/gateway/getPaymentById                                                  |   273 ms | Status: PASS
[2026-01-06 19:02:26.533] GET    | /carts/v2/getCartById/9366cd92-a8f1-46cd-ab87-0f2df3183945                                                               |   367 ms | Status: PASS
[2026-01-06 19:02:27.049] POST   | https://dev-api-yodadiagnostics.yodaprojects.com/phlebo/loginPhlebo                                                      |   481 ms | Status: PASS
[2026-01-06 19:02:27.830] POST   | https://dev-api-yodadiagnostics.yodaprojects.com/order_tracking/assignOrder                                              |   722 ms | Status: PASS
[2026-01-06 19:02:27.965] GET    | https://dev-api-yodadiagnostics.yodaprojects.com/order_tracking/getOrderTrackingStatus/0ddbe505-a7f5-4b35-819c-2288c02156d0 |   105 ms | Status: PASS
[2026-01-06 19:02:28.151] POST   | https://dev-api-yodadiagnostics.yodaprojects.com/order_tracking/updateOrderTracking                                      |   172 ms | Status: PASS
[2026-01-06 19:02:28.266] GET    | https://dev-api-yodadiagnostics.yodaprojects.com/order_tracking/getOrderTrackingStatus/0ddbe505-a7f5-4b35-819c-2288c02156d0 |   108 ms | Status: PASS
[2026-01-06 19:02:28.693] GET    | /order/getOrderById/7c81d5f6-a75e-4e16-b884-3a356139b128                                                                 |   418 ms | Status: PASS
[2026-01-06 19:02:29.521] POST   | https://dev-api-yodadiagnostics.yodaprojects.com/order_tracking/admin/verifyotp                                          |   801 ms | Status: PASS
[2026-01-06 19:02:29.932] GET    | https://dev-api-yodadiagnostics.yodaprojects.com/tests/getSampleType                                                     |   385 ms | Status: PASS
[2026-01-06 19:02:30.211] POST   | https://dev-api-yodadiagnostics.yodaprojects.com/order_tracking/updateOrderTracking                                      |   264 ms | Status: PASS
[2026-01-06 19:02:30.754] GET    | /order/getOrderById/7c81d5f6-a75e-4e16-b884-3a356139b128                                                                 |   528 ms | Status: PASS
[2026-01-06 19:02:31.219] GET    | /order/getOrderById/7c81d5f6-a75e-4e16-b884-3a356139b128                                                                 |   440 ms | Status: PASS
[2026-01-06 19:02:37.076] POST   | https://dev-api-yodadiagnostics.yodaprojects.com/order/approvepayment                                                    |  5821 ms | Status: FAIL (SLA Violation)
[2026-01-06 19:02:37.360] POST   | https://dev-api-yodadiagnostics.yodaprojects.com/gateway/getPaymentById                                                  |   248 ms | Status: PASS
[2026-01-07 18:02:28.532] POST   | /users/addUser                                                                                                           |   136 ms | Status: PASS
[2026-01-07 18:02:28.760] POST   | /otps/getOtp                                                                                                             |   116 ms | Status: PASS
[2026-01-07 18:02:28.886] POST   | /otps/getOtp                                                                                                             |   123 ms | Status: PASS
[2026-01-07 18:02:29.079] POST   | /tests/getlocations                                                                                                      |   126 ms | Status: PASS
[2026-01-07 18:02:29.588] GET    | https://dev-api-yodamembership.yodaprojects.com/brand/getAllBrands                                                       |   107 ms | Status: PASS
[2026-01-07 18:02:30.001] POST   | tests/adminTests                                                                                                         |   399 ms | Status: PASS
[2026-01-07 18:02:30.285] POST   | tests/adminTests                                                                                                         |   268 ms | Status: PASS
[2026-01-07 18:02:30.410] POST   | /carts/v2/addCart                                                                                                        |   115 ms | Status: PASS
[2026-01-07 18:02:30.556] POST   | /carts/v2/addCart                                                                                                        |   138 ms | Status: PASS
[2026-01-07 18:02:31.065] GET    | /carts/v2/getCartById/8f0ee835-e330-42c1-9bda-943bafd12c29                                                               |   460 ms | Status: PASS
[2026-01-07 18:02:31.240] POST   | /address/addAddress                                                                                                      |   127 ms | Status: PASS
[2026-01-07 18:02:31.419] POST   | /slot/getSlotCountByTime                                                                                                 |   122 ms | Status: PASS
[2026-01-07 18:02:31.580] POST   | /carts/v2/addCart                                                                                                        |   144 ms | Status: PASS
[2026-01-07 18:02:32.023] GET    | /carts/v2/getCartById/8f0ee835-e330-42c1-9bda-943bafd12c29                                                               |   422 ms | Status: PASS
[2026-01-07 18:02:33.611] POST   | /gateway/v2/VerifyPayment                                                                                                |  1535 ms | Status: PASS
[2026-01-07 18:02:33.802] POST   | https://dev-api-yodadiagnostics.yodaprojects.com/gateway/getPaymentById                                                  |   129 ms | Status: PASS
[2026-01-07 18:02:33.935] GET    | /carts/v2/getCartById/8f0ee835-e330-42c1-9bda-943bafd12c29                                                               |   128 ms | Status: PASS
[2026-01-07 18:02:34.215] POST   | https://dev-api-yodadiagnostics.yodaprojects.com/phlebo/loginPhlebo                                                      |   240 ms | Status: PASS
[2026-01-07 18:02:34.961] POST   | https://dev-api-yodadiagnostics.yodaprojects.com/order_tracking/assignOrder                                              |   678 ms | Status: PASS
[2026-01-07 18:02:35.172] GET    | https://dev-api-yodadiagnostics.yodaprojects.com/order_tracking/getOrderTrackingStatus/09ee7080-f99e-418b-a8fb-a2c063b621a9 |   142 ms | Status: PASS
[2026-01-07 18:02:35.332] POST   | https://dev-api-yodadiagnostics.yodaprojects.com/order_tracking/updateOrderTracking                                      |   138 ms | Status: PASS
[2026-01-07 18:02:35.471] GET    | https://dev-api-yodadiagnostics.yodaprojects.com/order_tracking/getOrderTrackingStatus/09ee7080-f99e-418b-a8fb-a2c063b621a9 |   128 ms | Status: PASS
[2026-01-07 18:02:35.829] GET    | /order/getOrderById/3e28a6f6-f927-4079-a32d-bb0a4513bafe                                                                 |   343 ms | Status: PASS
[2026-01-07 18:02:36.372] POST   | https://dev-api-yodadiagnostics.yodaprojects.com/order_tracking/admin/verifyotp                                          |   512 ms | Status: PASS
[2026-01-07 18:02:36.512] GET    | https://dev-api-yodadiagnostics.yodaprojects.com/tests/getSampleType                                                     |   112 ms | Status: PASS
[2026-01-07 18:02:36.654] POST   | https://dev-api-yodadiagnostics.yodaprojects.com/order_tracking/updateOrderTracking                                      |   123 ms | Status: PASS
[2026-01-07 18:02:37.010] GET    | /order/getOrderById/3e28a6f6-f927-4079-a32d-bb0a4513bafe                                                                 |   331 ms | Status: PASS
[2026-01-07 18:02:37.374] GET    | /order/getOrderById/3e28a6f6-f927-4079-a32d-bb0a4513bafe                                                                 |   333 ms | Status: PASS
[2026-01-07 18:02:42.866] POST   | https://dev-api-yodadiagnostics.yodaprojects.com/order/approvepayment                                                    |  5421 ms | Status: FAIL (SLA Violation)
[2026-01-07 18:02:43.040] POST   | https://dev-api-yodadiagnostics.yodaprojects.com/gateway/getPaymentById                                                  |   141 ms | Status: PASS
