[2026-01-05 14:49:15.727] POST   | /otps/getOtp                                                                                                             |   961 ms | Status: PASS
[2026-01-05 14:49:16.289] POST   | /otps/getOtp                                                                                                             |   550 ms | Status: PASS
[2026-01-05 17:42:42.052] POST   | /otps/getOtp                                                                                                             |   138 ms | Status: PASS
[2026-01-05 17:43:03.247] POST   | /otps/getOtp                                                                                                             | 21181 ms | Status: FAIL (SLA Violation)
[2026-01-05 17:44:35.466] POST   | /otps/getOtp                                                                                                             |   147 ms | Status: PASS
[2026-01-05 17:44:35.646] POST   | /otps/getOtp                                                                                                             |   164 ms | Status: PASS
[2026-01-05 17:48:06.104] POST   | /otps/getOtp                                                                                                             |   165 ms | Status: PASS
[2026-01-05 17:48:27.301] POST   | /otps/getOtp                                                                                                             | 21184 ms | Status: FAIL (SLA Violation)
[2026-01-05 17:58:49.973] POST   | /otps/getOtp                                                                                                             |   136 ms | Status: PASS
[2026-01-05 17:58:50.134] POST   | /otps/getOtp                                                                                                             |   149 ms | Status: PASS
[2026-01-05 18:01:46.076] POST   | /otps/getOtp                                                                                                             |   156 ms | Status: PASS
[2026-01-05 18:01:46.245] POST   | /otps/getOtp                                                                                                             |   154 ms | Status: PASS
[2026-01-05 18:05:49.516] POST   | /otps/getOtp                                                                                                             |   262 ms | Status: PASS
[2026-01-05 18:05:49.691] POST   | /otps/getOtp                                                                                                             |   159 ms | Status: PASS
[2026-01-05 18:07:52.790] POST   | /otps/getOtp                                                                                                             |   140 ms | Status: PASS
[2026-01-05 18:07:52.953] POST   | /otps/getOtp                                                                                                             |   149 ms | Status: PASS
[2026-01-05 18:14:36.349] POST   | /otps/getOtp                                                                                                             |   121 ms | Status: PASS
[2026-01-05 18:14:36.512] POST   | /otps/getOtp                                                                                                             |   152 ms | Status: PASS
[2026-01-05 18:17:54.244] POST   | /otps/getOtp                                                                                                             |   129 ms | Status: PASS
[2026-01-05 18:17:54.390] POST   | /otps/getOtp                                                                                                             |   136 ms | Status: PASS
[2026-01-05 18:25:22.201] POST   | /otps/getOtp                                                                                                             |   133 ms | Status: PASS
[2026-01-05 18:25:22.362] POST   | /otps/getOtp                                                                                                             |   148 ms | Status: PASS
[2026-01-05 18:41:43.186] POST   | /otps/getOtp                                                                                                             |  1012 ms | Status: PASS
[2026-01-05 18:41:43.929] POST   | /otps/getOtp                                                                                                             |   727 ms | Status: PASS
[2026-01-05 18:41:44.877] POST   | /tests/getlocations                                                                                                      |   299 ms | Status: PASS
[2026-01-05 18:41:46.132] GET    | https://dev-api-yodamembership.yodaprojects.com/brand/getAllBrands                                                       |   192 ms | Status: PASS
[2026-01-05 18:41:47.236] POST   | tests/adminTests                                                                                                         |   671 ms | Status: PASS
[2026-01-05 18:41:48.238] POST   | tests/adminTests                                                                                                         |   974 ms | Status: PASS
[2026-01-05 18:41:48.603] POST   | tests/adminTests                                                                                                         |   340 ms | Status: PASS
[2026-01-05 18:41:48.752] POST   | /carts/v2/addCart                                                                                                        |   123 ms | Status: PASS
[2026-01-05 18:41:48.910] POST   | /carts/v2/addCart                                                                                                        |   143 ms | Status: PASS
[2026-01-05 18:41:49.090] POST   | /carts/v2/addCart                                                                                                        |   119 ms | Status: PASS
[2026-01-05 18:41:49.474] GET    | /carts/v2/getCartById/db682abb-31d1-44df-bf19-557b003a5c69                                                               |   342 ms | Status: PASS
[2026-01-05 18:41:49.743] POST   | /address/addAddress                                                                                                      |   146 ms | Status: PASS
[2026-01-05 18:41:49.881] GET    | /address/getAddressByUserId/db682abb-31d1-44df-bf19-557b003a5c69                                                         |   130 ms | Status: PASS
[2026-01-05 18:41:50.250] POST   | /slot/getSlotCountByTime                                                                                                 |   146 ms | Status: PASS
[2026-01-05 18:41:50.406] POST   | /carts/v2/addCart                                                                                                        |   130 ms | Status: PASS
[2026-01-05 18:41:50.767] GET    | /carts/v2/getCartById/db682abb-31d1-44df-bf19-557b003a5c69                                                               |   326 ms | Status: PASS
[2026-01-05 18:41:55.010] POST   | /gateway/v2/VerifyPayment                                                                                                |  4195 ms | Status: FAIL (SLA Violation)
[2026-01-05 18:41:55.730] POST   | https://dev-api-yodadiagnostics.yodaprojects.com/gateway/getPaymentById                                                  |   655 ms | Status: PASS
[2026-01-05 18:41:56.396] GET    | /carts/v2/getCartById/db682abb-31d1-44df-bf19-557b003a5c69                                                               |   659 ms | Status: PASS
[2026-01-05 18:41:57.152] POST   | https://dev-api-yodadiagnostics.yodaprojects.com/phlebo/loginPhlebo                                                      |   676 ms | Status: PASS
[2026-01-05 18:41:58.404] POST   | https://dev-api-yodadiagnostics.yodaprojects.com/order_tracking/assignOrder                                              |  1193 ms | Status: PASS
[2026-01-05 18:41:58.600] GET    | https://dev-api-yodadiagnostics.yodaprojects.com/order_tracking/getOrderTrackingStatus/cbc20e23-746f-4d6d-ab26-4dc1700817cd |   121 ms | Status: PASS
[2026-01-05 18:41:58.798] POST   | https://dev-api-yodadiagnostics.yodaprojects.com/order_tracking/updateOrderTracking                                      |   171 ms | Status: PASS
[2026-01-05 18:41:58.947] GET    | https://dev-api-yodadiagnostics.yodaprojects.com/order_tracking/getOrderTrackingStatus/cbc20e23-746f-4d6d-ab26-4dc1700817cd |   138 ms | Status: PASS
[2026-01-05 18:41:59.263] GET    | /order/getOrderById/c214cc1f-e917-48f4-b857-6244c115f127                                                                 |   300 ms | Status: PASS
[2026-01-05 18:41:59.821] POST   | https://dev-api-yodadiagnostics.yodaprojects.com/order_tracking/admin/verifyotp                                          |   526 ms | Status: PASS
[2026-01-05 18:42:00.027] GET    | https://dev-api-yodadiagnostics.yodaprojects.com/tests/getSampleType                                                     |   191 ms | Status: PASS
[2026-01-05 18:42:00.183] POST   | https://dev-api-yodadiagnostics.yodaprojects.com/order_tracking/updateOrderTracking                                      |   137 ms | Status: PASS
[2026-01-05 18:42:00.790] GET    | /order/getOrderById/c214cc1f-e917-48f4-b857-6244c115f127                                                                 |   585 ms | Status: PASS
[2026-01-05 18:42:01.065] GET    | /order/getOrderById/c214cc1f-e917-48f4-b857-6244c115f127                                                                 |   244 ms | Status: PASS
[2026-01-05 18:42:09.627] POST   | https://dev-api-yodadiagnostics.yodaprojects.com/order/approvepayment                                                    |  8505 ms | Status: FAIL (SLA Violation)
[2026-01-05 18:42:09.792] POST   | https://dev-api-yodadiagnostics.yodaprojects.com/gateway/getPaymentById                                                  |   149 ms | Status: PASS
[2026-01-05 18:43:34.800] POST   | /otps/getOtp                                                                                                             |   984 ms | Status: PASS
[2026-01-05 18:43:35.552] POST   | /otps/getOtp                                                                                                             |   738 ms | Status: PASS
[2026-01-05 18:43:36.462] POST   | /tests/getlocations                                                                                                      |   232 ms | Status: PASS
[2026-01-05 18:43:37.716] GET    | https://dev-api-yodamembership.yodaprojects.com/brand/getAllBrands                                                       |   511 ms | Status: PASS
[2026-01-05 18:43:39.039] POST   | tests/adminTests                                                                                                         |  1049 ms | Status: PASS
[2026-01-05 18:43:39.371] POST   | tests/adminTests                                                                                                         |   302 ms | Status: PASS
[2026-01-05 18:44:01.507] POST   | tests/adminTests                                                                                                         | 22107 ms | Status: FAIL (SLA Violation)
[2026-01-05 18:44:02.301] POST   | /carts/v2/addCart                                                                                                        |   764 ms | Status: PASS
[2026-01-05 18:44:24.018] POST   | /carts/v2/addCart                                                                                                        | 21709 ms | Status: FAIL (SLA Violation)
[2026-01-05 18:44:24.696] POST   | /carts/v2/addCart                                                                                                        |   629 ms | Status: PASS
[2026-01-05 18:44:25.763] GET    | /carts/v2/getCartById/db682abb-31d1-44df-bf19-557b003a5c69                                                               |  1024 ms | Status: PASS
[2026-01-05 18:44:26.221] POST   | /address/addAddress                                                                                                      |   381 ms | Status: PASS
[2026-01-05 18:44:26.474] GET    | /address/getAddressByUserId/db682abb-31d1-44df-bf19-557b003a5c69                                                         |   244 ms | Status: PASS
[2026-01-05 18:44:26.947] POST   | /slot/getSlotCountByTime                                                                                                 |   390 ms | Status: PASS
[2026-01-05 18:44:27.183] POST   | /carts/v2/addCart                                                                                                        |   219 ms | Status: PASS
[2026-01-05 18:44:27.521] GET    | /carts/v2/getCartById/db682abb-31d1-44df-bf19-557b003a5c69                                                               |   308 ms | Status: PASS
[2026-01-05 18:44:32.073] POST   | /gateway/v2/VerifyPayment                                                                                                |  4503 ms | Status: FAIL (SLA Violation)
[2026-01-05 18:44:32.577] POST   | https://dev-api-yodadiagnostics.yodaprojects.com/gateway/getPaymentById                                                  |   444 ms | Status: PASS
[2026-01-05 18:44:33.603] GET    | /carts/v2/getCartById/db682abb-31d1-44df-bf19-557b003a5c69                                                               |  1018 ms | Status: PASS
[2026-01-05 18:44:34.566] POST   | https://dev-api-yodadiagnostics.yodaprojects.com/phlebo/loginPhlebo                                                      |   909 ms | Status: PASS
[2026-01-05 18:44:35.562] POST   | https://dev-api-yodadiagnostics.yodaprojects.com/order_tracking/assignOrder                                              |   922 ms | Status: PASS
[2026-01-05 18:44:36.458] GET    | https://dev-api-yodadiagnostics.yodaprojects.com/order_tracking/getOrderTrackingStatus/3f20b05c-4973-4c89-bf51-c8adacce1117 |   850 ms | Status: PASS
[2026-01-05 18:44:36.799] POST   | https://dev-api-yodadiagnostics.yodaprojects.com/order_tracking/updateOrderTracking                                      |   320 ms | Status: PASS
[2026-01-05 18:44:37.163] GET    | https://dev-api-yodadiagnostics.yodaprojects.com/order_tracking/getOrderTrackingStatus/3f20b05c-4973-4c89-bf51-c8adacce1117 |   356 ms | Status: PASS
[2026-01-05 18:44:37.453] GET    | /order/getOrderById/75363ed4-94a8-4ba5-ae8f-f5b78bd1fc1f                                                                 |   273 ms | Status: PASS
[2026-01-05 18:44:37.939] POST   | https://dev-api-yodadiagnostics.yodaprojects.com/order_tracking/admin/verifyotp                                          |   453 ms | Status: PASS
[2026-01-05 18:44:59.571] GET    | https://dev-api-yodadiagnostics.yodaprojects.com/tests/getSampleType                                                     | 21612 ms | Status: FAIL (SLA Violation)
[2026-01-05 18:44:59.976] POST   | https://dev-api-yodadiagnostics.yodaprojects.com/order_tracking/updateOrderTracking                                      |   386 ms | Status: PASS
[2026-01-05 18:45:01.215] GET    | /order/getOrderById/75363ed4-94a8-4ba5-ae8f-f5b78bd1fc1f                                                                 |  1222 ms | Status: PASS
[2026-01-05 18:45:01.764] GET    | /order/getOrderById/75363ed4-94a8-4ba5-ae8f-f5b78bd1fc1f                                                                 |   520 ms | Status: PASS
[2026-01-05 18:45:11.188] POST   | https://dev-api-yodadiagnostics.yodaprojects.com/order/approvepayment                                                    |  9359 ms | Status: FAIL (SLA Violation)
[2026-01-05 18:45:11.592] POST   | https://dev-api-yodadiagnostics.yodaprojects.com/gateway/getPaymentById                                                  |   388 ms | Status: PASS
[2026-01-05 19:19:54.440] POST   | /otps/getOtp                                                                                                             |   137 ms | Status: PASS
[2026-01-05 19:19:54.629] POST   | /otps/getOtp                                                                                                             |   171 ms | Status: PASS
[2026-01-06 15:20:26.255] POST   | /otps/getOtp                                                                                                             |   450 ms | Status: PASS
[2026-01-06 15:22:22.769] POST   | /otps/getOtp                                                                                                             |   140 ms | Status: PASS
[2026-01-06 15:22:22.931] POST   | /otps/getOtp                                                                                                             |   149 ms | Status: PASS
[2026-01-06 15:24:12.920] POST   | /otps/getOtp                                                                                                             |   125 ms | Status: PASS
[2026-01-06 15:24:13.062] POST   | /otps/getOtp                                                                                                             |   130 ms | Status: PASS
[2026-01-06 15:28:28.320] POST   | /otps/getOtp                                                                                                             |   587 ms | Status: PASS
[2026-01-06 15:28:28.495] POST   | /otps/getOtp                                                                                                             |   159 ms | Status: PASS
[2026-01-06 15:28:29.333] POST   | /tests/getlocations                                                                                                      |   171 ms | Status: PASS
[2026-01-06 15:28:30.435] GET    | https://dev-api-yodamembership.yodaprojects.com/brand/getAllBrands                                                       |   159 ms | Status: PASS
[2026-01-06 15:28:31.137] POST   | tests/adminTests                                                                                                         |   352 ms | Status: PASS
[2026-01-06 15:28:31.448] POST   | tests/adminTests                                                                                                         |   283 ms | Status: PASS
[2026-01-06 15:28:31.711] POST   | tests/adminTests                                                                                                         |   243 ms | Status: PASS
[2026-01-06 15:28:31.869] POST   | /carts/v2/addCart                                                                                                        |   133 ms | Status: PASS
[2026-01-06 15:28:32.013] POST   | /carts/v2/addCart                                                                                                        |   131 ms | Status: PASS
[2026-01-06 15:28:32.207] POST   | /carts/v2/addCart                                                                                                        |   116 ms | Status: PASS
[2026-01-06 15:28:32.585] GET    | /carts/v2/getCartById/4103194e-2ae4-47c0-94cf-0eee9e5f0024                                                               |   334 ms | Status: PASS
[2026-01-06 15:28:32.825] POST   | /address/addAddress                                                                                                      |   164 ms | Status: PASS
[2026-01-06 15:28:33.076] POST   | /slot/getSlotCountByTime                                                                                                 |   165 ms | Status: PASS
[2026-01-06 15:28:33.257] POST   | /carts/v2/addCart                                                                                                        |   163 ms | Status: PASS
[2026-01-06 15:28:33.559] GET    | /carts/v2/getCartById/4103194e-2ae4-47c0-94cf-0eee9e5f0024                                                               |   280 ms | Status: PASS
[2026-01-06 15:28:36.899] POST   | /gateway/v2/VerifyPayment                                                                                                |  3288 ms | Status: FAIL (SLA Violation)
[2026-01-06 15:28:37.079] POST   | https://dev-api-yodadiagnostics.yodaprojects.com/gateway/getPaymentById                                                  |   110 ms | Status: PASS
[2026-01-06 15:28:37.190] GET    | /carts/v2/getCartById/4103194e-2ae4-47c0-94cf-0eee9e5f0024                                                               |   104 ms | Status: PASS
[2026-01-06 15:28:37.524] POST   | https://dev-api-yodadiagnostics.yodaprojects.com/phlebo/loginPhlebo                                                      |   259 ms | Status: PASS
[2026-01-06 15:28:38.301] POST   | https://dev-api-yodadiagnostics.yodaprojects.com/order_tracking/assignOrder                                              |   682 ms | Status: PASS
[2026-01-06 15:28:38.443] GET    | https://dev-api-yodadiagnostics.yodaprojects.com/order_tracking/getOrderTrackingStatus/de1746b4-a501-4399-b0a8-a669d9fc5eab |    96 ms | Status: PASS
[2026-01-06 15:28:38.609] POST   | https://dev-api-yodadiagnostics.yodaprojects.com/order_tracking/updateOrderTracking                                      |   138 ms | Status: PASS
[2026-01-06 15:28:38.743] GET    | https://dev-api-yodadiagnostics.yodaprojects.com/order_tracking/getOrderTrackingStatus/de1746b4-a501-4399-b0a8-a669d9fc5eab |   123 ms | Status: PASS
[2026-01-06 15:28:39.021] GET    | /order/getOrderById/f8b50aab-5a30-47d4-8aa9-9e490548a0d6                                                                 |   264 ms | Status: PASS
[2026-01-06 15:28:39.551] POST   | https://dev-api-yodadiagnostics.yodaprojects.com/order_tracking/admin/verifyotp                                          |   502 ms | Status: PASS
[2026-01-06 15:28:39.691] GET    | https://dev-api-yodadiagnostics.yodaprojects.com/tests/getSampleType                                                     |   118 ms | Status: PASS
[2026-01-06 15:28:39.835] POST   | https://dev-api-yodadiagnostics.yodaprojects.com/order_tracking/updateOrderTracking                                      |   116 ms | Status: PASS
[2026-01-06 15:28:40.083] GET    | /order/getOrderById/f8b50aab-5a30-47d4-8aa9-9e490548a0d6                                                                 |   228 ms | Status: PASS
[2026-01-06 15:28:40.327] GET    | /order/getOrderById/f8b50aab-5a30-47d4-8aa9-9e490548a0d6                                                                 |   213 ms | Status: PASS
[2026-01-06 15:28:46.986] POST   | https://dev-api-yodadiagnostics.yodaprojects.com/order/approvepayment                                                    |  6588 ms | Status: FAIL (SLA Violation)
[2026-01-06 15:28:47.130] POST   | https://dev-api-yodadiagnostics.yodaprojects.com/gateway/getPaymentById                                                  |   126 ms | Status: PASS
[2026-01-06 15:31:09.498] POST   | /otps/getOtp                                                                                                             |   990 ms | Status: PASS
[2026-01-06 15:31:09.686] POST   | /otps/getOtp                                                                                                             |   155 ms | Status: PASS
[2026-01-06 15:31:11.154] POST   | /tests/getlocations                                                                                                      |   157 ms | Status: PASS
[2026-01-06 15:31:13.262] GET    | https://dev-api-yodamembership.yodaprojects.com/brand/getAllBrands                                                       |   232 ms | Status: PASS
[2026-01-06 15:31:14.324] POST   | tests/adminTests                                                                                                         |   363 ms | Status: PASS
[2026-01-06 15:31:14.746] POST   | tests/adminTests                                                                                                         |   348 ms | Status: PASS
[2026-01-06 15:31:15.142] POST   | tests/adminTests                                                                                                         |   334 ms | Status: PASS
[2026-01-06 15:31:15.442] POST   | /carts/v2/addCart                                                                                                        |   185 ms | Status: PASS
[2026-01-06 15:31:15.711] POST   | /carts/v2/addCart                                                                                                        |   204 ms | Status: PASS
[2026-01-06 15:31:16.090] POST   | /carts/v2/addCart                                                                                                        |   202 ms | Status: PASS
[2026-01-06 15:31:16.484] GET    | /carts/v2/getCartById/4103194e-2ae4-47c0-94cf-0eee9e5f0024                                                               |   296 ms | Status: PASS
[2026-01-06 15:31:17.108] POST   | /address/addAddress                                                                                                      |   181 ms | Status: PASS
[2026-01-06 15:31:17.342] GET    | /address/getAddressByUserId/4103194e-2ae4-47c0-94cf-0eee9e5f0024                                                         |   170 ms | Status: PASS
[2026-01-06 15:31:17.804] POST   | /slot/getSlotCountByTime                                                                                                 |   154 ms | Status: PASS
[2026-01-06 15:31:17.983] POST   | /carts/v2/addCart                                                                                                        |   147 ms | Status: PASS
[2026-01-06 15:31:18.330] GET    | /carts/v2/getCartById/4103194e-2ae4-47c0-94cf-0eee9e5f0024                                                               |   300 ms | Status: PASS
[2026-01-06 15:31:21.541] POST   | /gateway/v2/VerifyPayment                                                                                                |  3094 ms | Status: FAIL (SLA Violation)
[2026-01-06 15:31:21.870] POST   | https://dev-api-yodadiagnostics.yodaprojects.com/gateway/getPaymentById                                                  |   153 ms | Status: PASS
[2026-01-06 15:31:22.025] GET    | /carts/v2/getCartById/4103194e-2ae4-47c0-94cf-0eee9e5f0024                                                               |   138 ms | Status: PASS
[2026-01-06 15:31:22.446] POST   | https://dev-api-yodadiagnostics.yodaprojects.com/phlebo/loginPhlebo                                                      |   313 ms | Status: PASS
[2026-01-06 15:31:23.302] POST   | https://dev-api-yodadiagnostics.yodaprojects.com/order_tracking/assignOrder                                              |   700 ms | Status: PASS
[2026-01-06 15:31:23.718] GET    | https://dev-api-yodadiagnostics.yodaprojects.com/order_tracking/getOrderTrackingStatus/cd14cb61-d19c-4a6f-a53e-dac3ecd5f9e5 |   150 ms | Status: PASS
[2026-01-06 15:31:23.985] POST   | https://dev-api-yodadiagnostics.yodaprojects.com/order_tracking/updateOrderTracking                                      |   206 ms | Status: PASS
[2026-01-06 15:31:24.166] GET    | https://dev-api-yodadiagnostics.yodaprojects.com/order_tracking/getOrderTrackingStatus/cd14cb61-d19c-4a6f-a53e-dac3ecd5f9e5 |   135 ms | Status: PASS
[2026-01-06 15:31:24.515] GET    | /order/getOrderById/82a1cf09-ba27-4e17-a4f9-7ecb620de419                                                                 |   327 ms | Status: PASS
[2026-01-06 15:31:25.098] POST   | https://dev-api-yodadiagnostics.yodaprojects.com/order_tracking/admin/verifyotp                                          |   502 ms | Status: PASS
[2026-01-06 15:31:25.277] GET    | https://dev-api-yodadiagnostics.yodaprojects.com/tests/getSampleType                                                     |   132 ms | Status: PASS
[2026-01-06 15:31:25.496] POST   | https://dev-api-yodadiagnostics.yodaprojects.com/order_tracking/updateOrderTracking                                      |   146 ms | Status: PASS
[2026-01-06 15:31:25.774] GET    | /order/getOrderById/82a1cf09-ba27-4e17-a4f9-7ecb620de419                                                                 |   241 ms | Status: PASS
[2026-01-06 15:31:26.132] GET    | /order/getOrderById/82a1cf09-ba27-4e17-a4f9-7ecb620de419                                                                 |   279 ms | Status: PASS
[2026-01-06 15:31:33.503] POST   | https://dev-api-yodadiagnostics.yodaprojects.com/order/approvepayment                                                    |  7173 ms | Status: FAIL (SLA Violation)
[2026-01-06 15:31:33.676] POST   | https://dev-api-yodadiagnostics.yodaprojects.com/gateway/getPaymentById                                                  |   137 ms | Status: PASS
[2026-01-06 15:34:23.131] POST   | /otps/getOtp                                                                                                             |   683 ms | Status: PASS
[2026-01-06 15:34:23.347] POST   | /otps/getOtp                                                                                                             |   187 ms | Status: PASS
[2026-01-06 15:34:24.168] POST   | /tests/getlocations                                                                                                      |   115 ms | Status: PASS
[2026-01-06 15:34:25.112] GET    | https://dev-api-yodamembership.yodaprojects.com/brand/getAllBrands                                                       |   119 ms | Status: PASS
[2026-01-06 15:34:25.874] POST   | tests/adminTests                                                                                                         |   268 ms | Status: PASS
[2026-01-06 15:34:26.137] POST   | tests/adminTests                                                                                                         |   230 ms | Status: PASS
[2026-01-06 15:34:26.545] POST   | tests/adminTests                                                                                                         |   385 ms | Status: PASS
[2026-01-06 15:34:26.724] POST   | /carts/v2/addCart                                                                                                        |   155 ms | Status: PASS
[2026-01-06 15:34:26.897] POST   | /carts/v2/addCart                                                                                                        |   160 ms | Status: PASS
[2026-01-06 15:34:27.090] POST   | /carts/v2/addCart                                                                                                        |   119 ms | Status: PASS
[2026-01-06 15:34:27.469] GET    | /carts/v2/getCartById/4103194e-2ae4-47c0-94cf-0eee9e5f0024                                                               |   320 ms | Status: PASS
[2026-01-06 15:34:27.683] POST   | /address/addAddress                                                                                                      |   134 ms | Status: PASS
[2026-01-06 15:34:27.832] GET    | /address/getAddressByUserId/4103194e-2ae4-47c0-94cf-0eee9e5f0024                                                         |   140 ms | Status: PASS
[2026-01-06 15:34:28.075] POST   | /slot/getSlotCountByTime                                                                                                 |   142 ms | Status: PASS
[2026-01-06 15:34:28.238] POST   | /carts/v2/addCart                                                                                                        |   143 ms | Status: PASS
[2026-01-06 15:34:28.528] GET    | /carts/v2/getCartById/4103194e-2ae4-47c0-94cf-0eee9e5f0024                                                               |   255 ms | Status: PASS
[2026-01-06 15:34:31.635] POST   | /gateway/v2/VerifyPayment                                                                                                |  3068 ms | Status: FAIL (SLA Violation)
[2026-01-06 15:34:31.861] POST   | https://dev-api-yodadiagnostics.yodaprojects.com/gateway/getPaymentById                                                  |   162 ms | Status: PASS
[2026-01-06 15:34:32.021] GET    | /carts/v2/getCartById/4103194e-2ae4-47c0-94cf-0eee9e5f0024                                                               |   152 ms | Status: PASS
[2026-01-06 15:34:32.422] POST   | https://dev-api-yodadiagnostics.yodaprojects.com/phlebo/loginPhlebo                                                      |   347 ms | Status: PASS
[2026-01-06 15:34:33.221] POST   | https://dev-api-yodadiagnostics.yodaprojects.com/order_tracking/assignOrder                                              |   699 ms | Status: PASS
[2026-01-06 15:34:33.510] GET    | https://dev-api-yodadiagnostics.yodaprojects.com/order_tracking/getOrderTrackingStatus/69904ce1-0462-4ea6-b361-2f4894ab3eff |   231 ms | Status: PASS
[2026-01-06 15:34:33.845] POST   | https://dev-api-yodadiagnostics.yodaprojects.com/order_tracking/updateOrderTracking                                      |   293 ms | Status: PASS
[2026-01-06 15:34:34.073] GET    | https://dev-api-yodadiagnostics.yodaprojects.com/order_tracking/getOrderTrackingStatus/69904ce1-0462-4ea6-b361-2f4894ab3eff |   215 ms | Status: PASS
[2026-01-06 15:34:34.506] GET    | /order/getOrderById/4786ff16-33e4-490c-bf8a-730495e362cf                                                                 |   419 ms | Status: PASS
[2026-01-06 15:34:35.264] POST   | https://dev-api-yodadiagnostics.yodaprojects.com/order_tracking/admin/verifyotp                                          |   712 ms | Status: PASS
[2026-01-06 15:34:35.544] GET    | https://dev-api-yodadiagnostics.yodaprojects.com/tests/getSampleType                                                     |   253 ms | Status: PASS
[2026-01-06 15:34:35.798] POST   | https://dev-api-yodadiagnostics.yodaprojects.com/order_tracking/updateOrderTracking                                      |   234 ms | Status: PASS
[2026-01-06 15:34:36.140] GET    | /order/getOrderById/4786ff16-33e4-490c-bf8a-730495e362cf                                                                 |   318 ms | Status: PASS
[2026-01-06 15:34:36.623] GET    | /order/getOrderById/4786ff16-33e4-490c-bf8a-730495e362cf                                                                 |   426 ms | Status: PASS
[2026-01-06 15:34:43.949] POST   | https://dev-api-yodadiagnostics.yodaprojects.com/order/approvepayment                                                    |  7243 ms | Status: FAIL (SLA Violation)
[2026-01-06 15:34:44.075] POST   | https://dev-api-yodadiagnostics.yodaprojects.com/gateway/getPaymentById                                                  |   111 ms | Status: PASS
[2026-01-06 15:36:56.902] POST   | /otps/getOtp                                                                                                             |   578 ms | Status: PASS
[2026-01-06 15:36:57.159] POST   | /otps/getOtp                                                                                                             |   234 ms | Status: PASS
[2026-01-06 15:36:57.981] POST   | /tests/getlocations                                                                                                      |   137 ms | Status: PASS
[2026-01-06 15:36:58.992] GET    | https://dev-api-yodamembership.yodaprojects.com/brand/getAllBrands                                                       |   144 ms | Status: PASS
[2026-01-06 15:36:59.867] POST   | tests/adminTests                                                                                                         |   525 ms | Status: PASS
[2026-01-06 15:37:00.165] POST   | tests/adminTests                                                                                                         |   266 ms | Status: PASS
[2026-01-06 15:37:00.711] POST   | tests/adminTests                                                                                                         |   517 ms | Status: PASS
[2026-01-06 15:37:00.881] POST   | /carts/v2/addCart                                                                                                        |   144 ms | Status: PASS
[2026-01-06 15:37:01.056] POST   | /carts/v2/addCart                                                                                                        |   164 ms | Status: PASS
[2026-01-06 15:37:01.290] POST   | /carts/v2/addCart                                                                                                        |   182 ms | Status: PASS
[2026-01-06 15:37:01.973] GET    | /carts/v2/getCartById/db682abb-31d1-44df-bf19-557b003a5c69                                                               |   645 ms | Status: PASS
[2026-01-06 15:37:02.227] POST   | /address/addAddress                                                                                                      |   152 ms | Status: PASS
[2026-01-06 15:37:02.381] GET    | /address/getAddressByUserId/db682abb-31d1-44df-bf19-557b003a5c69                                                         |   144 ms | Status: PASS
[2026-01-06 15:37:02.724] POST   | /slot/getSlotCountByTime                                                                                                 |   231 ms | Status: PASS
[2026-01-06 15:37:02.937] POST   | /carts/v2/addCart                                                                                                        |   190 ms | Status: PASS
[2026-01-06 15:37:03.358] GET    | /carts/v2/getCartById/db682abb-31d1-44df-bf19-557b003a5c69                                                               |   388 ms | Status: PASS
[2026-01-06 15:37:07.151] POST   | /gateway/v2/VerifyPayment                                                                                                |  3738 ms | Status: FAIL (SLA Violation)
[2026-01-06 15:37:07.353] POST   | https://dev-api-yodadiagnostics.yodaprojects.com/gateway/getPaymentById                                                  |   121 ms | Status: PASS
[2026-01-06 15:37:07.477] GET    | /carts/v2/getCartById/db682abb-31d1-44df-bf19-557b003a5c69                                                               |   117 ms | Status: PASS
[2026-01-06 15:37:07.835] POST   | https://dev-api-yodadiagnostics.yodaprojects.com/phlebo/loginPhlebo                                                      |   296 ms | Status: PASS
[2026-01-06 15:37:08.792] POST   | https://dev-api-yodadiagnostics.yodaprojects.com/order_tracking/assignOrder                                              |   857 ms | Status: PASS
[2026-01-06 15:37:08.960] GET    | https://dev-api-yodadiagnostics.yodaprojects.com/order_tracking/getOrderTrackingStatus/937f6763-7cd3-43c4-8f0a-a38ec3e8fbef |   121 ms | Status: PASS
[2026-01-06 15:37:09.140] POST   | https://dev-api-yodadiagnostics.yodaprojects.com/order_tracking/updateOrderTracking                                      |   155 ms | Status: PASS
[2026-01-06 15:37:09.385] GET    | https://dev-api-yodadiagnostics.yodaprojects.com/order_tracking/getOrderTrackingStatus/937f6763-7cd3-43c4-8f0a-a38ec3e8fbef |   231 ms | Status: PASS
[2026-01-06 15:37:09.839] GET    | /order/getOrderById/8082a212-24a2-4c7c-95f0-62400c8d5f04                                                                 |   426 ms | Status: PASS
[2026-01-06 15:37:10.303] POST   | https://dev-api-yodadiagnostics.yodaprojects.com/order_tracking/admin/verifyotp                                          |   434 ms | Status: PASS
[2026-01-06 15:37:10.437] GET    | https://dev-api-yodadiagnostics.yodaprojects.com/tests/getSampleType                                                     |   114 ms | Status: PASS
[2026-01-06 15:37:10.634] POST   | https://dev-api-yodadiagnostics.yodaprojects.com/order_tracking/updateOrderTracking                                      |   158 ms | Status: PASS
[2026-01-06 15:37:10.912] GET    | /order/getOrderById/8082a212-24a2-4c7c-95f0-62400c8d5f04                                                                 |   256 ms | Status: PASS
[2026-01-06 15:37:11.154] GET    | /order/getOrderById/8082a212-24a2-4c7c-95f0-62400c8d5f04                                                                 |   212 ms | Status: PASS
[2026-01-06 15:37:19.721] POST   | https://dev-api-yodadiagnostics.yodaprojects.com/order/approvepayment                                                    |  8448 ms | Status: FAIL (SLA Violation)
[2026-01-06 15:37:19.872] POST   | https://dev-api-yodadiagnostics.yodaprojects.com/gateway/getPaymentById                                                  |   126 ms | Status: PASS
[2026-01-06 15:38:43.251] POST   | /otps/getOtp                                                                                                             |   712 ms | Status: PASS
[2026-01-06 15:38:43.474] POST   | /otps/getOtp                                                                                                             |   198 ms | Status: PASS
[2026-01-06 15:38:44.453] POST   | /tests/getlocations                                                                                                      |   249 ms | Status: PASS
[2026-01-06 15:38:45.834] GET    | https://dev-api-yodamembership.yodaprojects.com/brand/getAllBrands                                                       |   247 ms | Status: PASS
[2026-01-06 15:38:46.888] POST   | tests/adminTests                                                                                                         |   474 ms | Status: PASS
[2026-01-06 15:38:47.397] POST   | tests/adminTests                                                                                                         |   474 ms | Status: PASS
[2026-01-06 15:38:47.847] POST   | tests/adminTests                                                                                                         |   420 ms | Status: PASS
[2026-01-06 15:38:48.285] POST   | /carts/v2/addCart                                                                                                        |   406 ms | Status: PASS
[2026-01-06 15:38:48.546] POST   | /carts/v2/addCart                                                                                                        |   251 ms | Status: PASS
[2026-01-06 15:38:48.747] POST   | /carts/v2/addCart                                                                                                        |   153 ms | Status: PASS
[2026-01-06 15:38:49.211] GET    | /carts/v2/getCartById/db682abb-31d1-44df-bf19-557b003a5c69                                                               |   430 ms | Status: PASS
[2026-01-06 15:38:49.460] POST   | /address/addAddress                                                                                                      |   179 ms | Status: PASS
[2026-01-06 15:38:49.744] GET    | /address/getAddressByUserId/db682abb-31d1-44df-bf19-557b003a5c69                                                         |   277 ms | Status: PASS
[2026-01-06 15:38:50.069] POST   | /slot/getSlotCountByTime                                                                                                 |   231 ms | Status: PASS
[2026-01-06 15:38:50.433] POST   | /carts/v2/addCart                                                                                                        |   335 ms | Status: PASS
[2026-01-06 15:38:50.825] GET    | /carts/v2/getCartById/db682abb-31d1-44df-bf19-557b003a5c69                                                               |   363 ms | Status: PASS
[2026-01-06 15:38:54.110] POST   | /gateway/v2/VerifyPayment                                                                                                |  3226 ms | Status: FAIL (SLA Violation)
[2026-01-06 15:38:54.393] POST   | https://dev-api-yodadiagnostics.yodaprojects.com/gateway/getPaymentById                                                  |   195 ms | Status: PASS
[2026-01-06 15:38:54.561] GET    | /carts/v2/getCartById/db682abb-31d1-44df-bf19-557b003a5c69                                                               |   156 ms | Status: PASS
[2026-01-06 15:38:54.989] POST   | https://dev-api-yodadiagnostics.yodaprojects.com/phlebo/loginPhlebo                                                      |   342 ms | Status: PASS
[2026-01-06 15:38:55.862] POST   | https://dev-api-yodadiagnostics.yodaprojects.com/order_tracking/assignOrder                                              |   794 ms | Status: PASS
[2026-01-06 15:38:56.128] GET    | https://dev-api-yodadiagnostics.yodaprojects.com/order_tracking/getOrderTrackingStatus/4115c54b-b484-4c3d-bdb5-e60a25d71b5a |   213 ms | Status: PASS
[2026-01-06 15:38:56.340] POST   | https://dev-api-yodadiagnostics.yodaprojects.com/order_tracking/updateOrderTracking                                      |   183 ms | Status: PASS
[2026-01-06 15:38:56.496] GET    | https://dev-api-yodadiagnostics.yodaprojects.com/order_tracking/getOrderTrackingStatus/4115c54b-b484-4c3d-bdb5-e60a25d71b5a |   140 ms | Status: PASS
[2026-01-06 15:38:56.863] GET    | /order/getOrderById/29b77657-3e9b-4240-a5c9-556077e80e67                                                                 |   347 ms | Status: PASS
[2026-01-06 15:38:57.516] POST   | https://dev-api-yodadiagnostics.yodaprojects.com/order_tracking/admin/verifyotp                                          |   622 ms | Status: PASS
[2026-01-06 15:38:57.695] GET    | https://dev-api-yodadiagnostics.yodaprojects.com/tests/getSampleType                                                     |   147 ms | Status: PASS
[2026-01-06 15:38:57.850] POST   | https://dev-api-yodadiagnostics.yodaprojects.com/order_tracking/updateOrderTracking                                      |   134 ms | Status: PASS
[2026-01-06 15:38:58.111] GET    | /order/getOrderById/29b77657-3e9b-4240-a5c9-556077e80e67                                                                 |   239 ms | Status: PASS
[2026-01-06 15:38:58.389] GET    | /order/getOrderById/29b77657-3e9b-4240-a5c9-556077e80e67                                                                 |   232 ms | Status: PASS
[2026-01-06 15:39:06.905] POST   | https://dev-api-yodadiagnostics.yodaprojects.com/order/approvepayment                                                    |  8434 ms | Status: FAIL (SLA Violation)
[2026-01-06 15:39:07.208] POST   | https://dev-api-yodadiagnostics.yodaprojects.com/gateway/getPaymentById                                                  |   282 ms | Status: PASS
[2026-01-06 15:47:02.068] POST   | /otps/getOtp                                                                                                             |  1365 ms | Status: PASS
[2026-01-06 15:47:03.129] POST   | /otps/getOtp                                                                                                             |  1026 ms | Status: PASS
[2026-01-06 15:47:04.569] POST   | /tests/getlocations                                                                                                      |   299 ms | Status: PASS
[2026-01-06 15:47:06.542] GET    | https://dev-api-yodamembership.yodaprojects.com/brand/getAllBrands                                                       |   509 ms | Status: PASS
[2026-01-06 15:47:08.090] POST   | tests/adminTests                                                                                                         |   732 ms | Status: PASS
[2026-01-06 15:47:08.699] POST   | tests/adminTests                                                                                                         |   523 ms | Status: PASS
[2026-01-06 15:47:08.881] POST   | /carts/v2/addCart                                                                                                        |   152 ms | Status: PASS
[2026-01-06 15:47:09.034] POST   | /carts/v2/addCart                                                                                                        |   137 ms | Status: PASS
[2026-01-06 15:47:09.263] POST   | /carts/v2/addCart                                                                                                        |   129 ms | Status: PASS
[2026-01-06 15:47:09.630] GET    | /carts/v2/getCartById/db682abb-31d1-44df-bf19-557b003a5c69                                                               |   329 ms | Status: PASS
[2026-01-06 15:47:09.905] POST   | /address/addAddress                                                                                                      |   179 ms | Status: PASS
[2026-01-06 15:47:10.049] GET    | /address/getAddressByUserId/db682abb-31d1-44df-bf19-557b003a5c69                                                         |   134 ms | Status: PASS
[2026-01-06 15:47:10.415] POST   | /slot/getSlotCountByTime                                                                                                 |   181 ms | Status: PASS
[2026-01-06 15:47:10.597] POST   | /carts/v2/addCart                                                                                                        |   141 ms | Status: PASS
[2026-01-06 15:47:10.888] GET    | /carts/v2/getCartById/db682abb-31d1-44df-bf19-557b003a5c69                                                               |   268 ms | Status: PASS
[2026-01-06 15:47:15.115] POST   | /gateway/v2/VerifyPayment                                                                                                |  4174 ms | Status: FAIL (SLA Violation)
[2026-01-06 15:47:16.028] POST   | https://dev-api-yodadiagnostics.yodaprojects.com/gateway/getPaymentById                                                  |   786 ms | Status: PASS
[2026-01-06 15:47:16.429] GET    | /carts/v2/getCartById/db682abb-31d1-44df-bf19-557b003a5c69                                                               |   392 ms | Status: PASS
[2026-01-06 15:47:17.016] POST   | https://dev-api-yodadiagnostics.yodaprojects.com/phlebo/loginPhlebo                                                      |   486 ms | Status: PASS
[2026-01-06 15:47:18.106] POST   | https://dev-api-yodadiagnostics.yodaprojects.com/order_tracking/assignOrder                                              |   960 ms | Status: PASS
[2026-01-06 15:47:18.289] GET    | https://dev-api-yodadiagnostics.yodaprojects.com/order_tracking/getOrderTrackingStatus/e676771c-e500-434f-b6b8-9214103deac8 |   117 ms | Status: PASS
[2026-01-06 15:47:18.485] POST   | https://dev-api-yodadiagnostics.yodaprojects.com/order_tracking/updateOrderTracking                                      |   156 ms | Status: PASS
[2026-01-06 15:47:18.661] GET    | https://dev-api-yodadiagnostics.yodaprojects.com/order_tracking/getOrderTrackingStatus/e676771c-e500-434f-b6b8-9214103deac8 |   156 ms | Status: PASS
[2026-01-06 15:47:19.003] GET    | /order/getOrderById/5b6a1498-cdcf-4165-868b-6ed841efccdc                                                                 |   311 ms | Status: PASS
[2026-01-06 15:47:20.083] POST   | https://dev-api-yodadiagnostics.yodaprojects.com/order_tracking/admin/verifyotp                                          |  1022 ms | Status: PASS
[2026-01-06 15:47:20.704] GET    | https://dev-api-yodadiagnostics.yodaprojects.com/tests/getSampleType                                                     |   596 ms | Status: PASS
[2026-01-06 15:47:21.746] POST   | https://dev-api-yodadiagnostics.yodaprojects.com/order_tracking/updateOrderTracking                                      |  1009 ms | Status: PASS
[2026-01-06 15:47:22.043] GET    | /order/getOrderById/5b6a1498-cdcf-4165-868b-6ed841efccdc                                                                 |   262 ms | Status: PASS
[2026-01-06 15:47:22.315] GET    | /order/getOrderById/5b6a1498-cdcf-4165-868b-6ed841efccdc                                                                 |   221 ms | Status: PASS
[2026-01-06 15:47:29.073] POST   | https://dev-api-yodadiagnostics.yodaprojects.com/order/approvepayment                                                    |  6627 ms | Status: FAIL (SLA Violation)
[2026-01-06 15:47:29.529] POST   | https://dev-api-yodadiagnostics.yodaprojects.com/gateway/getPaymentById                                                  |   435 ms | Status: PASS
[2026-01-06 15:56:42.181] POST   | /otps/getOtp                                                                                                             |  1701 ms | Status: PASS
[2026-01-06 15:56:42.470] POST   | /otps/getOtp                                                                                                             |   225 ms | Status: PASS
[2026-01-06 15:56:43.747] POST   | /tests/getlocations                                                                                                      |   145 ms | Status: PASS
[2026-01-06 15:56:45.903] GET    | https://dev-api-yodamembership.yodaprojects.com/brand/getAllBrands                                                       |   646 ms | Status: PASS
[2026-01-06 15:56:47.041] POST   | tests/adminTests                                                                                                         |   527 ms | Status: PASS
[2026-01-06 15:56:47.443] POST   | tests/adminTests                                                                                                         |   362 ms | Status: PASS
[2026-01-06 15:56:47.612] POST   | /carts/v2/addCart                                                                                                        |   136 ms | Status: PASS
[2026-01-06 15:56:47.785] POST   | /carts/v2/addCart                                                                                                        |   151 ms | Status: PASS
[2026-01-06 15:56:48.087] POST   | /carts/v2/addCart                                                                                                        |   148 ms | Status: PASS
[2026-01-06 15:56:48.472] GET    | /carts/v2/getCartById/db682abb-31d1-44df-bf19-557b003a5c69                                                               |   330 ms | Status: PASS
[2026-01-06 15:56:48.771] POST   | /address/addAddress                                                                                                      |   148 ms | Status: PASS
[2026-01-06 15:56:48.905] GET    | /address/getAddressByUserId/db682abb-31d1-44df-bf19-557b003a5c69                                                         |   125 ms | Status: PASS
[2026-01-06 15:56:49.301] POST   | /slot/getSlotCountByTime                                                                                                 |   194 ms | Status: PASS
[2026-01-06 15:56:49.490] POST   | /carts/v2/addCart                                                                                                        |   155 ms | Status: PASS
[2026-01-06 15:56:49.791] GET    | /carts/v2/getCartById/db682abb-31d1-44df-bf19-557b003a5c69                                                               |   272 ms | Status: PASS
[2026-01-06 15:56:54.151] POST   | /gateway/v2/VerifyPayment                                                                                                |  4302 ms | Status: FAIL (SLA Violation)
[2026-01-06 15:56:54.391] POST   | https://dev-api-yodadiagnostics.yodaprojects.com/gateway/getPaymentById                                                  |   143 ms | Status: PASS
[2026-01-06 15:56:54.580] GET    | /carts/v2/getCartById/db682abb-31d1-44df-bf19-557b003a5c69                                                               |   179 ms | Status: PASS
[2026-01-06 15:56:54.927] POST   | https://dev-api-yodadiagnostics.yodaprojects.com/phlebo/loginPhlebo                                                      |   244 ms | Status: PASS
[2026-01-06 15:56:55.733] POST   | https://dev-api-yodadiagnostics.yodaprojects.com/order_tracking/assignOrder                                              |   717 ms | Status: PASS
[2026-01-06 15:56:55.906] GET    | https://dev-api-yodadiagnostics.yodaprojects.com/order_tracking/getOrderTrackingStatus/b5808871-5df9-49dd-a6cd-531dc98d5a04 |   102 ms | Status: PASS
[2026-01-06 15:56:56.071] POST   | https://dev-api-yodadiagnostics.yodaprojects.com/order_tracking/updateOrderTracking                                      |   128 ms | Status: PASS
[2026-01-06 15:56:56.196] GET    | https://dev-api-yodadiagnostics.yodaprojects.com/order_tracking/getOrderTrackingStatus/b5808871-5df9-49dd-a6cd-531dc98d5a04 |   115 ms | Status: PASS
[2026-01-06 15:56:56.493] GET    | /order/getOrderById/3717d00e-efa3-468a-a8a5-35f1ed424a72                                                                 |   275 ms | Status: PASS
[2026-01-06 15:56:57.125] POST   | https://dev-api-yodadiagnostics.yodaprojects.com/order_tracking/admin/verifyotp                                          |   580 ms | Status: PASS
[2026-01-06 15:56:57.265] GET    | https://dev-api-yodadiagnostics.yodaprojects.com/tests/getSampleType                                                     |   113 ms | Status: PASS
[2026-01-06 15:56:57.420] POST   | https://dev-api-yodadiagnostics.yodaprojects.com/order_tracking/updateOrderTracking                                      |   124 ms | Status: PASS
[2026-01-06 15:56:57.657] GET    | /order/getOrderById/3717d00e-efa3-468a-a8a5-35f1ed424a72                                                                 |   207 ms | Status: PASS
[2026-01-06 15:56:57.913] GET    | /order/getOrderById/3717d00e-efa3-468a-a8a5-35f1ed424a72                                                                 |   213 ms | Status: PASS
[2026-01-06 15:57:05.310] POST   | https://dev-api-yodadiagnostics.yodaprojects.com/order/approvepayment                                                    |  7228 ms | Status: FAIL (SLA Violation)
[2026-01-06 15:57:05.633] POST   | https://dev-api-yodadiagnostics.yodaprojects.com/gateway/getPaymentById                                                  |   300 ms | Status: PASS
[2026-01-06 16:10:37.381] POST   | /otps/getOtp                                                                                                             |  1767 ms | Status: PASS
[2026-01-06 16:10:37.693] POST   | /otps/getOtp                                                                                                             |   284 ms | Status: PASS
[2026-01-06 16:10:38.996] POST   | /tests/getlocations                                                                                                      |   180 ms | Status: PASS
[2026-01-06 16:10:41.541] GET    | https://dev-api-yodamembership.yodaprojects.com/brand/getAllBrands                                                       |   857 ms | Status: PASS
[2026-01-06 16:10:42.431] POST   | tests/adminTests                                                                                                         |   387 ms | Status: PASS
[2026-01-06 16:10:42.729] POST   | tests/adminTests                                                                                                         |   257 ms | Status: PASS
[2026-01-06 16:10:42.897] POST   | /carts/v2/addCart                                                                                                        |   135 ms | Status: PASS
[2026-01-06 16:10:43.092] POST   | /carts/v2/addCart                                                                                                        |   172 ms | Status: PASS
[2026-01-06 16:10:43.374] POST   | /carts/v2/addCart                                                                                                        |   150 ms | Status: PASS
[2026-01-06 16:10:43.808] GET    | /carts/v2/getCartById/db682abb-31d1-44df-bf19-557b003a5c69                                                               |   383 ms | Status: PASS
[2026-01-06 16:10:44.203] POST   | /address/addAddress                                                                                                      |   228 ms | Status: PASS
[2026-01-06 16:10:44.682] GET    | /address/getAddressByUserId/db682abb-31d1-44df-bf19-557b003a5c69                                                         |   468 ms | Status: PASS
[2026-01-06 16:10:45.356] POST   | /slot/getSlotCountByTime                                                                                                 |   508 ms | Status: PASS
[2026-01-06 16:10:45.730] POST   | /carts/v2/addCart                                                                                                        |   347 ms | Status: PASS
[2026-01-06 16:10:46.046] GET    | /carts/v2/getCartById/db682abb-31d1-44df-bf19-557b003a5c69                                                               |   281 ms | Status: PASS
[2026-01-06 16:10:49.801] POST   | /gateway/v2/VerifyPayment                                                                                                |  3682 ms | Status: FAIL (SLA Violation)
[2026-01-06 16:10:50.407] POST   | https://dev-api-yodadiagnostics.yodaprojects.com/gateway/getPaymentById                                                  |   495 ms | Status: PASS
[2026-01-06 16:10:50.820] GET    | /carts/v2/getCartById/db682abb-31d1-44df-bf19-557b003a5c69                                                               |   401 ms | Status: PASS
[2026-01-06 16:10:51.190] POST   | https://dev-api-yodadiagnostics.yodaprojects.com/phlebo/loginPhlebo                                                      |   283 ms | Status: PASS
[2026-01-06 16:10:52.044] POST   | https://dev-api-yodadiagnostics.yodaprojects.com/order_tracking/assignOrder                                              |   710 ms | Status: PASS
[2026-01-06 16:10:52.236] GET    | https://dev-api-yodadiagnostics.yodaprojects.com/order_tracking/getOrderTrackingStatus/691d278a-c568-4091-8c72-806e0704f4ba |   118 ms | Status: PASS
[2026-01-06 16:10:52.436] POST   | https://dev-api-yodadiagnostics.yodaprojects.com/order_tracking/updateOrderTracking                                      |   162 ms | Status: PASS
[2026-01-06 16:10:52.570] GET    | https://dev-api-yodadiagnostics.yodaprojects.com/order_tracking/getOrderTrackingStatus/691d278a-c568-4091-8c72-806e0704f4ba |   117 ms | Status: PASS
[2026-01-06 16:10:52.840] GET    | /order/getOrderById/1d60d9c6-7fb6-441c-81d5-49c0eaaa4c47                                                                 |   247 ms | Status: PASS
[2026-01-06 16:10:53.421] POST   | https://dev-api-yodadiagnostics.yodaprojects.com/order_tracking/admin/verifyotp                                          |   526 ms | Status: PASS
[2026-01-06 16:10:53.568] GET    | https://dev-api-yodadiagnostics.yodaprojects.com/tests/getSampleType                                                     |   120 ms | Status: PASS
[2026-01-06 16:10:53.739] POST   | https://dev-api-yodadiagnostics.yodaprojects.com/order_tracking/updateOrderTracking                                      |   141 ms | Status: PASS
[2026-01-06 16:10:54.027] GET    | /order/getOrderById/1d60d9c6-7fb6-441c-81d5-49c0eaaa4c47                                                                 |   259 ms | Status: PASS
[2026-01-06 16:10:54.385] GET    | /order/getOrderById/1d60d9c6-7fb6-441c-81d5-49c0eaaa4c47                                                                 |   302 ms | Status: PASS
[2026-01-06 16:11:00.853] POST   | https://dev-api-yodadiagnostics.yodaprojects.com/order/approvepayment                                                    |  6186 ms | Status: FAIL (SLA Violation)
[2026-01-06 16:11:01.271] POST   | https://dev-api-yodadiagnostics.yodaprojects.com/gateway/getPaymentById                                                  |   395 ms | Status: PASS
[2026-01-06 16:19:39.743] POST   | /otps/getOtp                                                                                                             |  1484 ms | Status: PASS
[2026-01-06 16:19:40.083] POST   | /otps/getOtp                                                                                                             |   310 ms | Status: PASS
[2026-01-06 16:19:41.509] POST   | /tests/getlocations                                                                                                      |   212 ms | Status: PASS
[2026-01-06 16:19:43.702] GET    | https://dev-api-yodamembership.yodaprojects.com/brand/getAllBrands                                                       |   860 ms | Status: PASS
[2026-01-06 16:19:44.824] POST   | tests/adminTests                                                                                                         |   687 ms | Status: PASS
[2026-01-06 16:19:45.191] POST   | tests/adminTests                                                                                                         |   323 ms | Status: PASS
[2026-01-06 16:19:45.530] POST   | /carts/v2/addCart                                                                                                        |   302 ms | Status: PASS
[2026-01-06 16:19:45.799] POST   | /carts/v2/addCart                                                                                                        |   245 ms | Status: PASS
[2026-01-06 16:19:46.027] POST   | /carts/v2/addCart                                                                                                        |   141 ms | Status: PASS
[2026-01-06 16:19:46.441] GET    | /carts/v2/getCartById/db682abb-31d1-44df-bf19-557b003a5c69                                                               |   348 ms | Status: PASS
[2026-01-06 16:19:46.784] POST   | /address/addAddress                                                                                                      |   219 ms | Status: PASS
[2026-01-06 16:19:46.956] GET    | /address/getAddressByUserId/db682abb-31d1-44df-bf19-557b003a5c69                                                         |   161 ms | Status: PASS
[2026-01-06 16:19:47.930] POST   | /slot/getSlotCountByTime                                                                                                 |   503 ms | Status: PASS
[2026-01-06 16:19:48.157] POST   | /carts/v2/addCart                                                                                                        |   196 ms | Status: PASS
[2026-01-06 16:19:48.482] GET    | /carts/v2/getCartById/db682abb-31d1-44df-bf19-557b003a5c69                                                               |   304 ms | Status: PASS
[2026-01-06 16:19:52.499] POST   | /gateway/v2/VerifyPayment                                                                                                |  3951 ms | Status: FAIL (SLA Violation)
[2026-01-06 16:19:53.107] POST   | https://dev-api-yodadiagnostics.yodaprojects.com/gateway/getPaymentById                                                  |   498 ms | Status: PASS
[2026-01-06 16:19:53.834] GET    | /carts/v2/getCartById/db682abb-31d1-44df-bf19-557b003a5c69                                                               |   714 ms | Status: PASS
[2026-01-06 16:19:54.745] POST   | https://dev-api-yodadiagnostics.yodaprojects.com/phlebo/loginPhlebo                                                      |   826 ms | Status: PASS
[2026-01-06 16:19:55.839] POST   | https://dev-api-yodadiagnostics.yodaprojects.com/order_tracking/assignOrder                                              |   972 ms | Status: PASS
[2026-01-06 16:19:56.014] GET    | https://dev-api-yodadiagnostics.yodaprojects.com/order_tracking/getOrderTrackingStatus/479e4265-88a9-40ec-8e3e-1a1072890448 |   110 ms | Status: PASS
[2026-01-06 16:19:56.233] POST   | https://dev-api-yodadiagnostics.yodaprojects.com/order_tracking/updateOrderTracking                                      |   182 ms | Status: PASS
[2026-01-06 16:19:56.395] GET    | https://dev-api-yodadiagnostics.yodaprojects.com/order_tracking/getOrderTrackingStatus/479e4265-88a9-40ec-8e3e-1a1072890448 |   143 ms | Status: PASS
[2026-01-06 16:19:56.751] GET    | /order/getOrderById/0b645a07-64d8-4eb1-bd52-aa53db8db56a                                                                 |   333 ms | Status: PASS
[2026-01-06 16:19:57.349] POST   | https://dev-api-yodadiagnostics.yodaprojects.com/order_tracking/admin/verifyotp                                          |   554 ms | Status: PASS
[2026-01-06 16:19:57.534] GET    | https://dev-api-yodadiagnostics.yodaprojects.com/tests/getSampleType                                                     |   155 ms | Status: PASS
[2026-01-06 16:19:57.717] POST   | https://dev-api-yodadiagnostics.yodaprojects.com/order_tracking/updateOrderTracking                                      |   148 ms | Status: PASS
[2026-01-06 16:19:58.124] GET    | /order/getOrderById/0b645a07-64d8-4eb1-bd52-aa53db8db56a                                                                 |   377 ms | Status: PASS
[2026-01-06 16:20:45.694] POST   | /otps/getOtp                                                                                                             |  2384 ms | Status: PASS
[2026-01-06 16:20:46.159] POST   | /otps/getOtp                                                                                                             |   418 ms | Status: PASS
[2026-01-06 16:20:49.729] POST   | /tests/getlocations                                                                                                      |  1260 ms | Status: PASS
[2026-01-06 16:20:52.013] GET    | https://dev-api-yodamembership.yodaprojects.com/brand/getAllBrands                                                       |   154 ms | Status: PASS
[2026-01-06 16:20:53.937] POST   | tests/adminTests                                                                                                         |   801 ms | Status: PASS
[2026-01-06 16:20:54.442] POST   | tests/adminTests                                                                                                         |   443 ms | Status: PASS
[2026-01-06 16:20:54.689] POST   | /carts/v2/addCart                                                                                                        |   192 ms | Status: PASS
[2026-01-06 16:20:54.913] POST   | /carts/v2/addCart                                                                                                        |   189 ms | Status: PASS
[2026-01-06 16:20:55.247] POST   | /carts/v2/addCart                                                                                                        |   190 ms | Status: PASS
[2026-01-06 16:20:55.703] GET    | /carts/v2/getCartById/db682abb-31d1-44df-bf19-557b003a5c69                                                               |   382 ms | Status: PASS
[2026-01-06 16:20:56.083] POST   | /address/addAddress                                                                                                      |   173 ms | Status: PASS
[2026-01-06 16:20:56.351] GET    | /address/getAddressByUserId/db682abb-31d1-44df-bf19-557b003a5c69                                                         |   246 ms | Status: PASS
[2026-01-06 16:20:56.781] POST   | /slot/getSlotCountByTime                                                                                                 |   166 ms | Status: PASS
[2026-01-06 16:20:56.981] POST   | /carts/v2/addCart                                                                                                        |   148 ms | Status: PASS
[2026-01-06 16:20:57.306] GET    | /carts/v2/getCartById/db682abb-31d1-44df-bf19-557b003a5c69                                                               |   290 ms | Status: PASS
[2026-01-06 16:21:01.931] POST   | /gateway/v2/VerifyPayment                                                                                                |  4502 ms | Status: FAIL (SLA Violation)
[2026-01-06 16:21:02.300] POST   | https://dev-api-yodadiagnostics.yodaprojects.com/gateway/getPaymentById                                                  |   197 ms | Status: PASS
[2026-01-06 16:21:02.652] GET    | /carts/v2/getCartById/db682abb-31d1-44df-bf19-557b003a5c69                                                               |   337 ms | Status: PASS
[2026-01-06 16:21:03.395] POST   | https://dev-api-yodadiagnostics.yodaprojects.com/phlebo/loginPhlebo                                                      |   594 ms | Status: PASS
[2026-01-06 16:21:04.301] POST   | https://dev-api-yodadiagnostics.yodaprojects.com/order_tracking/assignOrder                                              |   733 ms | Status: PASS
[2026-01-06 16:21:04.617] GET    | https://dev-api-yodadiagnostics.yodaprojects.com/order_tracking/getOrderTrackingStatus/08f1a565-20c6-4088-a2af-476123b8eebd |   178 ms | Status: PASS
[2026-01-06 16:21:04.857] POST   | https://dev-api-yodadiagnostics.yodaprojects.com/order_tracking/updateOrderTracking                                      |   187 ms | Status: PASS
[2026-01-06 16:21:05.016] GET    | https://dev-api-yodadiagnostics.yodaprojects.com/order_tracking/getOrderTrackingStatus/08f1a565-20c6-4088-a2af-476123b8eebd |   138 ms | Status: PASS
[2026-01-06 16:21:05.396] GET    | /order/getOrderById/85dcb726-17b3-4091-b7c6-858c7557d04a                                                                 |   286 ms | Status: PASS
[2026-01-06 16:21:05.944] POST   | https://dev-api-yodadiagnostics.yodaprojects.com/order_tracking/admin/verifyotp                                          |   450 ms | Status: PASS
[2026-01-06 16:21:06.141] GET    | https://dev-api-yodadiagnostics.yodaprojects.com/tests/getSampleType                                                     |   142 ms | Status: PASS
[2026-01-06 16:21:06.354] POST   | https://dev-api-yodadiagnostics.yodaprojects.com/order_tracking/updateOrderTracking                                      |   171 ms | Status: PASS
[2026-01-06 16:21:06.673] GET    | /order/getOrderById/85dcb726-17b3-4091-b7c6-858c7557d04a                                                                 |   265 ms | Status: PASS
[2026-01-06 16:21:07.024] GET    | /order/getOrderById/85dcb726-17b3-4091-b7c6-858c7557d04a                                                                 |   276 ms | Status: PASS
[2026-01-06 16:21:13.128] POST   | https://dev-api-yodadiagnostics.yodaprojects.com/order/approvepayment                                                    |  5878 ms | Status: FAIL (SLA Violation)
[2026-01-06 16:21:13.893] POST   | https://dev-api-yodadiagnostics.yodaprojects.com/gateway/getPaymentById                                                  |   728 ms | Status: PASS
[2026-01-06 16:51:11.816] POST   | /otps/getOtp                                                                                                             |  1022 ms | Status: PASS
[2026-01-06 16:51:12.133] POST   | /otps/getOtp                                                                                                             |   281 ms | Status: PASS
[2026-01-06 16:51:13.864] POST   | /tests/getlocations                                                                                                      |   166 ms | Status: PASS
[2026-01-06 16:51:16.265] GET    | https://dev-api-yodamembership.yodaprojects.com/brand/getAllBrands                                                       |   365 ms | Status: PASS
[2026-01-06 16:51:17.418] POST   | tests/adminTests                                                                                                         |   529 ms | Status: PASS
[2026-01-06 16:51:17.878] POST   | tests/adminTests                                                                                                         |   393 ms | Status: PASS
[2026-01-06 16:51:18.119] POST   | /carts/v2/addCart                                                                                                        |   201 ms | Status: PASS
[2026-01-06 16:51:18.307] POST   | /carts/v2/addCart                                                                                                        |   162 ms | Status: PASS
[2026-01-06 16:51:18.596] POST   | /carts/v2/addCart                                                                                                        |   163 ms | Status: PASS
[2026-01-06 16:51:18.916] GET    | /carts/v2/getCartById/db682abb-31d1-44df-bf19-557b003a5c69                                                               |   256 ms | Status: PASS
[2026-01-06 16:51:19.311] POST   | /address/addAddress                                                                                                      |   170 ms | Status: PASS
[2026-01-06 16:51:19.471] GET    | /address/getAddressByUserId/db682abb-31d1-44df-bf19-557b003a5c69                                                         |   145 ms | Status: PASS
[2026-01-06 16:51:19.866] POST   | /slot/getSlotCountByTime                                                                                                 |   154 ms | Status: PASS
[2026-01-06 16:51:20.039] POST   | /carts/v2/addCart                                                                                                        |   140 ms | Status: PASS
[2026-01-06 16:51:20.298] GET    | /carts/v2/getCartById/db682abb-31d1-44df-bf19-557b003a5c69                                                               |   235 ms | Status: PASS
[2026-01-06 16:51:24.537] POST   | /gateway/v2/VerifyPayment                                                                                                |  4159 ms | Status: FAIL (SLA Violation)
[2026-01-06 16:51:25.557] POST   | https://dev-api-yodadiagnostics.yodaprojects.com/gateway/getPaymentById                                                  |   882 ms | Status: PASS
[2026-01-06 16:51:25.967] GET    | /carts/v2/getCartById/db682abb-31d1-44df-bf19-557b003a5c69                                                               |   394 ms | Status: PASS
[2026-01-06 16:51:26.410] POST   | https://dev-api-yodadiagnostics.yodaprojects.com/phlebo/loginPhlebo                                                      |   361 ms | Status: PASS
[2026-01-06 16:51:27.556] POST   | https://dev-api-yodadiagnostics.yodaprojects.com/order_tracking/assignOrder                                              |   994 ms | Status: PASS
[2026-01-06 16:51:28.149] GET    | https://dev-api-yodadiagnostics.yodaprojects.com/order_tracking/getOrderTrackingStatus/46407d42-c2a4-4e41-9fd4-2aecbef51a3a |   514 ms | Status: PASS
[2026-01-06 16:51:28.574] POST   | https://dev-api-yodadiagnostics.yodaprojects.com/order_tracking/updateOrderTracking                                      |   377 ms | Status: PASS
[2026-01-06 16:51:29.050] GET    | https://dev-api-yodadiagnostics.yodaprojects.com/order_tracking/getOrderTrackingStatus/46407d42-c2a4-4e41-9fd4-2aecbef51a3a |   460 ms | Status: PASS
[2026-01-06 16:51:29.632] GET    | /order/getOrderById/fd1b1bfc-cc5c-458b-b368-80122cdea76c                                                                 |   556 ms | Status: PASS
[2026-01-06 16:51:30.400] POST   | https://dev-api-yodadiagnostics.yodaprojects.com/order_tracking/admin/verifyotp                                          |   717 ms | Status: PASS
[2026-01-06 16:51:30.553] GET    | https://dev-api-yodadiagnostics.yodaprojects.com/tests/getSampleType                                                     |   113 ms | Status: PASS
[2026-01-06 16:51:30.755] POST   | https://dev-api-yodadiagnostics.yodaprojects.com/order_tracking/updateOrderTracking                                      |   169 ms | Status: PASS
[2026-01-06 16:51:31.137] GET    | /order/getOrderById/fd1b1bfc-cc5c-458b-b368-80122cdea76c                                                                 |   361 ms | Status: PASS
[2026-01-06 16:51:31.460] GET    | /order/getOrderById/fd1b1bfc-cc5c-458b-b368-80122cdea76c                                                                 |   266 ms | Status: PASS
[2026-01-06 16:51:37.352] POST   | https://dev-api-yodadiagnostics.yodaprojects.com/order/approvepayment                                                    |  5751 ms | Status: FAIL (SLA Violation)
[2026-01-06 16:51:37.850] POST   | https://dev-api-yodadiagnostics.yodaprojects.com/gateway/getPaymentById                                                  |   471 ms | Status: PASS
[2026-01-06 18:40:35.036] POST   | /otps/getOtp                                                                                                             |   113 ms | Status: PASS
[2026-01-06 18:40:35.357] POST   | /otps/getOtp                                                                                                             |   312 ms | Status: PASS
[2026-01-06 18:40:35.662] POST   | /tests/getlocations                                                                                                      |   248 ms | Status: PASS
[2026-01-06 18:40:36.446] GET    | https://dev-api-yodamembership.yodaprojects.com/brand/getAllBrands                                                       |   123 ms | Status: PASS
[2026-01-06 18:40:36.945] POST   | tests/adminTests                                                                                                         |   479 ms | Status: PASS
[2026-01-06 18:40:37.561] POST   | tests/adminTests                                                                                                         |   594 ms | Status: PASS
[2026-01-06 18:40:37.688] POST   | /carts/v2/addCart                                                                                                        |   113 ms | Status: PASS
[2026-01-06 18:40:38.075] POST   | /carts/v2/addCart                                                                                                        |   378 ms | Status: PASS
[2026-01-06 18:40:38.566] GET    | /carts/v2/getCartById/db682abb-31d1-44df-bf19-557b003a5c69                                                               |   449 ms | Status: PASS
[2026-01-06 18:40:38.733] POST   | /address/addAddress                                                                                                      |   121 ms | Status: PASS
[2026-01-06 18:40:38.964] GET    | /address/getAddressByUserId/db682abb-31d1-44df-bf19-557b003a5c69                                                         |   223 ms | Status: PASS
[2026-01-06 18:40:39.369] POST   | /slot/getSlotCountByTime                                                                                                 |   305 ms | Status: PASS
[2026-01-06 18:40:39.519] POST   | /carts/v2/addCart                                                                                                        |   133 ms | Status: PASS
[2026-01-06 18:40:39.858] GET    | /carts/v2/getCartById/db682abb-31d1-44df-bf19-557b003a5c69                                                               |   328 ms | Status: PASS
[2026-01-06 18:40:44.302] POST   | /gateway/v2/VerifyPayment                                                                                                |  4407 ms | Status: FAIL (SLA Violation)
[2026-01-06 18:40:44.613] POST   | https://dev-api-yodadiagnostics.yodaprojects.com/gateway/getPaymentById                                                  |   265 ms | Status: PASS
[2026-01-06 18:40:44.745] GET    | /carts/v2/getCartById/db682abb-31d1-44df-bf19-557b003a5c69                                                               |   126 ms | Status: PASS
[2026-01-06 18:40:45.622] POST   | https://dev-api-yodadiagnostics.yodaprojects.com/phlebo/loginPhlebo                                                      |   833 ms | Status: PASS
[2026-01-06 18:40:46.528] POST   | https://dev-api-yodadiagnostics.yodaprojects.com/order_tracking/assignOrder                                              |   838 ms | Status: PASS
[2026-01-06 18:40:46.658] GET    | https://dev-api-yodadiagnostics.yodaprojects.com/order_tracking/getOrderTrackingStatus/45bf1db3-969b-4219-9e5c-9c982b666e15 |    97 ms | Status: PASS
[2026-01-06 18:40:46.833] POST   | https://dev-api-yodadiagnostics.yodaprojects.com/order_tracking/updateOrderTracking                                      |   160 ms | Status: PASS
[2026-01-06 18:40:46.937] GET    | https://dev-api-yodadiagnostics.yodaprojects.com/order_tracking/getOrderTrackingStatus/45bf1db3-969b-4219-9e5c-9c982b666e15 |    97 ms | Status: PASS
[2026-01-06 18:40:47.557] GET    | /order/getOrderById/74167c07-e6cf-4cc5-9cb9-7a05a65ddf5d                                                                 |   613 ms | Status: PASS
[2026-01-06 18:40:48.304] POST   | https://dev-api-yodadiagnostics.yodaprojects.com/order_tracking/admin/verifyotp                                          |   724 ms | Status: PASS
[2026-01-06 18:40:48.590] GET    | https://dev-api-yodadiagnostics.yodaprojects.com/tests/getSampleType                                                     |   269 ms | Status: PASS
[2026-01-06 18:40:48.760] POST   | https://dev-api-yodadiagnostics.yodaprojects.com/order_tracking/updateOrderTracking                                      |   154 ms | Status: PASS
[2026-01-06 18:40:49.340] GET    | /order/getOrderById/74167c07-e6cf-4cc5-9cb9-7a05a65ddf5d                                                                 |   565 ms | Status: PASS
[2026-01-06 18:40:49.768] GET    | /order/getOrderById/74167c07-e6cf-4cc5-9cb9-7a05a65ddf5d                                                                 |   398 ms | Status: PASS
[2026-01-06 18:40:55.898] POST   | https://dev-api-yodadiagnostics.yodaprojects.com/order/approvepayment                                                    |  6080 ms | Status: FAIL (SLA Violation)
[2026-01-06 18:40:56.084] POST   | https://dev-api-yodadiagnostics.yodaprojects.com/gateway/getPaymentById                                                  |   152 ms | Status: PASS
[2026-01-06 18:46:52.019] POST   | /otps/getOtp                                                                                                             |   143 ms | Status: PASS
[2026-01-06 18:46:52.313] POST   | /otps/getOtp                                                                                                             |   289 ms | Status: PASS
[2026-01-06 18:46:52.488] POST   | /tests/getlocations                                                                                                      |   104 ms | Status: PASS
[2026-01-06 18:46:53.205] GET    | https://dev-api-yodamembership.yodaprojects.com/brand/getAllBrands                                                       |   130 ms | Status: PASS
[2026-01-06 18:46:53.882] POST   | tests/adminTests                                                                                                         |   658 ms | Status: PASS
[2026-01-06 18:46:54.613] POST   | tests/adminTests                                                                                                         |   717 ms | Status: PASS
[2026-01-06 18:46:54.749] POST   | /carts/v2/addCart                                                                                                        |   125 ms | Status: PASS
[2026-01-06 18:46:55.012] POST   | /carts/v2/addCart                                                                                                        |   256 ms | Status: PASS
[2026-01-06 18:46:55.575] GET    | /carts/v2/getCartById/db682abb-31d1-44df-bf19-557b003a5c69                                                               |   527 ms | Status: PASS
[2026-01-06 18:46:55.753] POST   | /address/addAddress                                                                                                      |   127 ms | Status: PASS
[2026-01-06 18:46:55.889] GET    | /address/getAddressByUserId/db682abb-31d1-44df-bf19-557b003a5c69                                                         |   132 ms | Status: PASS
[2026-01-06 18:46:56.333] POST   | /slot/getSlotCountByTime                                                                                                 |   348 ms | Status: PASS
[2026-01-06 18:46:56.512] POST   | /carts/v2/addCart                                                                                                        |   164 ms | Status: PASS
[2026-01-06 18:46:57.287] GET    | /carts/v2/getCartById/db682abb-31d1-44df-bf19-557b003a5c69                                                               |   768 ms | Status: PASS
[2026-01-06 18:47:03.088] POST   | /gateway/v2/VerifyPayment                                                                                                |  5772 ms | Status: FAIL (SLA Violation)
[2026-01-06 18:47:03.248] POST   | https://dev-api-yodadiagnostics.yodaprojects.com/gateway/getPaymentById                                                  |   118 ms | Status: PASS
[2026-01-06 18:47:03.380] GET    | /carts/v2/getCartById/db682abb-31d1-44df-bf19-557b003a5c69                                                               |   126 ms | Status: PASS
[2026-01-06 18:47:03.926] POST   | https://dev-api-yodadiagnostics.yodaprojects.com/phlebo/loginPhlebo                                                      |   485 ms | Status: PASS
[2026-01-06 18:47:05.105] POST   | https://dev-api-yodadiagnostics.yodaprojects.com/order_tracking/assignOrder                                              |  1094 ms | Status: PASS
[2026-01-06 18:47:05.261] GET    | https://dev-api-yodadiagnostics.yodaprojects.com/order_tracking/getOrderTrackingStatus/d8535d9b-1bd3-480d-9444-63b8075bb7ce |   114 ms | Status: PASS
[2026-01-06 18:47:05.761] POST   | https://dev-api-yodadiagnostics.yodaprojects.com/order_tracking/updateOrderTracking                                      |   483 ms | Status: PASS
[2026-01-06 18:47:05.888] GET    | https://dev-api-yodadiagnostics.yodaprojects.com/order_tracking/getOrderTrackingStatus/d8535d9b-1bd3-480d-9444-63b8075bb7ce |   119 ms | Status: PASS
[2026-01-06 18:47:06.278] GET    | /order/getOrderById/bd65b76f-a61e-4499-9e0f-f3a7bdd38ee6                                                                 |   378 ms | Status: PASS
[2026-01-06 18:47:07.019] POST   | https://dev-api-yodadiagnostics.yodaprojects.com/order_tracking/admin/verifyotp                                          |   710 ms | Status: PASS
[2026-01-06 18:47:07.410] GET    | https://dev-api-yodadiagnostics.yodaprojects.com/tests/getSampleType                                                     |   374 ms | Status: PASS
[2026-01-06 18:47:07.565] POST   | https://dev-api-yodadiagnostics.yodaprojects.com/order_tracking/updateOrderTracking                                      |   129 ms | Status: PASS
[2026-01-06 18:47:08.267] GET    | /order/getOrderById/bd65b76f-a61e-4499-9e0f-f3a7bdd38ee6                                                                 |   685 ms | Status: PASS
[2026-01-06 18:47:08.950] GET    | /order/getOrderById/bd65b76f-a61e-4499-9e0f-f3a7bdd38ee6                                                                 |   654 ms | Status: PASS
[2026-01-06 18:47:14.718] POST   | https://dev-api-yodadiagnostics.yodaprojects.com/order/approvepayment                                                    |  5716 ms | Status: FAIL (SLA Violation)
[2026-01-06 18:47:14.871] POST   | https://dev-api-yodadiagnostics.yodaprojects.com/gateway/getPaymentById                                                  |   123 ms | Status: PASS
[2026-01-06 19:01:51.698] POST   | /otps/getOtp                                                                                                             |   264 ms | Status: PASS
[2026-01-06 19:01:52.066] POST   | /otps/getOtp                                                                                                             |   363 ms | Status: PASS
[2026-01-06 19:01:52.330] POST   | /tests/getlocations                                                                                                      |   158 ms | Status: PASS
[2026-01-06 19:01:53.319] GET    | https://dev-api-yodamembership.yodaprojects.com/brand/getAllBrands                                                       |   248 ms | Status: PASS
[2026-01-06 19:01:54.264] POST   | tests/adminTests                                                                                                         |   930 ms | Status: PASS
[2026-01-06 19:01:54.868] POST   | tests/adminTests                                                                                                         |   581 ms | Status: PASS
[2026-01-06 19:01:55.178] POST   | /carts/v2/addCart                                                                                                        |   292 ms | Status: PASS
[2026-01-06 19:01:55.485] POST   | /carts/v2/addCart                                                                                                        |   301 ms | Status: PASS
[2026-01-06 19:01:56.316] GET    | /carts/v2/getCartById/db682abb-31d1-44df-bf19-557b003a5c69                                                               |   778 ms | Status: PASS
[2026-01-06 19:01:56.507] POST   | /address/addAddress                                                                                                      |   143 ms | Status: PASS
[2026-01-06 19:01:56.683] GET    | /address/getAddressByUserId/db682abb-31d1-44df-bf19-557b003a5c69                                                         |   172 ms | Status: PASS
[2026-01-06 19:01:57.024] POST   | /slot/getSlotCountByTime                                                                                                 |   286 ms | Status: PASS
[2026-01-06 19:01:57.460] POST   | /carts/v2/addCart                                                                                                        |   414 ms | Status: PASS
[2026-01-06 19:01:58.253] GET    | /carts/v2/getCartById/db682abb-31d1-44df-bf19-557b003a5c69                                                               |   780 ms | Status: PASS
[2026-01-06 19:02:03.408] POST   | /gateway/v2/VerifyPayment                                                                                                |  5123 ms | Status: FAIL (SLA Violation)
[2026-01-06 19:02:03.652] POST   | https://dev-api-yodadiagnostics.yodaprojects.com/gateway/getPaymentById                                                  |   182 ms | Status: PASS
[2026-01-06 19:02:03.772] GET    | /carts/v2/getCartById/db682abb-31d1-44df-bf19-557b003a5c69                                                               |   115 ms | Status: PASS
[2026-01-06 19:02:04.533] POST   | https://dev-api-yodadiagnostics.yodaprojects.com/phlebo/loginPhlebo                                                      |   709 ms | Status: PASS
[2026-01-06 19:02:05.859] POST   | https://dev-api-yodadiagnostics.yodaprojects.com/order_tracking/assignOrder                                              |  1265 ms | Status: PASS
[2026-01-06 19:02:06.166] GET    | https://dev-api-yodadiagnostics.yodaprojects.com/order_tracking/getOrderTrackingStatus/fc72b525-0066-4170-a0e9-f6c0bf8c059b |   260 ms | Status: PASS
[2026-01-06 19:02:06.352] POST   | https://dev-api-yodadiagnostics.yodaprojects.com/order_tracking/updateOrderTracking                                      |   156 ms | Status: PASS
[2026-01-06 19:02:06.481] GET    | https://dev-api-yodadiagnostics.yodaprojects.com/order_tracking/getOrderTrackingStatus/fc72b525-0066-4170-a0e9-f6c0bf8c059b |   109 ms | Status: PASS
[2026-01-06 19:02:07.135] GET    | /order/getOrderById/aa987d73-8a2e-4c26-805c-24d32d359331                                                                 |   636 ms | Status: PASS
[2026-01-06 19:02:07.748] POST   | https://dev-api-yodadiagnostics.yodaprojects.com/order_tracking/admin/verifyotp                                          |   589 ms | Status: PASS
[2026-01-06 19:02:07.896] GET    | https://dev-api-yodadiagnostics.yodaprojects.com/tests/getSampleType                                                     |   126 ms | Status: PASS
[2026-01-06 19:02:08.058] POST   | https://dev-api-yodadiagnostics.yodaprojects.com/order_tracking/updateOrderTracking                                      |   143 ms | Status: PASS
[2026-01-06 19:02:08.682] GET    | /order/getOrderById/aa987d73-8a2e-4c26-805c-24d32d359331                                                                 |   591 ms | Status: PASS
[2026-01-06 19:02:09.166] GET    | /order/getOrderById/aa987d73-8a2e-4c26-805c-24d32d359331                                                                 |   460 ms | Status: PASS
[2026-01-06 19:02:15.117] POST   | https://dev-api-yodadiagnostics.yodaprojects.com/order/approvepayment                                                    |  5895 ms | Status: FAIL (SLA Violation)
[2026-01-06 19:02:15.346] POST   | https://dev-api-yodadiagnostics.yodaprojects.com/gateway/getPaymentById                                                  |   199 ms | Status: PASS
[2026-01-07 18:02:09.953] POST   | /otps/getOtp                                                                                                             |   254 ms | Status: PASS
[2026-01-07 18:02:10.129] POST   | /otps/getOtp                                                                                                             |   161 ms | Status: PASS
[2026-01-07 18:02:10.310] POST   | /tests/getlocations                                                                                                      |   120 ms | Status: PASS
[2026-01-07 18:02:10.919] GET    | https://dev-api-yodamembership.yodaprojects.com/brand/getAllBrands                                                       |   106 ms | Status: PASS
[2026-01-07 18:02:11.269] POST   | tests/adminTests                                                                                                         |   334 ms | Status: PASS
[2026-01-07 18:02:11.575] POST   | tests/adminTests                                                                                                         |   284 ms | Status: PASS
[2026-01-07 18:02:11.738] POST   | /carts/v2/addCart                                                                                                        |   137 ms | Status: PASS
[2026-01-07 18:02:11.879] POST   | /carts/v2/addCart                                                                                                        |   127 ms | Status: PASS
[2026-01-07 18:02:12.264] GET    | /carts/v2/getCartById/db682abb-31d1-44df-bf19-557b003a5c69                                                               |   334 ms | Status: PASS
[2026-01-07 18:02:14.566] POST   | /address/addAddress                                                                                                      |  2264 ms | Status: PASS
[2026-01-07 18:02:14.772] GET    | /address/getAddressByUserId/db682abb-31d1-44df-bf19-557b003a5c69                                                         |   197 ms | Status: PASS
[2026-01-07 18:02:14.987] POST   | /slot/getSlotCountByTime                                                                                                 |   154 ms | Status: PASS
[2026-01-07 18:02:15.188] POST   | /carts/v2/addCart                                                                                                        |   188 ms | Status: PASS
[2026-01-07 18:02:15.547] GET    | /carts/v2/getCartById/db682abb-31d1-44df-bf19-557b003a5c69                                                               |   345 ms | Status: PASS
[2026-01-07 18:02:17.245] POST   | /gateway/v2/VerifyPayment                                                                                                |  1653 ms | Status: PASS
[2026-01-07 18:02:17.433] POST   | https://dev-api-yodadiagnostics.yodaprojects.com/gateway/getPaymentById                                                  |   142 ms | Status: PASS
[2026-01-07 18:02:17.569] GET    | /carts/v2/getCartById/db682abb-31d1-44df-bf19-557b003a5c69                                                               |   131 ms | Status: PASS
[2026-01-07 18:02:18.017] POST   | https://dev-api-yodadiagnostics.yodaprojects.com/phlebo/loginPhlebo                                                      |   382 ms | Status: PASS
[2026-01-07 18:02:18.679] POST   | https://dev-api-yodadiagnostics.yodaprojects.com/order_tracking/assignOrder                                              |   592 ms | Status: PASS
[2026-01-07 18:02:18.839] GET    | https://dev-api-yodadiagnostics.yodaprojects.com/order_tracking/getOrderTrackingStatus/0fb38d11-4922-41ff-99cf-254498e5e149 |   114 ms | Status: PASS
[2026-01-07 18:02:19.015] POST   | https://dev-api-yodadiagnostics.yodaprojects.com/order_tracking/updateOrderTracking                                      |   158 ms | Status: PASS
[2026-01-07 18:02:19.140] GET    | https://dev-api-yodadiagnostics.yodaprojects.com/order_tracking/getOrderTrackingStatus/0fb38d11-4922-41ff-99cf-254498e5e149 |   109 ms | Status: PASS
[2026-01-07 18:02:19.490] GET    | /order/getOrderById/224524f5-7756-484c-95ae-6e65b58e3919                                                                 |   330 ms | Status: PASS
[2026-01-07 18:02:19.968] POST   | https://dev-api-yodadiagnostics.yodaprojects.com/order_tracking/admin/verifyotp                                          |   440 ms | Status: PASS
[2026-01-07 18:02:21.651] GET    | https://dev-api-yodadiagnostics.yodaprojects.com/tests/getSampleType                                                     |  1666 ms | Status: PASS
[2026-01-07 18:02:21.814] POST   | https://dev-api-yodadiagnostics.yodaprojects.com/order_tracking/updateOrderTracking                                      |   141 ms | Status: PASS
[2026-01-07 18:02:22.129] GET    | /order/getOrderById/224524f5-7756-484c-95ae-6e65b58e3919                                                                 |   293 ms | Status: PASS
[2026-01-07 18:02:22.627] GET    | /order/getOrderById/224524f5-7756-484c-95ae-6e65b58e3919                                                                 |   460 ms | Status: PASS
[2026-01-07 18:02:28.090] POST   | https://dev-api-yodadiagnostics.yodaprojects.com/order/approvepayment                                                    |  5403 ms | Status: FAIL (SLA Violation)
[2026-01-07 18:02:28.247] POST   | https://dev-api-yodadiagnostics.yodaprojects.com/gateway/getPaymentById                                                  |   129 ms | Status: PASS
